event_id,email,campaign_id,action,url_clicked,timestamp
29c19a0f-6fe2-4245-bc91-a4c7f251c646,danielle.johnson@shell.com,CMP_LIVE_HYDROGEN_INFRASTRUCTURE,Open,https://example.com?utm_source=mailchimp&utm_campaign=email-hydrogen_infrastructure-2,2025-11-01 01:50:41.971412
a4ac4600-45b2-4e05-b8af-c19c9e77c65e,danielle.johnson@shell.com,CMP_LIVE_HYDROGEN_INFRASTRUCTURE,Click,https://example.com?utm_source=mailchimp&utm_campaign=email-hydrogen_infrastructure-2,2025-11-01 01:53:12.971412
bdae5a66-99de-46fa-8493-e1171c6ba792,danielle.johnson@shell.com,CMP_LIVE_HYDROGEN_INFRASTRUCTURE,Open,https://example.com?utm_source=mailchimp&utm_campaign=email-hydrogen_infrastructure-3,2026-01-10 14:24:16.971412
1295df1e-a62f-44ec-b9c3-ffb4f15415b5,danielle.johnson@shell.com,CMP_LIVE_HYDROGEN_INFRASTRUCTURE,Open,https://example.com?utm_source=mailchimp&utm_campaign=email-hydrogen_infrastructure-3,2026-01-11 02:24:16.971412
500bf212-8c72-460d-8e9a-c0f7435e7ac2,danielle.johnson@shell.com,CMP_LIVE_HYDROGEN_INFRASTRUCTURE,Open,https://example.com?utm_source=mailchimp&utm_campaign=email-hydrogen_infrastructure-3,2026-01-11 08:24:16.971412
cb92d021-5643-4439-b560-2c7ae825b343,danielle.johnson@shell.com,CMP_LIVE_HYDROGEN_INFRASTRUCTURE,Open,https://example.com?utm_source=mailchimp&utm_campaign=email-hydrogen_infrastructure-4,2026-03-17 13:54:50.971412
634d638e-5fd3-4ad1-8921-41dae39538b1,danielle.johnson@shell.com,CMP_LIVE_HYDROGEN_INFRASTRUCTURE,Open,https://example.com?utm_source=mailchimp&utm_campaign=email-hydrogen_infrastructure-4,2026-03-19 11:54:50.971412
3e858210-6c30-4448-8771-5b26334f655b,danielle.johnson@shell.com,CMP_LIVE_HYDROGEN_INFRASTRUCTURE,Click,https://example.com?utm_source=mailchimp&utm_campaign=email-hydrogen_infrastructure-4,2026-03-17 13:56:24.971412
92e22217-7ae7-4a32-a295-4fabada37bb4,joshua.walker@shell.com,CMP_LIVE_HYDROGEN_INFRASTRUCTURE,Open,https://example.com?utm_source=mailchimp&utm_campaign=email-hydrogen_infrastructure-8,2026-08-29 02:37:24.971412
a1bade10-bd28-4114-bee4-460aae65b92b,jill.rhodes@shell.com,CMP_PAST_ASSET_OPTIMIZATION,Open,https://example.com?utm_source=mailchimp&utm_campaign=email-asset_optimization-1,2025-03-20 05:07:50.971412
94edc73a-7c63-4543-a672-a1ffc247747f,jill.rhodes@shell.com,CMP_PAST_ASSET_OPTIMIZATION,Click,https://example.com?utm_source=mailchimp&utm_campaign=email-asset_optimization-1,2025-03-20 05:08:28.971412
6331b753-5362-40f6-a229-b2b2eaef1460,robert.johnson@shell.com,CMP_LIVE_DIGITAL_TWIN,Open,https://example.com?utm_source=mailchimp&utm_campaign=email-digital_twin-1,2025-12-16 01:47:36.971412
b2d74e11-8306-4acb-8a7f-142344a1bdeb,jeffery.wagner@shell.com,CMP_PAST_ASSET_OPTIMIZATION,Open,https://example.com?utm_source=mailchimp&utm_campaign=email-asset_optimization-4,2025-08-25 11:28:14.971412
5bad9f5c-bde1-4d39-8d8a-5eafb57f1a1f,jeffery.wagner@shell.com,CMP_PAST_ASSET_OPTIMIZATION,Open,https://example.com?utm_source=mailchimp&utm_campaign=email-asset_optimization-3,2025-06-23 00:59:12.971412
9b1ab4f3-2815-40ef-b21e-baada7eda18d,jeffery.wagner@shell.com,CMP_PAST_ASSET_OPTIMIZATION,Open,https://example.com?utm_source=mailchimp&utm_campaign=email-asset_optimization-3,2025-06-23 06:59:12.971412
2578ca6e-95bf-4a18-8dfe-b0e8d07459c0,jeffery.wagner@shell.com,CMP_PAST_ASSET_OPTIMIZATION,Open,https://example.com?utm_source=mailchimp&utm_campaign=email-asset_optimization-3,2025-06-23 02:59:12.971412
da4dc69e-4540-4c95-8b65-3d21963fedb0,jeffery.wagner@shell.com,CMP_PAST_ASSET_OPTIMIZATION,Open,https://example.com?utm_source=mailchimp&utm_campaign=email-asset_optimization-2,2025-05-02 07:43:42.971412
d8c14629-ba5d-4cc9-ac58-cafdbf86cbba,anthony.gonzalez@shell.com,CMP_LIVE_DIGITAL_TWIN,Open,https://example.com?utm_source=mailchimp&utm_campaign=email-digital_twin-1,2025-12-16 01:47:12.971412
73a8e364-3f60-48dc-9f3c-5f52d5383f06,anthony.gonzalez@shell.com,CMP_LIVE_DIGITAL_TWIN,Open,https://example.com?utm_source=mailchimp&utm_campaign=email-digital_twin-1,2025-12-17 19:47:12.971412
4658dcb4-caec-4eff-9de0-e9de59fcd547,debra.gardner@shell.com,CMP_LIVE_DIGITAL_TWIN,Open,https://example.com?utm_source=mailchimp&utm_campaign=email-digital_twin-1,2025-12-16 01:49:16.971412
1515ac51-28f7-4e88-afe4-a695ec275d37,debra.gardner@shell.com,CMP_LIVE_DIGITAL_TWIN,Open,https://example.com?utm_source=mailchimp&utm_campaign=email-digital_twin-1,2025-12-16 12:49:16.971412
511b82d0-e924-4f35-8495-096c9250ad36,debra.gardner@shell.com,CMP_LIVE_DIGITAL_TWIN,Open,https://example.com?utm_source=mailchimp&utm_campaign=email-digital_twin-6,2026-08-30 00:09:15.971412
16dd85cd-f000-4897-b3ff-7a4c0d224cec,debra.gardner@shell.com,CMP_LIVE_DIGITAL_TWIN,Click,https://example.com?utm_source=mailchimp&utm_campaign=email-digital_twin-6,2026-08-30 00:11:03.971412
960ecd58-ad2d-4992-8881-6359e467f650,lisa.smith@shell.com,CMP_PAST_ASSET_OPTIMIZATION,Open,https://example.com?utm_source=mailchimp&utm_campaign=email-asset_optimization-2,2025-05-02 07:15:33.971412
e4cab86f-f4d4-496b-94af-5df7496e56bf,lisa.smith@shell.com,CMP_PAST_ASSET_OPTIMIZATION,Open,https://example.com?utm_source=mailchimp&utm_campaign=email-asset_optimization-2,2025-05-02 15:15:33.971412
20187ed9-74bd-44a2-81da-9c9ca3e83836,lisa.smith@shell.com,CMP_PAST_ASSET_OPTIMIZATION,Open,https://example.com?utm_source=mailchimp&utm_campaign=email-asset_optimization-4,2025-09-21 02:15:41.971412
bb2a735c-61c9-4f88-a0fd-89cd2a3b6d6e,linda.wolfe@shell.com,CMP_PAST_ASSET_OPTIMIZATION,Open,https://example.com?utm_source=mailchimp&utm_campaign=email-asset_optimization-6,2025-11-19 03:24:52.971412
b58f68c0-ce40-4935-bd5b-d201c65b7d11,linda.wolfe@shell.com,CMP_PAST_ASSET_OPTIMIZATION,Open,https://example.com?utm_source=mailchimp&utm_campaign=email-asset_optimization-3,2025-06-24 01:12:56.971412
dba556b4-9d69-467a-8403-d51f42789d6a,linda.wolfe@shell.com,CMP_PAST_ASSET_OPTIMIZATION,Open,https://example.com?utm_source=mailchimp&utm_campaign=email-asset_optimization-3,2025-06-24 23:12:56.971412
e46ab151-ebe7-4ef6-882d-9fd3a7a2d102,linda.wolfe@shell.com,CMP_PAST_ASSET_OPTIMIZATION,Open,https://example.com?utm_source=mailchimp&utm_campaign=email-asset_optimization-2,2025-05-08 12:48:11.971412
e0f53e1c-0362-4d25-b999-611e59960d54,christopher.davis@shell.com,CMP_PAST_SUSTAINABLE_ENGINEERING,Open,https://example.com?utm_source=mailchimp&utm_campaign=email-sustainable_engineering-1,2025-07-10 15:32:22.971412
a0985f99-4317-4d0f-bab6-9ea16d203a9a,christopher.davis@shell.com,CMP_PAST_SUSTAINABLE_ENGINEERING,Open,https://example.com?utm_source=mailchimp&utm_campaign=email-sustainable_engineering-1,2025-07-10 23:32:22.971412
dcd73637-3ad5-49a5-8f49-9c2252e05d0b,christopher.davis@shell.com,CMP_PAST_SUSTAINABLE_ENGINEERING,Open,https://example.com?utm_source=mailchimp&utm_campaign=email-sustainable_engineering-6,2026-02-24 17:33:32.971412
d1b1fd5d-9f39-4eff-9eae-f87d1401f84d,christopher.davis@shell.com,CMP_PAST_SUSTAINABLE_ENGINEERING,Open,https://example.com?utm_source=mailchimp&utm_campaign=email-sustainable_engineering-6,2026-02-25 23:33:32.971412
173f9321-15c0-42e8-bb94-6423898363ff,christopher.davis@shell.com,CMP_PAST_SUSTAINABLE_ENGINEERING,Open,https://example.com?utm_source=mailchimp&utm_campaign=email-sustainable_engineering-6,2026-02-26 10:33:32.971412
2f89d3c0-7d59-4487-9ca6-1f1587aae4c8,christopher.davis@shell.com,CMP_PAST_SUSTAINABLE_ENGINEERING,Open,https://example.com?utm_source=mailchimp&utm_campaign=email-sustainable_engineering-4,2025-12-03 13:15:00.971412
aa448252-e9c5-46ca-917d-353e9f9f8a95,melanie.munoz@shell.com,CMP_PAST_SUSTAINABLE_ENGINEERING,Open,https://example.com?utm_source=mailchimp&utm_campaign=email-sustainable_engineering-4,2025-11-18 01:47:12.971412
b14f98be-67c5-44cf-9743-2953b52eb41c,lindsay.blair@shell.com,CMP_PAST_SUSTAINABLE_ENGINEERING,Open,https://example.com?utm_source=mailchimp&utm_campaign=email-sustainable_engineering-1,2025-06-12 01:50:25.971412
883586bf-f315-438b-a61d-307d14391820,amanda.dudley@shell.com,CMP_LIVE_HYDROGEN_INFRASTRUCTURE,Open,https://example.com?utm_source=mailchimp&utm_campaign=email-hydrogen_infrastructure-2,2025-11-17 13:02:30.971412
c1bde340-246e-478e-a390-6d8eabc97706,amanda.dudley@shell.com,CMP_LIVE_HYDROGEN_INFRASTRUCTURE,Open,https://example.com?utm_source=mailchimp&utm_campaign=email-hydrogen_infrastructure-4,2026-02-17 00:30:01.971412
261ef143-0241-4055-9251-63735847c8fc,amanda.dudley@shell.com,CMP_LIVE_HYDROGEN_INFRASTRUCTURE,Open,https://example.com?utm_source=mailchimp&utm_campaign=email-hydrogen_infrastructure-4,2026-02-18 02:30:01.971412
d903e14b-e737-4713-8d02-66058e7a437e,amanda.dudley@shell.com,CMP_LIVE_HYDROGEN_INFRASTRUCTURE,Open,https://example.com?utm_source=mailchimp&utm_campaign=email-hydrogen_infrastructure-4,2026-02-18 03:30:01.971412
bf13954c-092e-4aa9-b255-fa9f346e33b0,amanda.dudley@shell.com,CMP_LIVE_HYDROGEN_INFRASTRUCTURE,Open,https://example.com?utm_source=mailchimp&utm_campaign=email-hydrogen_infrastructure-8,2026-08-30 08:58:33.971412
faedf9c0-0510-4eb6-81fa-ce1445dae0fb,amanda.dudley@shell.com,CMP_LIVE_HYDROGEN_INFRASTRUCTURE,Open,https://example.com?utm_source=mailchimp&utm_campaign=email-hydrogen_infrastructure-5,2026-04-07 16:46:59.971412
c328f60c-fcff-4278-9635-87477b0d83f1,amanda.dudley@shell.com,CMP_LIVE_HYDROGEN_INFRASTRUCTURE,Open,https://example.com?utm_source=mailchimp&utm_campaign=email-hydrogen_infrastructure-5,2026-04-07 22:46:59.971412
9dadc633-d7e9-4f59-b25d-fb61e23ec717,amanda.dudley@shell.com,CMP_LIVE_HYDROGEN_INFRASTRUCTURE,Open,https://example.com?utm_source=mailchimp&utm_campaign=email-hydrogen_infrastructure-3,2026-01-03 16:37:50.971412
cb64b32d-b001-4d11-b2c8-6d786b2096ae,amanda.dudley@shell.com,CMP_LIVE_HYDROGEN_INFRASTRUCTURE,Open,https://example.com?utm_source=mailchimp&utm_campaign=email-hydrogen_infrastructure-3,2026-01-05 11:37:50.971412
c16192e7-179d-476d-90e4-5cf9d84bf158,amanda.dudley@shell.com,CMP_LIVE_HYDROGEN_INFRASTRUCTURE,Click,https://example.com?utm_source=mailchimp&utm_campaign=email-hydrogen_infrastructure-3,2026-01-03 16:40:22.971412
5f5d004c-fb14-4076-8d13-757aea13bf6c,amanda.dudley@shell.com,CMP_LIVE_HYDROGEN_INFRASTRUCTURE,Open,https://example.com?utm_source=mailchimp&utm_campaign=email-hydrogen_infrastructure-6,2026-06-02 16:39:43.971412
5addcdb0-a072-49ee-b6c7-bac3e826ca79,amanda.dudley@shell.com,CMP_LIVE_HYDROGEN_INFRASTRUCTURE,Open,https://example.com?utm_source=mailchimp&utm_campaign=email-hydrogen_infrastructure-6,2026-06-03 11:39:43.971412
2487f549-760f-4de3-ae71-cf0a3586b720,nicholas.arnold@shell.com,CMP_LIVE_HYDROGEN_INFRASTRUCTURE,Open,https://example.com?utm_source=mailchimp&utm_campaign=email-hydrogen_infrastructure-6,2026-06-01 08:23:33.971412
cb4200d0-3ef8-4d57-af65-87e55d7e0ce9,nicholas.arnold@shell.com,CMP_LIVE_HYDROGEN_INFRASTRUCTURE,Open,https://example.com?utm_source=mailchimp&utm_campaign=email-hydrogen_infrastructure-5,2026-05-10 10:17:57.971412
3ab69039-0032-43eb-9907-8a2d143f61fc,nicholas.arnold@shell.com,CMP_LIVE_HYDROGEN_INFRASTRUCTURE,Open,https://example.com?utm_source=mailchimp&utm_campaign=email-hydrogen_infrastructure-3,2026-01-13 01:21:03.971412
70bc9ab6-9115-4d92-83bc-a6bf6cdb26e3,nicholas.arnold@shell.com,CMP_LIVE_HYDROGEN_INFRASTRUCTURE,Click,https://example.com?utm_source=mailchimp&utm_campaign=email-hydrogen_infrastructure-3,2026-01-13 01:21:48.971412
0407c57c-2a7c-41b2-820a-507182c1b18f,maria.montgomery@shell.com,CMP_LIVE_DECARBONIZATION_25_26,Open,https://example.com?utm_source=mailchimp&utm_campaign=email-live_decarbonization_25_26-4,2026-09-08 01:47:21.971412
aab1a135-0f7b-4ccc-a488-bda1f6892de3,maria.montgomery@shell.com,CMP_LIVE_DECARBONIZATION_25_26,Click,https://example.com?utm_source=mailchimp&utm_campaign=email-live_decarbonization_25_26-4,2026-09-08 01:47:12.971412
a4f4719f-4011-43dd-a079-fa03cfc9ec6e,michelle.ray@shell.com,CMP_LIVE_HYDROGEN_INFRASTRUCTURE,Open,https://example.com?utm_source=mailchimp&utm_campaign=email-hydrogen_infrastructure-4,2026-02-28 08:47:36.971412
bd746267-82b4-4704-8d3e-b4a60a34934b,janet.williams@shell.com,CMP_LIVE_HYDROGEN_INFRASTRUCTURE,Open,https://example.com?utm_source=mailchimp&utm_campaign=email-hydrogen_infrastructure-1,2025-09-26 06:57:36.971412
dc6197d5-3f4a-46bd-a85e-a83e9997e156,janet.williams@shell.com,CMP_LIVE_HYDROGEN_INFRASTRUCTURE,Open,https://example.com?utm_source=mailchimp&utm_campaign=email-hydrogen_infrastructure-1,2025-09-26 21:57:36.971412
e77cf8ae-aed0-4c6f-a3e9-ac20ae41bc9d,jeremy.roberts@shell.com,CMP_LIVE_DECARBONIZATION_25_26,Open,https://example.com?utm_source=mailchimp&utm_campaign=email-live_decarbonization_25_26-4,2026-09-08 01:47:14.971412
6313a5df-d8af-4b34-a7c2-1686b1f16739,jeremy.roberts@shell.com,CMP_LIVE_DECARBONIZATION_25_26,Click,https://example.com?utm_source=mailchimp&utm_campaign=email-live_decarbonization_25_26-4,2026-09-08 01:47:12.971412
8b9eb541-53f9-4720-869f-1c44db586a9b,jeremy.roberts@shell.com,CMP_LIVE_DECARBONIZATION_25_26,Open,https://example.com?utm_source=mailchimp&utm_campaign=email-live_decarbonization_25_26-1,2026-03-14 13:04:05.971412
9b866db9-8076-4474-a80c-67e0c11ac088,jeremy.roberts@shell.com,CMP_LIVE_DECARBONIZATION_25_26,Open,https://example.com?utm_source=mailchimp&utm_campaign=email-live_decarbonization_25_26-3,2026-08-21 14:38:21.971412
3bc1373d-8434-4cec-a8b8-42bdbf6815ca,jeremy.roberts@shell.com,CMP_LIVE_DECARBONIZATION_25_26,Open,https://example.com?utm_source=mailchimp&utm_campaign=email-live_decarbonization_25_26-2,2026-05-14 06:42:43.971412
6c20daf4-d24c-4be1-97c2-4c5450eebf40,jeremy.roberts@shell.com,CMP_LIVE_DECARBONIZATION_25_26,Open,https://example.com?utm_source=mailchimp&utm_campaign=email-live_decarbonization_25_26-2,2026-05-15 01:42:43.971412
04644e82-37a2-4ee1-b6b2-8a2760c032e4,jeremy.roberts@shell.com,CMP_LIVE_DECARBONIZATION_25_26,Click,https://example.com?utm_source=mailchimp&utm_campaign=email-live_decarbonization_25_26-2,2026-05-14 06:45:27.971412
95988f1d-8449-4f5d-b0db-7a662bf24499,craig.ramirez@shell.com,CMP_LIVE_DIGITAL_TWIN,Open,https://example.com?utm_source=mailchimp&utm_campaign=email-digital_twin-2,2026-02-01 20:24:49.971412
7c61234c-4699-4eed-bf47-9f59ce1bfc08,craig.ramirez@shell.com,CMP_LIVE_DIGITAL_TWIN,Open,https://example.com?utm_source=mailchimp&utm_campaign=email-digital_twin-2,2026-02-03 06:24:49.971412
b4604d42-8662-4b1a-9e12-195aa040f377,cynthia.diaz@shell.com,CMP_LIVE_DECARBONIZATION_25_26,Open,https://example.com?utm_source=mailchimp&utm_campaign=email-live_decarbonization_25_26-4,2026-09-08 02:06:24.971412
229baf8d-93d9-410b-a976-94f589a08c1a,cynthia.diaz@shell.com,CMP_LIVE_DECARBONIZATION_25_26,Open,https://example.com?utm_source=mailchimp&utm_campaign=email-live_decarbonization_25_26-4,2026-09-08 01:47:12.971412
d50aeefe-6b2c-48c1-a809-d1bf4a33e1b4,cynthia.diaz@shell.com,CMP_LIVE_DECARBONIZATION_25_26,Open,https://example.com?utm_source=mailchimp&utm_campaign=email-live_decarbonization_25_26-2,2026-05-13 01:46:55.971412
1bb1b081-133d-4d0c-933a-50c4b0010e61,cynthia.diaz@shell.com,CMP_LIVE_DECARBONIZATION_25_26,Open,https://example.com?utm_source=mailchimp&utm_campaign=email-live_decarbonization_25_26-2,2026-05-14 20:46:55.971412
24b94120-f164-4363-b55d-f264f731a8c9,cynthia.diaz@shell.com,CMP_LIVE_DECARBONIZATION_25_26,Open,https://example.com?utm_source=mailchimp&utm_campaign=email-live_decarbonization_25_26-3,2026-08-12 03:19:22.971412
38b2fbe8-20b0-4a6a-a5b9-cbd18ad1469b,cynthia.diaz@shell.com,CMP_LIVE_DECARBONIZATION_25_26,Click,https://example.com?utm_source=mailchimp&utm_campaign=email-live_decarbonization_25_26-3,2026-08-12 03:22:18.971412
d4978d8b-3069-4501-9034-f19973067e4a,cynthia.diaz@shell.com,CMP_LIVE_DECARBONIZATION_25_26,Open,https://example.com?utm_source=mailchimp&utm_campaign=email-live_decarbonization_25_26-1,2026-04-26 14:42:34.971412
146c284b-a24e-4497-8de9-cdff51b9806d,cynthia.diaz@shell.com,CMP_LIVE_DECARBONIZATION_25_26,Open,https://example.com?utm_source=mailchimp&utm_campaign=email-live_decarbonization_25_26-1,2026-04-27 19:42:34.971412
1332c180-b41e-43a3-9830-3e19779291b3,mitchell.clark@shell.com,CMP_PAST_ASSET_OPTIMIZATION,Open,https://example.com?utm_source=mailchimp&utm_campaign=email-asset_optimization-2,2025-05-02 02:41:18.971412
d9d2d9c0-607d-492b-af8c-a533850ea065,mitchell.clark@shell.com,CMP_PAST_ASSET_OPTIMIZATION,Open,https://example.com?utm_source=mailchimp&utm_campaign=email-asset_optimization-3,2025-06-23 20:02:08.971412
18863cd8-4562-473e-8fc5-b8e00b2e13fd,mitchell.clark@shell.com,CMP_PAST_ASSET_OPTIMIZATION,Click,https://example.com?utm_source=mailchimp&utm_campaign=email-asset_optimization-3,2025-06-23 20:05:06.971412
61097db6-a472-4b78-b49c-3826d09bbb90,mitchell.clark@shell.com,CMP_PAST_ASSET_OPTIMIZATION,Open,https://example.com?utm_source=mailchimp&utm_campaign=email-asset_optimization-6,2025-11-29 07:02:12.971412
3c2cb145-83f2-446e-9dfc-d2c7d1e2f462,mitchell.clark@shell.com,CMP_PAST_ASSET_OPTIMIZATION,Open,https://example.com?utm_source=mailchimp&utm_campaign=email-asset_optimization-5,2025-11-19 18:33:38.971412
f5d0db09-8724-4694-a6e0-668c9d918b27,mitchell.clark@shell.com,CMP_PAST_ASSET_OPTIMIZATION,Open,https://example.com?utm_source=mailchimp&utm_campaign=email-asset_optimization-4,2025-08-17 01:47:12.971412
6c9d237d-eef8-4f7c-ad17-d1ef624eb650,mitchell.clark@shell.com,CMP_PAST_ASSET_OPTIMIZATION,Open,https://example.com?utm_source=mailchimp&utm_campaign=email-asset_optimization-4,2025-08-17 06:47:12.971412
add2d0b3-1fd5-46c5-9441-a718650e842b,mitchell.clark@shell.com,CMP_PAST_ASSET_OPTIMIZATION,Open,https://example.com?utm_source=mailchimp&utm_campaign=email-asset_optimization-7,2026-01-25 08:53:21.971412
c0d0982b-c87f-4ed3-985e-d4c95154546e,mitchell.clark@shell.com,CMP_PAST_ASSET_OPTIMIZATION,Open,https://example.com?utm_source=mailchimp&utm_campaign=email-asset_optimization-1,2025-03-19 02:02:02.971412
dd7248e6-8512-4172-999e-5f913e9dbd56,mitchell.clark@shell.com,CMP_PAST_ASSET_OPTIMIZATION,Open,https://example.com?utm_source=mailchimp&utm_campaign=email-asset_optimization-1,2025-03-20 21:02:02.971412
1714656b-5b37-47b4-9f19-3bcf9a14f869,mitchell.clark@shell.com,CMP_PAST_ASSET_OPTIMIZATION,Open,https://example.com?utm_source=mailchimp&utm_campaign=email-asset_optimization-1,2025-03-19 06:02:02.971412
9bec3690-2a50-4e7b-9e13-e093401d269d,deborah.lynch@shell.com,CMP_LIVE_DIGITAL_TWIN,Open,https://example.com?utm_source=mailchimp&utm_campaign=email-digital_twin-5,2026-06-29 11:06:51.971412
bf002dde-11c4-48fd-b1c5-7558742181b4,deborah.lynch@shell.com,CMP_LIVE_DIGITAL_TWIN,Open,https://example.com?utm_source=mailchimp&utm_campaign=email-digital_twin-5,2026-06-29 22:06:51.971412
82b0629b-fc57-4f9e-98e7-b07eed2e6f6e,deborah.lynch@shell.com,CMP_LIVE_DIGITAL_TWIN,Open,https://example.com?utm_source=mailchimp&utm_campaign=email-digital_twin-4,2026-05-21 12:56:29.971412
b31ac667-5e21-4746-b837-75cfb474315e,deborah.lynch@shell.com,CMP_LIVE_DIGITAL_TWIN,Open,https://example.com?utm_source=mailchimp&utm_campaign=email-digital_twin-4,2026-05-22 07:56:29.971412
3f218933-4cc8-4c5a-b7dd-eefce6efd024,deborah.lynch@shell.com,CMP_LIVE_DIGITAL_TWIN,Open,https://example.com?utm_source=mailchimp&utm_campaign=email-digital_twin-4,2026-05-21 16:56:29.971412
fac9d20e-0e2c-4070-ab5f-23e46a905732,deborah.lynch@shell.com,CMP_LIVE_DIGITAL_TWIN,Open,https://example.com?utm_source=mailchimp&utm_campaign=email-digital_twin-3,2026-03-22 01:48:04.971412
f084f39d-817e-4a61-83cb-00aa626a8206,deborah.lynch@shell.com,CMP_LIVE_DIGITAL_TWIN,Open,https://example.com?utm_source=mailchimp&utm_campaign=email-digital_twin-1,2025-12-16 01:47:37.971412
89762058-4362-4c7c-813a-b185c5636ff3,deborah.lynch@shell.com,CMP_LIVE_DIGITAL_TWIN,Open,https://example.com?utm_source=mailchimp&utm_campaign=email-digital_twin-2,2026-01-30 01:48:38.971412
516343f6-68b7-46c3-9212-3ffaa5cef768,deborah.lynch@shell.com,CMP_LIVE_DIGITAL_TWIN,Open,https://example.com?utm_source=mailchimp&utm_campaign=email-digital_twin-2,2026-01-30 16:48:38.971412
4aa7a792-a855-4250-8611-72339360981c,deborah.lynch@shell.com,CMP_LIVE_DIGITAL_TWIN,Open,https://example.com?utm_source=mailchimp&utm_campaign=email-digital_twin-6,2026-08-29 04:35:00.971412
06e902e2-5098-4595-8a76-c2deb6d356e5,george.daniel@shell.com,CMP_PAST_ASSET_OPTIMIZATION,Open,https://example.com?utm_source=mailchimp&utm_campaign=email-asset_optimization-7,2026-01-17 13:21:17.971412
91916f33-da6b-4c27-ac3a-bd156dd71fc6,george.daniel@shell.com,CMP_PAST_ASSET_OPTIMIZATION,Open,https://example.com?utm_source=mailchimp&utm_campaign=email-asset_optimization-4,2025-08-28 15:57:52.971412
37ff43e7-9d6b-4780-b271-f2807886cce0,frank.gray@shell.com,CMP_PAST_ASSET_OPTIMIZATION,Open,https://example.com?utm_source=mailchimp&utm_campaign=email-asset_optimization-7,2026-01-13 05:34:35.971412
146dd20f-d097-4e5d-9c88-f615f38a5894,frank.gray@shell.com,CMP_PAST_ASSET_OPTIMIZATION,Open,https://example.com?utm_source=mailchimp&utm_campaign=email-asset_optimization-7,2026-01-14 10:34:35.971412
b291a77d-e0f9-46d2-82fd-dcd41c1007e1,angela.cohen@shell.com,CMP_LIVE_HYDROGEN_INFRASTRUCTURE,Open,https://example.com?utm_source=mailchimp&utm_campaign=email-hydrogen_infrastructure-1,2025-09-20 02:55:51.971412
94f847ea-ceac-4628-9fc1-cbd6c57bf364,angela.cohen@shell.com,CMP_LIVE_HYDROGEN_INFRASTRUCTURE,Open,https://example.com?utm_source=mailchimp&utm_campaign=email-hydrogen_infrastructure-1,2025-09-20 23:55:51.971412
5cb309b5-bb00-4ae0-aa20-654897d625e1,angela.cohen@shell.com,CMP_LIVE_HYDROGEN_INFRASTRUCTURE,Open,https://example.com?utm_source=mailchimp&utm_campaign=email-hydrogen_infrastructure-6,2026-06-06 18:15:50.971412
8adf74d9-d3d1-4964-b91b-795fc2f28087,angela.cohen@shell.com,CMP_LIVE_HYDROGEN_INFRASTRUCTURE,Open,https://example.com?utm_source=mailchimp&utm_campaign=email-hydrogen_infrastructure-6,2026-06-07 05:15:50.971412
f01d6e3c-289e-4bc4-a444-b7c0eb7a7851,angela.cohen@shell.com,CMP_LIVE_HYDROGEN_INFRASTRUCTURE,Click,https://example.com?utm_source=mailchimp&utm_campaign=email-hydrogen_infrastructure-6,2026-06-06 18:18:43.971412
ee2401dd-a4b4-4a4a-a86d-25175ef05c82,angela.cohen@shell.com,CMP_LIVE_HYDROGEN_INFRASTRUCTURE,Open,https://example.com?utm_source=mailchimp&utm_campaign=email-hydrogen_infrastructure-2,2025-11-01 04:20:26.971412
582c9f21-c68b-4579-b0a8-65b7b5d99b23,angela.cohen@shell.com,CMP_LIVE_HYDROGEN_INFRASTRUCTURE,Open,https://example.com?utm_source=mailchimp&utm_campaign=email-hydrogen_infrastructure-2,2025-11-01 09:20:26.971412
0d1ffd92-243b-4e68-97e2-133de3e56204,angela.cohen@shell.com,CMP_LIVE_HYDROGEN_INFRASTRUCTURE,Open,https://example.com?utm_source=mailchimp&utm_campaign=email-hydrogen_infrastructure-2,2025-11-01 06:20:26.971412
f5e73926-1087-454d-a1e5-91ef47de27dd,angela.cohen@shell.com,CMP_LIVE_HYDROGEN_INFRASTRUCTURE,Click,https://example.com?utm_source=mailchimp&utm_campaign=email-hydrogen_infrastructure-2,2025-11-01 04:21:35.971412
400b45d0-d82f-4c7d-851e-5373dfa67ffd,angela.cohen@shell.com,CMP_LIVE_HYDROGEN_INFRASTRUCTURE,Open,https://example.com?utm_source=mailchimp&utm_campaign=email-hydrogen_infrastructure-5,2026-04-04 09:22:01.971412
3eea3aca-cc0e-430e-9d7d-cf05ec16cd96,megan.parsons@shell.com,CMP_LIVE_DECARBONIZATION_25_26,Open,https://example.com?utm_source=mailchimp&utm_campaign=email-live_decarbonization_25_26-3,2026-07-17 01:48:56.971412
a365c29a-140e-49b7-9733-995461187115,megan.parsons@shell.com,CMP_LIVE_DECARBONIZATION_25_26,Open,https://example.com?utm_source=mailchimp&utm_campaign=email-live_decarbonization_25_26-3,2026-07-17 05:48:56.971412
a17c0a2f-63c9-4a75-b654-0be7d6f737a3,megan.parsons@shell.com,CMP_LIVE_DECARBONIZATION_25_26,Open,https://example.com?utm_source=mailchimp&utm_campaign=email-live_decarbonization_25_26-4,2026-09-08 05:49:00.971412
8054fe79-627b-4ff3-a6f4-706ffd65936c,megan.parsons@shell.com,CMP_LIVE_DECARBONIZATION_25_26,Open,https://example.com?utm_source=mailchimp&utm_campaign=email-live_decarbonization_25_26-2,2026-05-12 01:51:06.971412
5a3db676-cfad-4458-ac9c-31deb1f22da6,megan.parsons@shell.com,CMP_LIVE_DECARBONIZATION_25_26,Open,https://example.com?utm_source=mailchimp&utm_campaign=email-live_decarbonization_25_26-2,2026-05-12 18:51:06.971412
81a37cc3-1d66-4456-ba9a-507bc9dcd49e,megan.parsons@shell.com,CMP_LIVE_DECARBONIZATION_25_26,Open,https://example.com?utm_source=mailchimp&utm_campaign=email-live_decarbonization_25_26-1,2026-03-13 05:09:07.971412
aadf3082-2524-4791-a581-e719f6a62b99,megan.parsons@shell.com,CMP_LIVE_DECARBONIZATION_25_26,Click,https://example.com?utm_source=mailchimp&utm_campaign=email-live_decarbonization_25_26-1,2026-03-13 05:11:56.971412
8bf44549-550a-421b-a6d4-3d6de2c7cfab,jeremy.johnson@shell.com,CMP_LIVE_DECARBONIZATION_25_26,Open,https://example.com?utm_source=mailchimp&utm_campaign=email-live_decarbonization_25_26-3,2026-08-11 04:18:41.971412
574b8148-c128-4893-9d5c-fa4839411627,jeremy.johnson@shell.com,CMP_LIVE_DECARBONIZATION_25_26,Click,https://example.com?utm_source=mailchimp&utm_campaign=email-live_decarbonization_25_26-3,2026-08-11 04:19:13.971412
ec45b293-9a9f-4ac5-a338-3ad2b65cae63,jeremy.johnson@shell.com,CMP_LIVE_DECARBONIZATION_25_26,Open,https://example.com?utm_source=mailchimp&utm_campaign=email-live_decarbonization_25_26-1,2026-03-20 20:19:23.971412
066f0dc7-d9ee-452c-b442-db1186f7c9e0,jeremy.johnson@shell.com,CMP_LIVE_DECARBONIZATION_25_26,Open,https://example.com?utm_source=mailchimp&utm_campaign=email-live_decarbonization_25_26-1,2026-03-21 03:19:23.971412
878bfc99-df68-44d0-a3a8-28524d88f972,jeremy.johnson@shell.com,CMP_LIVE_DECARBONIZATION_25_26,Open,https://example.com?utm_source=mailchimp&utm_campaign=email-live_decarbonization_25_26-1,2026-03-22 13:19:23.971412
101cb797-c117-40e0-9724-7d602ba0af70,jeremy.johnson@shell.com,CMP_LIVE_DECARBONIZATION_25_26,Open,https://example.com?utm_source=mailchimp&utm_campaign=email-live_decarbonization_25_26-4,2026-09-08 02:15:01.971412
8afa4ada-8c3a-4bf3-a982-038de93b6d5e,leslie.adams@shell.com,CMP_LIVE_HYDROGEN_INFRASTRUCTURE,Open,https://example.com?utm_source=mailchimp&utm_campaign=email-hydrogen_infrastructure-3,2026-01-02 15:07:28.971412
e76b7fba-ed28-42d2-98fa-7b85396f1444,leslie.adams@shell.com,CMP_LIVE_HYDROGEN_INFRASTRUCTURE,Click,https://example.com?utm_source=mailchimp&utm_campaign=email-hydrogen_infrastructure-3,2026-01-02 15:09:12.971412
acfba4c8-5254-4971-a365-fb0580e61885,diana.foster@shell.com,CMP_LIVE_DIGITAL_TWIN,Open,https://example.com?utm_source=mailchimp&utm_campaign=email-digital_twin-5,2026-08-09 08:07:09.971412
2a6d1ae6-8318-400f-ab88-cff2d0aaf762,diana.foster@shell.com,CMP_LIVE_DIGITAL_TWIN,Click,https://example.com?utm_source=mailchimp&utm_campaign=email-digital_twin-5,2026-08-09 08:09:01.971412
b94494af-24b1-4c28-9bcb-dc05af45323c,robin.ellis@shell.com,CMP_PAST_ASSET_OPTIMIZATION,Open,https://example.com?utm_source=mailchimp&utm_campaign=email-asset_optimization-7,2026-01-09 22:17:38.971412
18306fd2-e477-40f1-bd95-dbdb62854932,robin.ellis@shell.com,CMP_PAST_ASSET_OPTIMIZATION,Open,https://example.com?utm_source=mailchimp&utm_campaign=email-asset_optimization-7,2026-01-11 21:17:38.971412
58b051ec-f45c-4009-ae7a-442acee1e1d9,robin.ellis@shell.com,CMP_PAST_ASSET_OPTIMIZATION,Open,https://example.com?utm_source=mailchimp&utm_campaign=email-asset_optimization-7,2026-01-11 09:17:38.971412
26441bab-d5a8-4d5f-8bd9-e3e4f29694a1,robin.ellis@shell.com,CMP_PAST_ASSET_OPTIMIZATION,Open,https://example.com?utm_source=mailchimp&utm_campaign=email-asset_optimization-2,2025-05-02 10:40:10.971412
b69c23cc-136e-425a-aef1-af88983e7747,robin.ellis@shell.com,CMP_PAST_ASSET_OPTIMIZATION,Open,https://example.com?utm_source=mailchimp&utm_campaign=email-asset_optimization-5,2025-10-07 01:48:12.971412
7097984e-cbaf-413a-9357-39929cdb8a70,robin.ellis@shell.com,CMP_PAST_ASSET_OPTIMIZATION,Open,https://example.com?utm_source=mailchimp&utm_campaign=email-asset_optimization-5,2025-10-08 10:48:12.971412
b6e23f5c-5bb8-496a-9736-aeacba64f35b,joseph.wright@shell.com,CMP_LIVE_DIGITAL_TWIN,Open,https://example.com?utm_source=mailchimp&utm_campaign=email-digital_twin-3,2026-03-22 05:26:15.971412
9f8ec85e-9ca7-48e3-90a5-e2141941a4ef,joseph.wright@shell.com,CMP_LIVE_DIGITAL_TWIN,Open,https://example.com?utm_source=mailchimp&utm_campaign=email-digital_twin-3,2026-03-22 13:26:15.971412
707606eb-360e-4cf1-ace3-4116dd4be19c,anna.baker@shell.com,CMP_PAST_SUSTAINABLE_ENGINEERING,Open,https://example.com?utm_source=mailchimp&utm_campaign=email-sustainable_engineering-6,2026-02-21 10:25:08.971412
02bd4c93-6120-4fd5-b60b-0071b2070634,anna.baker@shell.com,CMP_PAST_SUSTAINABLE_ENGINEERING,Click,https://example.com?utm_source=mailchimp&utm_campaign=email-sustainable_engineering-6,2026-02-21 10:27:20.971412
813d3554-9082-4b5f-bb47-8c5987bd3815,brenda.hurst@shell.com,CMP_PAST_SUSTAINABLE_ENGINEERING,Open,https://example.com?utm_source=mailchimp&utm_campaign=email-sustainable_engineering-3,2025-10-03 19:19:27.971412
ac5267c4-2141-44a0-8fdd-63709f3457e2,brenda.hurst@shell.com,CMP_PAST_SUSTAINABLE_ENGINEERING,Open,https://example.com?utm_source=mailchimp&utm_campaign=email-sustainable_engineering-3,2025-10-05 14:19:27.971412
a89ebf91-80d5-49ba-b5e3-e4d5b701bb6c,reginald.robinson@shell.com,CMP_LIVE_DIGITAL_TWIN,Open,https://example.com?utm_source=mailchimp&utm_campaign=email-digital_twin-3,2026-04-23 22:05:36.971412
831cf2d4-733c-413f-b0d6-ea4accb2886a,reginald.robinson@shell.com,CMP_LIVE_DIGITAL_TWIN,Open,https://example.com?utm_source=mailchimp&utm_campaign=email-digital_twin-1,2025-12-17 14:55:07.971412
0479e665-0511-4be9-b227-3141f8f7125c,reginald.robinson@shell.com,CMP_LIVE_DIGITAL_TWIN,Open,https://example.com?utm_source=mailchimp&utm_campaign=email-digital_twin-1,2025-12-18 03:55:07.971412
529aa0a6-4567-43f9-a2b5-d4442f1d5eb0,reginald.robinson@shell.com,CMP_LIVE_DIGITAL_TWIN,Open,https://example.com?utm_source=mailchimp&utm_campaign=email-digital_twin-1,2025-12-19 02:55:07.971412
dcc15cdb-1650-4b6f-b7dd-3d49276e92ee,reginald.robinson@shell.com,CMP_LIVE_DIGITAL_TWIN,Click,https://example.com?utm_source=mailchimp&utm_campaign=email-digital_twin-1,2025-12-17 14:55:48.971412
0f003d52-d88f-4792-a6fd-d9595e8a1103,christopher.williams@shell.com,CMP_LIVE_DIGITAL_TWIN,Open,https://example.com?utm_source=mailchimp&utm_campaign=email-digital_twin-5,2026-06-28 02:10:29.971412
bd9832b2-70aa-4d4e-897d-9431812d21a7,daniel.burton@shell.com,CMP_LIVE_HYDROGEN_INFRASTRUCTURE,Open,https://example.com?utm_source=mailchimp&utm_campaign=email-hydrogen_infrastructure-8,2026-08-29 02:17:43.971412
d4ea8c83-ee27-4a26-9d9f-223fb1f28fdf,laura.henderson@shell.com,CMP_PAST_ASSET_OPTIMIZATION,Open,https://example.com?utm_source=mailchimp&utm_campaign=email-asset_optimization-7,2026-02-20 16:56:48.971412
45f9dc43-fdf6-4983-aec1-3de7bcf6a579,laura.henderson@shell.com,CMP_PAST_ASSET_OPTIMIZATION,Open,https://example.com?utm_source=mailchimp&utm_campaign=email-asset_optimization-7,2026-02-22 15:56:48.971412
8e4a0382-7222-4197-aefd-69c80ae93c92,laura.henderson@shell.com,CMP_PAST_ASSET_OPTIMIZATION,Click,https://example.com?utm_source=mailchimp&utm_campaign=email-asset_optimization-7,2026-02-20 16:59:21.971412
f5d917a1-49c5-4e6b-a01c-5f05552e8744,laura.henderson@shell.com,CMP_PAST_ASSET_OPTIMIZATION,Open,https://example.com?utm_source=mailchimp&utm_campaign=email-asset_optimization-1,2025-03-12 20:06:28.971412
c03d704b-7e09-40c2-94d9-f0f62f4316ee,wendy.rice@shell.com,CMP_LIVE_DIGITAL_TWIN,Open,https://example.com?utm_source=mailchimp&utm_campaign=email-digital_twin-1,2025-12-16 02:03:11.971412
23686a03-c1b8-4a0a-833f-108f8d0c05e5,wendy.rice@shell.com,CMP_LIVE_DIGITAL_TWIN,Click,https://example.com?utm_source=mailchimp&utm_campaign=email-digital_twin-1,2025-12-16 02:05:25.971412
a77fc6fb-a5d1-41f3-8e02-10afb759d785,wendy.rice@shell.com,CMP_LIVE_DIGITAL_TWIN,Open,https://example.com?utm_source=mailchimp&utm_campaign=email-digital_twin-4,2026-05-15 02:04:46.971412
116f71c7-b323-4c26-8d77-7f8429706f97,wendy.rice@shell.com,CMP_LIVE_DIGITAL_TWIN,Open,https://example.com?utm_source=mailchimp&utm_campaign=email-digital_twin-4,2026-05-16 15:04:46.971412
8e163659-ad74-4de8-956e-0d3c4950aa32,wendy.rice@shell.com,CMP_LIVE_DIGITAL_TWIN,Open,https://example.com?utm_source=mailchimp&utm_campaign=email-digital_twin-3,2026-03-28 22:36:18.971412
a488e5e0-583d-4f62-91b6-2c6c744e1234,wendy.rice@shell.com,CMP_LIVE_DIGITAL_TWIN,Click,https://example.com?utm_source=mailchimp&utm_campaign=email-digital_twin-3,2026-03-28 22:39:17.971412
9e4f7338-b0c2-4756-a92c-0a049f7357ac,wendy.rice@shell.com,CMP_LIVE_DIGITAL_TWIN,Open,https://example.com?utm_source=mailchimp&utm_campaign=email-digital_twin-6,2026-08-29 04:54:17.971412
32d95cc1-ab15-4f08-a478-a08682a1a995,wendy.rice@shell.com,CMP_LIVE_DIGITAL_TWIN,Open,https://example.com?utm_source=mailchimp&utm_campaign=email-digital_twin-6,2026-08-29 08:54:17.971412
f96d3cb1-d3fb-4ed7-a94b-b253d3c6202f,wendy.rice@shell.com,CMP_LIVE_DIGITAL_TWIN,Open,https://example.com?utm_source=mailchimp&utm_campaign=email-digital_twin-6,2026-08-29 07:54:17.971412
afbe1991-4c64-40f4-aa67-c9b5176c6a1f,wendy.rice@shell.com,CMP_LIVE_DIGITAL_TWIN,Click,https://example.com?utm_source=mailchimp&utm_campaign=email-digital_twin-6,2026-08-29 04:57:16.971412
92a006b2-8152-4f6f-86c2-04ea3b3dd7ec,wendy.rice@shell.com,CMP_LIVE_DIGITAL_TWIN,Open,https://example.com?utm_source=mailchimp&utm_campaign=email-digital_twin-5,2026-07-06 03:55:02.971412
f47157c5-cd30-4d53-afa2-3f668d62ecb3,wendy.rice@shell.com,CMP_LIVE_DIGITAL_TWIN,Open,https://example.com?utm_source=mailchimp&utm_campaign=email-digital_twin-5,2026-07-07 07:55:02.971412
2a128416-76ff-41ee-bd1e-cd8fffb614bb,tasha.valencia@shell.com,CMP_LIVE_HYDROGEN_INFRASTRUCTURE,Open,https://example.com?utm_source=mailchimp&utm_campaign=email-hydrogen_infrastructure-5,2026-04-06 12:32:14.971412
d6a361e5-62e3-400e-9763-1db5715a8622,tasha.valencia@shell.com,CMP_LIVE_HYDROGEN_INFRASTRUCTURE,Open,https://example.com?utm_source=mailchimp&utm_campaign=email-hydrogen_infrastructure-5,2026-04-08 09:32:14.971412
fa8fd0e1-1fd7-4ebc-9452-f4ce47d05a3b,tasha.valencia@shell.com,CMP_LIVE_HYDROGEN_INFRASTRUCTURE,Open,https://example.com?utm_source=mailchimp&utm_campaign=email-hydrogen_infrastructure-7,2026-08-24 22:58:10.971412
bdb93b1a-9174-49ee-ab70-63ae72cc05d8,tasha.valencia@shell.com,CMP_LIVE_HYDROGEN_INFRASTRUCTURE,Open,https://example.com?utm_source=mailchimp&utm_campaign=email-hydrogen_infrastructure-6,2026-06-05 13:15:26.971412
486f3df3-9933-426f-bc72-0b470bb489a7,erin.herrera@aramco.com,CMP_LIVE_DECARBONIZATION_25_26,Open,https://example.com?utm_source=mailchimp&utm_campaign=email-live_decarbonization_25_26-2,2026-05-18 00:04:01.971412
b4de12e1-7fa3-4fe7-9c4f-7b8500422c48,erin.herrera@aramco.com,CMP_LIVE_DECARBONIZATION_25_26,Click,https://example.com?utm_source=mailchimp&utm_campaign=email-live_decarbonization_25_26-2,2026-05-18 00:04:25.971412
a57343ce-3c23-4f6f-80a7-a6d55b1c64d4,erin.herrera@aramco.com,CMP_LIVE_DECARBONIZATION_25_26,Open,https://example.com?utm_source=mailchimp&utm_campaign=email-live_decarbonization_25_26-4,2026-09-08 03:10:06.971412
c3ba54f7-2a7e-46cb-9cf9-b86dd4c18790,erin.herrera@aramco.com,CMP_LIVE_DECARBONIZATION_25_26,Open,https://example.com?utm_source=mailchimp&utm_campaign=email-live_decarbonization_25_26-1,2026-03-18 18:53:35.971412
26f2d1c1-e634-499c-9753-d2ab6eae1a87,erin.herrera@aramco.com,CMP_LIVE_DECARBONIZATION_25_26,Open,https://example.com?utm_source=mailchimp&utm_campaign=email-live_decarbonization_25_26-3,2026-07-20 11:21:16.971412
4e423c5d-f8a8-4673-b324-678a2bf64020,erin.herrera@aramco.com,CMP_LIVE_DECARBONIZATION_25_26,Open,https://example.com?utm_source=mailchimp&utm_campaign=email-live_decarbonization_25_26-3,2026-07-21 13:21:16.971412
7e37ba48-6f6e-4559-8253-f9b36a67e683,erin.herrera@aramco.com,CMP_LIVE_DECARBONIZATION_25_26,Click,https://example.com?utm_source=mailchimp&utm_campaign=email-live_decarbonization_25_26-3,2026-07-20 11:22:33.971412
6c920473-1249-4b72-95a6-02b941205e7d,joseph.davidson@aramco.com,CMP_PAST_ASSET_OPTIMIZATION,Open,https://example.com?utm_source=mailchimp&utm_campaign=email-asset_optimization-6,2025-11-19 01:48:10.971412
7cb468f4-4fe9-49fe-ba5d-40bc0657189f,joseph.davidson@aramco.com,CMP_PAST_ASSET_OPTIMIZATION,Click,https://example.com?utm_source=mailchimp&utm_campaign=email-asset_optimization-6,2025-11-19 01:49:48.971412
3f817036-9ecd-49ec-ac3d-eb289751b785,daniel.graham@aramco.com,CMP_LIVE_HYDROGEN_INFRASTRUCTURE,Open,https://example.com?utm_source=mailchimp&utm_campaign=email-hydrogen_infrastructure-8,2026-08-29 04:12:41.971412
7084845d-d800-4d52-86cf-99612f09cbde,daniel.graham@aramco.com,CMP_LIVE_HYDROGEN_INFRASTRUCTURE,Open,https://example.com?utm_source=mailchimp&utm_campaign=email-hydrogen_infrastructure-3,2026-01-02 09:11:42.971412
e7cad740-cd17-4196-ac29-eefaebba5241,daniel.graham@aramco.com,CMP_LIVE_HYDROGEN_INFRASTRUCTURE,Open,https://example.com?utm_source=mailchimp&utm_campaign=email-hydrogen_infrastructure-4,2026-02-12 01:47:24.971412
f6b7051c-6f6e-4e95-a52e-aaa6b23f7634,daniel.graham@aramco.com,CMP_LIVE_HYDROGEN_INFRASTRUCTURE,Open,https://example.com?utm_source=mailchimp&utm_campaign=email-hydrogen_infrastructure-4,2026-02-12 08:47:24.971412
53a2b949-7040-49fb-89dd-1e0584fa38a8,daniel.graham@aramco.com,CMP_LIVE_HYDROGEN_INFRASTRUCTURE,Open,https://example.com?utm_source=mailchimp&utm_campaign=email-hydrogen_infrastructure-4,2026-02-13 01:47:24.971412
5e7b7e8f-7918-4a5a-bea5-d4189c6e6c9e,daniel.graham@aramco.com,CMP_LIVE_HYDROGEN_INFRASTRUCTURE,Open,https://example.com?utm_source=mailchimp&utm_campaign=email-hydrogen_infrastructure-6,2026-06-01 04:03:04.971412
35384ee4-d485-4ffa-8e02-dcebe51da41c,daniel.graham@aramco.com,CMP_LIVE_HYDROGEN_INFRASTRUCTURE,Open,https://example.com?utm_source=mailchimp&utm_campaign=email-hydrogen_infrastructure-6,2026-06-01 23:03:04.971412
980f0c2c-d6a7-4155-b496-4cc89b296275,daniel.graham@aramco.com,CMP_LIVE_HYDROGEN_INFRASTRUCTURE,Open,https://example.com?utm_source=mailchimp&utm_campaign=email-hydrogen_infrastructure-2,2025-11-01 01:56:25.971412
db6d418b-6a08-41a9-aa2f-344ac716d735,daniel.graham@aramco.com,CMP_LIVE_HYDROGEN_INFRASTRUCTURE,Open,https://example.com?utm_source=mailchimp&utm_campaign=email-hydrogen_infrastructure-2,2025-11-01 18:56:25.971412
aec20545-04de-4260-957b-c443a4dd7443,daniel.graham@aramco.com,CMP_LIVE_HYDROGEN_INFRASTRUCTURE,Click,https://example.com?utm_source=mailchimp&utm_campaign=email-hydrogen_infrastructure-2,2025-11-01 01:58:55.971412
9a11a52e-2a29-425c-a6ed-404531c02578,nancy.baker@aramco.com,CMP_PAST_SUSTAINABLE_ENGINEERING,Open,https://example.com?utm_source=mailchimp&utm_campaign=email-sustainable_engineering-6,2026-02-23 23:08:03.971412
c660d469-607d-4e8c-8378-0fd6178c3ab7,nancy.baker@aramco.com,CMP_PAST_SUSTAINABLE_ENGINEERING,Open,https://example.com?utm_source=mailchimp&utm_campaign=email-sustainable_engineering-2,2025-09-22 20:48:49.971412
7773fec1-4881-42c7-814a-e2842f986073,vincent.white@aramco.com,CMP_LIVE_DIGITAL_TWIN,Open,https://example.com?utm_source=mailchimp&utm_campaign=email-digital_twin-4,2026-05-29 21:05:59.971412
5df79e9c-500e-41b6-9148-b77b331b216c,vincent.white@aramco.com,CMP_LIVE_DIGITAL_TWIN,Open,https://example.com?utm_source=mailchimp&utm_campaign=email-digital_twin-4,2026-05-30 12:05:59.971412
fb5a1b8e-a37d-4efd-8b29-dee4e26f5aee,vincent.white@aramco.com,CMP_LIVE_DIGITAL_TWIN,Open,https://example.com?utm_source=mailchimp&utm_campaign=email-digital_twin-6,2026-09-03 21:16:28.971412
d43e33b4-5922-4973-8837-f1dae14b0ce2,vincent.white@aramco.com,CMP_LIVE_DIGITAL_TWIN,Open,https://example.com?utm_source=mailchimp&utm_campaign=email-digital_twin-1,2026-01-16 22:15:50.971412
46753fd3-0a40-4ec8-ac86-0f886e684a27,rita.harrell@aramco.com,CMP_LIVE_HYDROGEN_INFRASTRUCTURE,Open,https://example.com?utm_source=mailchimp&utm_campaign=email-hydrogen_infrastructure-1,2025-10-24 09:43:31.971412
56577093-4af8-4c08-a393-52bddec4e0a1,rita.harrell@aramco.com,CMP_LIVE_HYDROGEN_INFRASTRUCTURE,Open,https://example.com?utm_source=mailchimp&utm_campaign=email-hydrogen_infrastructure-5,2026-04-04 23:01:17.971412
41a0e53b-04fa-44da-aab4-f11b7bfd51f5,rita.harrell@aramco.com,CMP_LIVE_HYDROGEN_INFRASTRUCTURE,Open,https://example.com?utm_source=mailchimp&utm_campaign=email-hydrogen_infrastructure-5,2026-04-06 05:01:17.971412
241c1d41-39fa-487a-8e3f-e35fdd784f5a,rita.harrell@aramco.com,CMP_LIVE_HYDROGEN_INFRASTRUCTURE,Open,https://example.com?utm_source=mailchimp&utm_campaign=email-hydrogen_infrastructure-2,2025-12-12 07:49:17.971412
a18a8982-bc51-4719-a0c6-3a3b78628a46,rita.harrell@aramco.com,CMP_LIVE_HYDROGEN_INFRASTRUCTURE,Open,https://example.com?utm_source=mailchimp&utm_campaign=email-hydrogen_infrastructure-8,2026-09-01 12:26:15.971412
5cc62f07-5df0-408e-9867-bc21a1970a77,rita.harrell@aramco.com,CMP_LIVE_HYDROGEN_INFRASTRUCTURE,Open,https://example.com?utm_source=mailchimp&utm_campaign=email-hydrogen_infrastructure-8,2026-09-01 15:26:15.971412
86cfdf87-a06d-4e84-a15d-aee9306c1010,rita.harrell@aramco.com,CMP_LIVE_HYDROGEN_INFRASTRUCTURE,Click,https://example.com?utm_source=mailchimp&utm_campaign=email-hydrogen_infrastructure-8,2026-09-01 12:26:47.971412
824a16a5-a6a0-4f30-a63f-6365efcfcad3,kenneth.fowler@aramco.com,CMP_LIVE_DIGITAL_TWIN,Open,https://example.com?utm_source=mailchimp&utm_campaign=email-digital_twin-5,2026-06-28 01:47:21.971412
2904799e-2f64-4a55-b100-f968843a93fa,kenneth.fowler@aramco.com,CMP_LIVE_DIGITAL_TWIN,Open,https://example.com?utm_source=mailchimp&utm_campaign=email-digital_twin-6,2026-08-29 02:19:08.971412
c1b7ed2f-40c6-4434-b60d-80fbbd273b22,kenneth.fowler@aramco.com,CMP_LIVE_DIGITAL_TWIN,Open,https://example.com?utm_source=mailchimp&utm_campaign=email-digital_twin-4,2026-06-15 15:13:35.971412
decd41ae-1563-4b3e-ae1b-90a30529aace,chelsea.hernandez@aramco.com,CMP_LIVE_HYDROGEN_INFRASTRUCTURE,Open,https://example.com?utm_source=mailchimp&utm_campaign=email-hydrogen_infrastructure-6,2026-07-02 12:35:41.971412
33a01327-6849-4d61-a971-1fef35381195,chelsea.hernandez@aramco.com,CMP_LIVE_HYDROGEN_INFRASTRUCTURE,Open,https://example.com?utm_source=mailchimp&utm_campaign=email-hydrogen_infrastructure-2,2025-11-14 15:50:22.971412
32db447c-8571-4287-a717-007b5b1c8b8a,chelsea.hernandez@aramco.com,CMP_LIVE_HYDROGEN_INFRASTRUCTURE,Open,https://example.com?utm_source=mailchimp&utm_campaign=email-hydrogen_infrastructure-8,2026-08-29 09:05:02.971412
3f15459f-8671-48c7-85a3-49e442124a92,chelsea.hernandez@aramco.com,CMP_LIVE_HYDROGEN_INFRASTRUCTURE,Open,https://example.com?utm_source=mailchimp&utm_campaign=email-hydrogen_infrastructure-4,2026-02-27 08:30:48.971412
d0c1d431-fc38-48dd-9165-a5a49c064c37,chelsea.hernandez@aramco.com,CMP_LIVE_HYDROGEN_INFRASTRUCTURE,Open,https://example.com?utm_source=mailchimp&utm_campaign=email-hydrogen_infrastructure-7,2026-07-13 02:39:06.971412
8c3e15c9-4a2d-4101-b618-5014895a5a85,chelsea.hernandez@aramco.com,CMP_LIVE_HYDROGEN_INFRASTRUCTURE,Open,https://example.com?utm_source=mailchimp&utm_campaign=email-hydrogen_infrastructure-7,2026-07-13 14:39:06.971412
ad964aa0-cd3b-48a0-9896-073eab6609eb,chelsea.hernandez@aramco.com,CMP_LIVE_HYDROGEN_INFRASTRUCTURE,Click,https://example.com?utm_source=mailchimp&utm_campaign=email-hydrogen_infrastructure-7,2026-07-13 02:41:40.971412
129a2cb9-1431-4708-827c-dfd56b8d334a,kathryn.ryan@aramco.com,CMP_PAST_SUSTAINABLE_ENGINEERING,Open,https://example.com?utm_source=mailchimp&utm_campaign=email-sustainable_engineering-6,2026-03-25 07:19:59.971412
e6c14d13-13c8-432f-bbe3-3d7bd201d4e1,kathryn.ryan@aramco.com,CMP_PAST_SUSTAINABLE_ENGINEERING,Open,https://example.com?utm_source=mailchimp&utm_campaign=email-sustainable_engineering-6,2026-03-27 03:19:59.971412
4331a951-92e9-4fbe-89df-4375621980f0,kathryn.ryan@aramco.com,CMP_PAST_SUSTAINABLE_ENGINEERING,Open,https://example.com?utm_source=mailchimp&utm_campaign=email-sustainable_engineering-6,2026-03-26 16:19:59.971412
dbba82f5-87be-4d36-a5a3-2fa880f8348a,kathryn.ryan@aramco.com,CMP_PAST_SUSTAINABLE_ENGINEERING,Click,https://example.com?utm_source=mailchimp&utm_campaign=email-sustainable_engineering-6,2026-03-25 07:22:30.971412
9128b34b-1f61-4741-80d4-ef2462876330,kathryn.ryan@aramco.com,CMP_PAST_SUSTAINABLE_ENGINEERING,Open,https://example.com?utm_source=mailchimp&utm_campaign=email-sustainable_engineering-1,2025-06-12 01:47:12.971412
e1c7f0ac-d7b4-4c94-a4ff-b93da0e1e350,kathryn.ryan@aramco.com,CMP_PAST_SUSTAINABLE_ENGINEERING,Open,https://example.com?utm_source=mailchimp&utm_campaign=email-sustainable_engineering-1,2025-06-13 13:47:12.971412
0d5b00fe-7fd4-48e1-bc8a-5c7c662083ec,kathryn.ryan@aramco.com,CMP_PAST_SUSTAINABLE_ENGINEERING,Open,https://example.com?utm_source=mailchimp&utm_campaign=email-sustainable_engineering-4,2025-11-27 22:14:40.971412
911393d0-e0e6-40fc-bcb0-1d4dff81929d,kathryn.ryan@aramco.com,CMP_PAST_SUSTAINABLE_ENGINEERING,Open,https://example.com?utm_source=mailchimp&utm_campaign=email-sustainable_engineering-4,2025-11-29 17:14:40.971412
b7fe9bf1-bda5-426e-b638-f13a8f4666b0,kathryn.ryan@aramco.com,CMP_PAST_SUSTAINABLE_ENGINEERING,Open,https://example.com?utm_source=mailchimp&utm_campaign=email-sustainable_engineering-2,2025-08-12 01:52:09.971412
00ee5435-73d6-4757-93c0-a0c1f66586a7,kathryn.ryan@aramco.com,CMP_PAST_SUSTAINABLE_ENGINEERING,Open,https://example.com?utm_source=mailchimp&utm_campaign=email-sustainable_engineering-5,2026-01-01 16:30:45.971412
1175a38f-362d-4bdf-93e8-dabc73819c1f,kathryn.ryan@aramco.com,CMP_PAST_SUSTAINABLE_ENGINEERING,Open,https://example.com?utm_source=mailchimp&utm_campaign=email-sustainable_engineering-5,2026-01-02 00:30:45.971412
9301b8c3-ec86-441a-886d-2628cad998ff,kathryn.ryan@aramco.com,CMP_PAST_SUSTAINABLE_ENGINEERING,Open,https://example.com?utm_source=mailchimp&utm_campaign=email-sustainable_engineering-7,2026-05-19 12:12:33.971412
102c48d4-7e6c-41dc-9277-a98440323d7d,kathryn.ryan@aramco.com,CMP_PAST_SUSTAINABLE_ENGINEERING,Click,https://example.com?utm_source=mailchimp&utm_campaign=email-sustainable_engineering-7,2026-05-19 12:14:08.971412
b2546b4f-4f7d-4c5f-ad3f-c25387c3a1b2,kathryn.ryan@aramco.com,CMP_PAST_SUSTAINABLE_ENGINEERING,Open,https://example.com?utm_source=mailchimp&utm_campaign=email-sustainable_engineering-3,2025-10-04 01:13:54.971412
0f4e9fe9-30b2-413c-af32-8213470653b2,kathryn.ryan@aramco.com,CMP_PAST_SUSTAINABLE_ENGINEERING,Open,https://example.com?utm_source=mailchimp&utm_campaign=email-sustainable_engineering-3,2025-10-05 23:13:54.971412
9de58865-a340-49f3-ba22-3b4b0b6d8afe,kimberly.moreno@aramco.com,CMP_PAST_ASSET_OPTIMIZATION,Open,https://example.com?utm_source=mailchimp&utm_campaign=email-asset_optimization-3,2025-07-09 07:52:07.971412
6e3448d7-62c7-4531-8cdc-e350bc311b2e,kimberly.moreno@aramco.com,CMP_PAST_ASSET_OPTIMIZATION,Open,https://example.com?utm_source=mailchimp&utm_campaign=email-asset_optimization-3,2025-07-09 14:52:07.971412
6cc9a007-47d7-420c-9f47-6df70112c417,kimberly.moreno@aramco.com,CMP_PAST_ASSET_OPTIMIZATION,Click,https://example.com?utm_source=mailchimp&utm_campaign=email-asset_optimization-3,2025-07-09 07:53:59.971412
b20433dc-580e-4e8d-8c9a-029116c0f74f,kimberly.moreno@aramco.com,CMP_PAST_ASSET_OPTIMIZATION,Open,https://example.com?utm_source=mailchimp&utm_campaign=email-asset_optimization-7,2026-01-09 02:23:54.971412
d25c579f-fd20-491a-8914-3e78b8ed6f80,kimberly.moreno@aramco.com,CMP_PAST_ASSET_OPTIMIZATION,Open,https://example.com?utm_source=mailchimp&utm_campaign=email-asset_optimization-4,2025-09-11 02:50:18.971412
d306b647-12f3-4e04-bc71-96edd15d77aa,kimberly.moreno@aramco.com,CMP_PAST_ASSET_OPTIMIZATION,Open,https://example.com?utm_source=mailchimp&utm_campaign=email-asset_optimization-2,2025-05-06 21:22:04.971412
b18eb37f-879a-4cd8-9572-2152a3dac208,kimberly.moreno@aramco.com,CMP_PAST_ASSET_OPTIMIZATION,Open,https://example.com?utm_source=mailchimp&utm_campaign=email-asset_optimization-5,2025-10-12 16:03:50.971412
e3e0f596-0f9a-4551-a1ec-454b2771859e,kimberly.moreno@aramco.com,CMP_PAST_ASSET_OPTIMIZATION,Click,https://example.com?utm_source=mailchimp&utm_campaign=email-asset_optimization-5,2025-10-12 16:05:22.971412
4e6f0f22-bd35-4209-b077-a4017c4f6aa2,aaron.nguyen@aramco.com,CMP_LIVE_DECARBONIZATION_25_26,Open,https://example.com?utm_source=mailchimp&utm_campaign=email-live_decarbonization_25_26-2,2026-05-12 10:35:07.971412
74128be7-21ea-4811-8435-286506fa8551,andrew.hickman@aramco.com,CMP_LIVE_HYDROGEN_INFRASTRUCTURE,Open,https://example.com?utm_source=mailchimp&utm_campaign=email-hydrogen_infrastructure-3,2026-01-11 19:02:26.971412
24372fe3-114b-427c-bf83-a6d0c7411784,andrew.hickman@aramco.com,CMP_LIVE_HYDROGEN_INFRASTRUCTURE,Open,https://example.com?utm_source=mailchimp&utm_campaign=email-hydrogen_infrastructure-8,2026-09-03 05:46:08.971412
9ff9c813-46f6-46fb-b587-ad047d92ad08,andrew.hickman@aramco.com,CMP_LIVE_HYDROGEN_INFRASTRUCTURE,Open,https://example.com?utm_source=mailchimp&utm_campaign=email-hydrogen_infrastructure-8,2026-09-05 02:46:08.971412
1e8c959c-3367-46fb-a170-fd503ea908a5,andrew.hickman@aramco.com,CMP_LIVE_HYDROGEN_INFRASTRUCTURE,Open,https://example.com?utm_source=mailchimp&utm_campaign=email-hydrogen_infrastructure-2,2025-11-01 06:11:21.971412
1708c83e-cddd-4728-83a8-4d84409dc746,andrew.hickman@aramco.com,CMP_LIVE_HYDROGEN_INFRASTRUCTURE,Open,https://example.com?utm_source=mailchimp&utm_campaign=email-hydrogen_infrastructure-5,2026-04-14 23:31:29.971412
8ad4a3ae-58cc-4f61-b7ef-e9ba55aada3f,andrew.hickman@aramco.com,CMP_LIVE_HYDROGEN_INFRASTRUCTURE,Open,https://example.com?utm_source=mailchimp&utm_campaign=email-hydrogen_infrastructure-5,2026-04-16 15:31:29.971412
2888314d-9b56-41dd-9ca6-c89fbf0d1d16,natasha.decker@aramco.com,CMP_LIVE_DIGITAL_TWIN,Open,https://example.com?utm_source=mailchimp&utm_campaign=email-digital_twin-2,2026-01-31 20:26:05.971412
58d0738b-1fe9-4856-8d55-c934b474d111,natalie.arroyo@aramco.com,CMP_PAST_SUSTAINABLE_ENGINEERING,Open,https://example.com?utm_source=mailchimp&utm_campaign=email-sustainable_engineering-6,2026-03-09 12:15:55.971412
5f6f32ac-3781-488b-b503-3c28a5905094,natalie.arroyo@aramco.com,CMP_PAST_SUSTAINABLE_ENGINEERING,Open,https://example.com?utm_source=mailchimp&utm_campaign=email-sustainable_engineering-6,2026-03-10 05:15:55.971412
7985e5f7-872c-48c5-9797-b640ccf19c93,natalie.arroyo@aramco.com,CMP_PAST_SUSTAINABLE_ENGINEERING,Open,https://example.com?utm_source=mailchimp&utm_campaign=email-sustainable_engineering-6,2026-03-10 23:15:55.971412
b236876f-f855-477f-98f6-8883229e06bc,natalie.arroyo@aramco.com,CMP_PAST_SUSTAINABLE_ENGINEERING,Click,https://example.com?utm_source=mailchimp&utm_campaign=email-sustainable_engineering-6,2026-03-09 12:16:50.971412
1c91c9fb-3349-4b4f-8d22-e5459280e0df,natalie.arroyo@aramco.com,CMP_PAST_SUSTAINABLE_ENGINEERING,Open,https://example.com?utm_source=mailchimp&utm_campaign=email-sustainable_engineering-2,2025-08-12 08:16:09.971412
eb93d8c5-bcaf-44c3-a05b-6d32f174b785,natalie.arroyo@aramco.com,CMP_PAST_SUSTAINABLE_ENGINEERING,Open,https://example.com?utm_source=mailchimp&utm_campaign=email-sustainable_engineering-2,2025-08-12 14:16:09.971412
3604207d-2861-4502-8685-9234ffc303c7,natalie.arroyo@aramco.com,CMP_PAST_SUSTAINABLE_ENGINEERING,Open,https://example.com?utm_source=mailchimp&utm_campaign=email-sustainable_engineering-7,2026-04-20 03:06:22.971412
8e652d4a-de3d-49c7-9fe3-a0c99b82115a,natalie.arroyo@aramco.com,CMP_PAST_SUSTAINABLE_ENGINEERING,Open,https://example.com?utm_source=mailchimp&utm_campaign=email-sustainable_engineering-4,2025-12-20 03:04:07.971412
22957f02-cea8-4831-9aa9-5b31817f3204,natalie.arroyo@aramco.com,CMP_PAST_SUSTAINABLE_ENGINEERING,Open,https://example.com?utm_source=mailchimp&utm_campaign=email-sustainable_engineering-1,2025-06-16 08:11:30.971412
e7ef3a90-b24f-42e2-b85c-be429e6b59bd,natalie.arroyo@aramco.com,CMP_PAST_SUSTAINABLE_ENGINEERING,Click,https://example.com?utm_source=mailchimp&utm_campaign=email-sustainable_engineering-1,2025-06-16 08:13:05.971412
fc5a48dd-3429-4996-99cc-2407d901a935,natalie.arroyo@aramco.com,CMP_PAST_SUSTAINABLE_ENGINEERING,Open,https://example.com?utm_source=mailchimp&utm_campaign=email-sustainable_engineering-3,2025-10-28 07:52:33.971412
1ee8ee1a-ff65-4816-aec2-250a1125f3d1,natalie.arroyo@aramco.com,CMP_PAST_SUSTAINABLE_ENGINEERING,Open,https://example.com?utm_source=mailchimp&utm_campaign=email-sustainable_engineering-3,2025-10-29 16:52:33.971412
6bd28b12-e7bf-4af4-b1eb-f940a66db76a,natalie.arroyo@aramco.com,CMP_PAST_SUSTAINABLE_ENGINEERING,Open,https://example.com?utm_source=mailchimp&utm_campaign=email-sustainable_engineering-3,2025-10-28 17:52:33.971412
d48290cf-be74-4c79-86a1-3a88538dab40,natalie.arroyo@aramco.com,CMP_PAST_SUSTAINABLE_ENGINEERING,Click,https://example.com?utm_source=mailchimp&utm_campaign=email-sustainable_engineering-3,2025-10-28 07:54:26.971412
e2a568cc-dba4-492c-b1d3-0c29d8b9ba85,natalie.arroyo@aramco.com,CMP_PAST_SUSTAINABLE_ENGINEERING,Open,https://example.com?utm_source=mailchimp&utm_campaign=email-sustainable_engineering-5,2026-01-01 04:25:00.971412
21132a61-8dda-4e39-8fed-53cff8c2ac37,natalie.arroyo@aramco.com,CMP_PAST_SUSTAINABLE_ENGINEERING,Click,https://example.com?utm_source=mailchimp&utm_campaign=email-sustainable_engineering-5,2026-01-01 04:27:34.971412
f56d57da-f934-42e9-95b1-b334682995f4,chad.hodges@aramco.com,CMP_PAST_ASSET_OPTIMIZATION,Open,https://example.com?utm_source=mailchimp&utm_campaign=email-asset_optimization-2,2025-05-02 03:52:55.971412
43ead6cf-5f32-4b20-b456-00666b85fac0,chad.hodges@aramco.com,CMP_PAST_ASSET_OPTIMIZATION,Open,https://example.com?utm_source=mailchimp&utm_campaign=email-asset_optimization-2,2025-05-04 01:52:55.971412
6646b15d-7384-4128-9283-31f94cb2d34e,chad.hodges@aramco.com,CMP_PAST_ASSET_OPTIMIZATION,Open,https://example.com?utm_source=mailchimp&utm_campaign=email-asset_optimization-7,2026-01-10 14:05:03.971412
bbe32631-a67e-4080-b09e-623b817ba969,chad.hodges@aramco.com,CMP_PAST_ASSET_OPTIMIZATION,Open,https://example.com?utm_source=mailchimp&utm_campaign=email-asset_optimization-1,2025-03-16 19:51:03.971412
7ec633a8-3f34-4768-b41a-67794c72ec17,chad.hodges@aramco.com,CMP_PAST_ASSET_OPTIMIZATION,Open,https://example.com?utm_source=mailchimp&utm_campaign=email-asset_optimization-6,2025-11-21 15:46:18.971412
15390a29-2f46-4c9f-97b6-9c026d1a5dfe,chad.hodges@aramco.com,CMP_PAST_ASSET_OPTIMIZATION,Click,https://example.com?utm_source=mailchimp&utm_campaign=email-asset_optimization-6,2025-11-21 15:48:19.971412
f2be50f5-fe55-42ef-9428-ce48e35c51bc,chad.hodges@aramco.com,CMP_PAST_ASSET_OPTIMIZATION,Open,https://example.com?utm_source=mailchimp&utm_campaign=email-asset_optimization-5,2025-11-10 15:55:32.971412
2535dc82-12fa-4ce1-b974-8ea372f98994,chad.hodges@aramco.com,CMP_PAST_ASSET_OPTIMIZATION,Open,https://example.com?utm_source=mailchimp&utm_campaign=email-asset_optimization-4,2025-08-17 07:24:10.971412
9d0896f6-7a5c-40e7-85cb-a88cc5744376,chad.hodges@aramco.com,CMP_PAST_ASSET_OPTIMIZATION,Open,https://example.com?utm_source=mailchimp&utm_campaign=email-asset_optimization-4,2025-08-18 06:24:10.971412
2b51ee07-15ae-460b-bdba-c339e5654f21,chad.hodges@aramco.com,CMP_PAST_ASSET_OPTIMIZATION,Open,https://example.com?utm_source=mailchimp&utm_campaign=email-asset_optimization-3,2025-06-21 01:47:29.971412
049bd21c-caa1-4851-8a90-cff334750120,katie.anderson@aramco.com,CMP_LIVE_HYDROGEN_INFRASTRUCTURE,Open,https://example.com?utm_source=mailchimp&utm_campaign=email-hydrogen_infrastructure-7,2026-07-23 12:21:45.971412
e0b66807-c7cf-465f-afc9-32b5a6545ed4,katie.anderson@aramco.com,CMP_LIVE_HYDROGEN_INFRASTRUCTURE,Click,https://example.com?utm_source=mailchimp&utm_campaign=email-hydrogen_infrastructure-7,2026-07-23 12:22:22.971412
046b5c47-98f8-4f17-b947-5dd3ea978c7a,katie.anderson@aramco.com,CMP_LIVE_HYDROGEN_INFRASTRUCTURE,Open,https://example.com?utm_source=mailchimp&utm_campaign=email-hydrogen_infrastructure-1,2025-09-20 01:54:33.971412
50b04605-af28-4407-8337-b97315487186,katie.anderson@aramco.com,CMP_LIVE_HYDROGEN_INFRASTRUCTURE,Click,https://example.com?utm_source=mailchimp&utm_campaign=email-hydrogen_infrastructure-1,2025-09-20 01:56:25.971412
818e2fde-deb2-4165-b92a-4ba5d1b0917c,katie.anderson@aramco.com,CMP_LIVE_HYDROGEN_INFRASTRUCTURE,Open,https://example.com?utm_source=mailchimp&utm_campaign=email-hydrogen_infrastructure-3,2026-01-09 16:46:19.971412
5069c15f-0487-4bbd-9bd6-42eea5f2c194,katie.anderson@aramco.com,CMP_LIVE_HYDROGEN_INFRASTRUCTURE,Open,https://example.com?utm_source=mailchimp&utm_campaign=email-hydrogen_infrastructure-3,2026-01-09 22:46:19.971412
025412f2-1325-48a4-bd0c-b8ab21b50143,thomas.pierce@aramco.com,CMP_LIVE_DECARBONIZATION_25_26,Open,https://example.com?utm_source=mailchimp&utm_campaign=email-live_decarbonization_25_26-2,2026-05-12 01:50:51.971412
374ac949-26c6-46dc-8d0b-70278e8cd564,thomas.pierce@aramco.com,CMP_LIVE_DECARBONIZATION_25_26,Open,https://example.com?utm_source=mailchimp&utm_campaign=email-live_decarbonization_25_26-3,2026-07-17 18:16:47.971412
2731bddb-94a2-43fc-9a8d-d259be86ca8b,thomas.pierce@aramco.com,CMP_LIVE_DECARBONIZATION_25_26,Open,https://example.com?utm_source=mailchimp&utm_campaign=email-live_decarbonization_25_26-1,2026-04-05 07:58:54.971412
53715b55-b1a3-4ed3-a046-ffc7a0198ddc,thomas.pierce@aramco.com,CMP_LIVE_DECARBONIZATION_25_26,Open,https://example.com?utm_source=mailchimp&utm_campaign=email-live_decarbonization_25_26-1,2026-04-06 04:58:54.971412
4eaaf74a-583e-4000-b60f-7c5d08cef7f5,thomas.pierce@aramco.com,CMP_LIVE_DECARBONIZATION_25_26,Click,https://example.com?utm_source=mailchimp&utm_campaign=email-live_decarbonization_25_26-1,2026-04-05 08:01:44.971412
20edf352-b053-4e1f-ad51-8831cd6238bc,joseph.brennan@aramco.com,CMP_PAST_ASSET_OPTIMIZATION,Open,https://example.com?utm_source=mailchimp&utm_campaign=email-asset_optimization-1,2025-03-12 06:53:24.971412
a18a02d3-ab21-4113-a5cd-d3b2e1b93e12,joseph.brennan@aramco.com,CMP_PAST_ASSET_OPTIMIZATION,Click,https://example.com?utm_source=mailchimp&utm_campaign=email-asset_optimization-1,2025-03-12 06:55:20.971412
d73749c5-ba45-4360-bcef-4044856483f4,rodney.lewis@aramco.com,CMP_LIVE_DIGITAL_TWIN,Open,https://example.com?utm_source=mailchimp&utm_campaign=email-digital_twin-3,2026-03-22 01:50:21.971412
8db5490d-d398-4633-b3dd-b184ef3b2ea9,rodney.lewis@aramco.com,CMP_LIVE_DIGITAL_TWIN,Open,https://example.com?utm_source=mailchimp&utm_campaign=email-digital_twin-1,2025-12-16 11:46:57.971412
cc8b91e9-ff14-4c34-ac31-f66e47f35c3c,rodney.lewis@aramco.com,CMP_LIVE_DIGITAL_TWIN,Open,https://example.com?utm_source=mailchimp&utm_campaign=email-digital_twin-4,2026-05-17 19:22:13.971412
8ae1400e-0acc-4844-8045-1a2db09433c5,rodney.lewis@aramco.com,CMP_LIVE_DIGITAL_TWIN,Open,https://example.com?utm_source=mailchimp&utm_campaign=email-digital_twin-5,2026-06-28 02:37:33.971412
c883262c-bb16-4b0c-87c9-37c7420e545d,rodney.lewis@aramco.com,CMP_LIVE_DIGITAL_TWIN,Open,https://example.com?utm_source=mailchimp&utm_campaign=email-digital_twin-2,2026-01-30 04:43:33.971412
b8006bcd-93b9-4e2f-932d-fa036df7b336,rodney.lewis@aramco.com,CMP_LIVE_DIGITAL_TWIN,Click,https://example.com?utm_source=mailchimp&utm_campaign=email-digital_twin-2,2026-01-30 04:43:51.971412
0f639ccc-795f-4b8c-93c0-ddcf8ce1c8fc,amber.blair@aramco.com,CMP_LIVE_DIGITAL_TWIN,Open,https://example.com?utm_source=mailchimp&utm_campaign=email-digital_twin-6,2026-09-01 02:00:49.971412
c0d98430-88de-49ff-8050-6ec72bf71748,amber.blair@aramco.com,CMP_LIVE_DIGITAL_TWIN,Open,https://example.com?utm_source=mailchimp&utm_campaign=email-digital_twin-1,2025-12-18 22:23:43.971412
760acb95-c147-4384-accf-c475243f6fa5,amber.blair@aramco.com,CMP_LIVE_DIGITAL_TWIN,Open,https://example.com?utm_source=mailchimp&utm_campaign=email-digital_twin-1,2025-12-19 11:23:43.971412
68d33903-d6d9-4406-a609-e3650477131b,amber.blair@aramco.com,CMP_LIVE_DIGITAL_TWIN,Open,https://example.com?utm_source=mailchimp&utm_campaign=email-digital_twin-1,2025-12-19 14:23:43.971412
07f1128a-1f75-4f54-855c-848037bb6cf6,amber.blair@aramco.com,CMP_LIVE_DIGITAL_TWIN,Open,https://example.com?utm_source=mailchimp&utm_campaign=email-digital_twin-3,2026-03-22 02:20:30.971412
c6ce78cc-d7e7-4539-b046-fc005d57a7c7,amber.blair@aramco.com,CMP_LIVE_DIGITAL_TWIN,Open,https://example.com?utm_source=mailchimp&utm_campaign=email-digital_twin-3,2026-03-22 05:20:30.971412
051414ac-cb77-4a1f-aab7-b8dec7fe3b19,amber.blair@aramco.com,CMP_LIVE_DIGITAL_TWIN,Open,https://example.com?utm_source=mailchimp&utm_campaign=email-digital_twin-3,2026-03-22 18:20:30.971412
a0595833-0ff8-4dec-a771-9289799e1d43,amber.blair@aramco.com,CMP_LIVE_DIGITAL_TWIN,Open,https://example.com?utm_source=mailchimp&utm_campaign=email-digital_twin-5,2026-07-24 17:14:59.971412
cc46e742-cea8-4c03-8e51-699957c28453,amber.blair@aramco.com,CMP_LIVE_DIGITAL_TWIN,Open,https://example.com?utm_source=mailchimp&utm_campaign=email-digital_twin-5,2026-07-24 19:14:59.971412
6aa30301-0c6c-48a5-bc94-683da5838061,amber.blair@aramco.com,CMP_LIVE_DIGITAL_TWIN,Open,https://example.com?utm_source=mailchimp&utm_campaign=email-digital_twin-5,2026-07-26 13:14:59.971412
ba15eb6e-4a50-4626-9f2c-a9c2f42d91da,amber.blair@aramco.com,CMP_LIVE_DIGITAL_TWIN,Open,https://example.com?utm_source=mailchimp&utm_campaign=email-digital_twin-4,2026-05-15 01:54:45.971412
dfcbb319-2e48-404f-9bcb-e5881fd2f67b,amber.blair@aramco.com,CMP_LIVE_DIGITAL_TWIN,Click,https://example.com?utm_source=mailchimp&utm_campaign=email-digital_twin-4,2026-05-15 01:57:05.971412
6a8aaf97-33f2-4a62-a387-54d2ef6acb73,amber.blair@aramco.com,CMP_LIVE_DIGITAL_TWIN,Open,https://example.com?utm_source=mailchimp&utm_campaign=email-digital_twin-2,2026-01-30 01:49:13.971412
9cc4304f-342d-4724-8236-9a0c3eb8746d,james.collins@aramco.com,CMP_LIVE_DECARBONIZATION_25_26,Open,https://example.com?utm_source=mailchimp&utm_campaign=email-live_decarbonization_25_26-1,2026-03-13 04:05:42.971412
0a6f8cc9-cf17-4d2e-ba76-a8f67d14aa82,james.collins@aramco.com,CMP_LIVE_DECARBONIZATION_25_26,Open,https://example.com?utm_source=mailchimp&utm_campaign=email-live_decarbonization_25_26-1,2026-03-13 15:05:42.971412
a0eed818-13a2-4e72-af99-7e771b5c4a67,james.collins@aramco.com,CMP_LIVE_DECARBONIZATION_25_26,Click,https://example.com?utm_source=mailchimp&utm_campaign=email-live_decarbonization_25_26-1,2026-03-13 04:07:00.971412
b051c3fb-a117-4804-be11-e488117c328a,james.collins@aramco.com,CMP_LIVE_DECARBONIZATION_25_26,Open,https://example.com?utm_source=mailchimp&utm_campaign=email-live_decarbonization_25_26-4,2026-09-08 01:52:48.971412
f033d516-b838-48be-8b16-4da1814003f6,james.collins@aramco.com,CMP_LIVE_DECARBONIZATION_25_26,Open,https://example.com?utm_source=mailchimp&utm_campaign=email-live_decarbonization_25_26-2,2026-06-25 13:34:34.971412
75fdc025-768b-40fa-9552-d23de5e09a72,james.collins@aramco.com,CMP_LIVE_DECARBONIZATION_25_26,Open,https://example.com?utm_source=mailchimp&utm_campaign=email-live_decarbonization_25_26-3,2026-08-16 06:30:08.971412
32d05078-215b-4079-a7a2-01d69d7c4e70,james.collins@aramco.com,CMP_LIVE_DECARBONIZATION_25_26,Open,https://example.com?utm_source=mailchimp&utm_campaign=email-live_decarbonization_25_26-3,2026-08-17 05:30:08.971412
5f7184c9-2f82-4824-9045-e82198b4246f,james.collins@aramco.com,CMP_LIVE_DECARBONIZATION_25_26,Click,https://example.com?utm_source=mailchimp&utm_campaign=email-live_decarbonization_25_26-3,2026-08-16 06:32:21.971412
f507aa5c-17cc-4a16-8b1b-beb1f786a3bd,wanda.santos@aramco.com,CMP_PAST_ASSET_OPTIMIZATION,Open,https://example.com?utm_source=mailchimp&utm_campaign=email-asset_optimization-3,2025-07-25 11:55:31.971412
55b97971-1050-449d-9408-014fe8d4ee3d,wanda.santos@aramco.com,CMP_PAST_ASSET_OPTIMIZATION,Open,https://example.com?utm_source=mailchimp&utm_campaign=email-asset_optimization-3,2025-07-26 00:55:31.971412
f66c6a09-9b0e-45f9-b439-4637cddc9294,wanda.santos@aramco.com,CMP_PAST_ASSET_OPTIMIZATION,Open,https://example.com?utm_source=mailchimp&utm_campaign=email-asset_optimization-3,2025-07-26 00:55:31.971412
89f0af9e-dc7a-4975-8750-75ec910efee5,wanda.santos@aramco.com,CMP_PAST_ASSET_OPTIMIZATION,Click,https://example.com?utm_source=mailchimp&utm_campaign=email-asset_optimization-3,2025-07-25 11:57:07.971412
a89d966e-afe1-49ff-873a-15b1b15cfe14,wanda.santos@aramco.com,CMP_PAST_ASSET_OPTIMIZATION,Open,https://example.com?utm_source=mailchimp&utm_campaign=email-asset_optimization-7,2026-01-09 19:40:56.971412
0e577e8a-3c63-4321-8be1-94312d6c642d,samuel.holmes@aramco.com,CMP_LIVE_DECARBONIZATION_25_26,Open,https://example.com?utm_source=mailchimp&utm_campaign=email-live_decarbonization_25_26-3,2026-07-28 23:07:04.971412
9473a66e-3c7a-4b36-9be0-6c3d71b5e135,samuel.holmes@aramco.com,CMP_LIVE_DECARBONIZATION_25_26,Open,https://example.com?utm_source=mailchimp&utm_campaign=email-live_decarbonization_25_26-3,2026-07-29 21:07:04.971412
45171029-ecef-4e19-a1f9-aa1287a2820d,samuel.holmes@aramco.com,CMP_LIVE_DECARBONIZATION_25_26,Open,https://example.com?utm_source=mailchimp&utm_campaign=email-live_decarbonization_25_26-3,2026-07-29 04:07:04.971412
c171d0c6-ee03-4adc-8394-6c9c08458385,samuel.holmes@aramco.com,CMP_LIVE_DECARBONIZATION_25_26,Click,https://example.com?utm_source=mailchimp&utm_campaign=email-live_decarbonization_25_26-3,2026-07-28 23:09:49.971412
b38ecefd-687c-42b4-ac1a-5dd8e5bbb213,samuel.holmes@aramco.com,CMP_LIVE_DECARBONIZATION_25_26,Open,https://example.com?utm_source=mailchimp&utm_campaign=email-live_decarbonization_25_26-1,2026-03-29 06:07:29.971412
3743157d-7124-4d22-b882-bbc457295db8,samuel.holmes@aramco.com,CMP_LIVE_DECARBONIZATION_25_26,Open,https://example.com?utm_source=mailchimp&utm_campaign=email-live_decarbonization_25_26-1,2026-03-30 07:07:29.971412
035ef2d5-2478-4bc8-94e9-51f7fc238cfb,samuel.holmes@aramco.com,CMP_LIVE_DECARBONIZATION_25_26,Open,https://example.com?utm_source=mailchimp&utm_campaign=email-live_decarbonization_25_26-4,2026-09-08 06:02:57.971412
c541a90f-e0d7-4427-bba3-0665ffce0aa3,samuel.holmes@aramco.com,CMP_LIVE_DECARBONIZATION_25_26,Open,https://example.com?utm_source=mailchimp&utm_campaign=email-live_decarbonization_25_26-2,2026-05-12 04:28:07.971412
3794a6f6-bf4f-468a-8018-b9b154704a25,samuel.holmes@aramco.com,CMP_LIVE_DECARBONIZATION_25_26,Click,https://example.com?utm_source=mailchimp&utm_campaign=email-live_decarbonization_25_26-2,2026-05-12 04:29:40.971412
8c8d7731-f067-4fd3-ac92-d3847553aacb,david.walker@aramco.com,CMP_PAST_ASSET_OPTIMIZATION,Open,https://example.com?utm_source=mailchimp&utm_campaign=email-asset_optimization-7,2026-02-03 03:45:53.971412
38f4490d-fac2-404a-9371-c4ef02a17297,david.walker@aramco.com,CMP_PAST_ASSET_OPTIMIZATION,Open,https://example.com?utm_source=mailchimp&utm_campaign=email-asset_optimization-7,2026-02-05 00:45:53.971412
919c29a1-ac8d-40d5-9d2f-8220073ad5cc,david.walker@aramco.com,CMP_PAST_ASSET_OPTIMIZATION,Click,https://example.com?utm_source=mailchimp&utm_campaign=email-asset_optimization-7,2026-02-03 03:48:03.971412
061c418a-b8fe-4251-9bdf-d2aeff9b1039,chad.welch@equinor.com,CMP_LIVE_HYDROGEN_INFRASTRUCTURE,Open,https://example.com?utm_source=mailchimp&utm_campaign=email-hydrogen_infrastructure-8,2026-08-29 02:10:05.971412
12344a9a-0a89-4e5c-bd6e-98d1b3acb5e9,chad.welch@equinor.com,CMP_LIVE_HYDROGEN_INFRASTRUCTURE,Click,https://example.com?utm_source=mailchimp&utm_campaign=email-hydrogen_infrastructure-8,2026-08-29 02:11:34.971412
e8ed1e3f-4b30-45b3-944c-0e4a75072456,chad.welch@equinor.com,CMP_LIVE_HYDROGEN_INFRASTRUCTURE,Open,https://example.com?utm_source=mailchimp&utm_campaign=email-hydrogen_infrastructure-4,2026-03-23 04:46:48.971412
80223207-55bb-464b-93b0-670f91e45ac1,chad.welch@equinor.com,CMP_LIVE_HYDROGEN_INFRASTRUCTURE,Open,https://example.com?utm_source=mailchimp&utm_campaign=email-hydrogen_infrastructure-4,2026-03-24 12:46:48.971412
c71e1a7c-ee6b-4fab-b453-46423da30025,chad.welch@equinor.com,CMP_LIVE_HYDROGEN_INFRASTRUCTURE,Open,https://example.com?utm_source=mailchimp&utm_campaign=email-hydrogen_infrastructure-1,2025-10-26 14:41:47.971412
0445765e-6018-48f5-b8b4-1899a41238b2,jeremy.whitehead@equinor.com,CMP_LIVE_DECARBONIZATION_25_26,Open,https://example.com?utm_source=mailchimp&utm_campaign=email-live_decarbonization_25_26-4,2026-09-08 01:47:12.971412
7cb09b6c-9c1a-4999-8153-322a740cbae4,jeremy.whitehead@equinor.com,CMP_LIVE_DECARBONIZATION_25_26,Click,https://example.com?utm_source=mailchimp&utm_campaign=email-live_decarbonization_25_26-4,2026-09-08 01:47:12.971412
e4a99101-9e08-4107-a06a-f8619165dbf2,jeremy.whitehead@equinor.com,CMP_LIVE_DECARBONIZATION_25_26,Open,https://example.com?utm_source=mailchimp&utm_campaign=email-live_decarbonization_25_26-2,2026-05-12 01:47:20.971412
689f1831-1823-4f8a-b7bf-f58ba4d74bb9,jeremy.whitehead@equinor.com,CMP_LIVE_DECARBONIZATION_25_26,Open,https://example.com?utm_source=mailchimp&utm_campaign=email-live_decarbonization_25_26-2,2026-05-13 00:47:20.971412
03333bfe-0bee-4d60-a430-5de63a5c16b4,jeremy.whitehead@equinor.com,CMP_LIVE_DECARBONIZATION_25_26,Open,https://example.com?utm_source=mailchimp&utm_campaign=email-live_decarbonization_25_26-3,2026-07-17 11:53:00.971412
f835bf6a-d57a-4276-b38e-3a897d794fbc,jeremy.whitehead@equinor.com,CMP_LIVE_DECARBONIZATION_25_26,Open,https://example.com?utm_source=mailchimp&utm_campaign=email-live_decarbonization_25_26-3,2026-07-19 09:53:00.971412
fa698faf-c174-4ac4-aa4a-997c0f5b4b68,jeremy.whitehead@equinor.com,CMP_LIVE_DECARBONIZATION_25_26,Open,https://example.com?utm_source=mailchimp&utm_campaign=email-live_decarbonization_25_26-1,2026-04-02 12:30:21.971412
562a9996-c1ba-4019-a5a1-fb885e9adf7d,jeremy.whitehead@equinor.com,CMP_LIVE_DECARBONIZATION_25_26,Click,https://example.com?utm_source=mailchimp&utm_campaign=email-live_decarbonization_25_26-1,2026-04-02 12:31:55.971412
56076e3f-be30-43bb-9e5e-dfd8c095c0d8,john.caldwell@equinor.com,CMP_PAST_SUSTAINABLE_ENGINEERING,Open,https://example.com?utm_source=mailchimp&utm_campaign=email-sustainable_engineering-3,2025-10-17 05:36:57.971412
ed58fef7-920c-4400-ba53-b6b5868031af,john.caldwell@equinor.com,CMP_PAST_SUSTAINABLE_ENGINEERING,Open,https://example.com?utm_source=mailchimp&utm_campaign=email-sustainable_engineering-3,2025-10-18 01:36:57.971412
4f97f1c0-88b6-47e8-850c-20c400a1e2fc,john.caldwell@equinor.com,CMP_PAST_SUSTAINABLE_ENGINEERING,Click,https://example.com?utm_source=mailchimp&utm_campaign=email-sustainable_engineering-3,2025-10-17 05:37:24.971412
3ce204fe-5808-462f-a975-0defebe68d6b,jason.anderson@equinor.com,CMP_LIVE_DECARBONIZATION_25_26,Open,https://example.com?utm_source=mailchimp&utm_campaign=email-live_decarbonization_25_26-1,2026-03-13 04:29:40.971412
629d0c7f-125e-4d31-a7a8-56cc6930b6c5,jason.anderson@equinor.com,CMP_LIVE_DECARBONIZATION_25_26,Open,https://example.com?utm_source=mailchimp&utm_campaign=email-live_decarbonization_25_26-4,2026-09-08 05:52:57.971412
b5d46957-7af5-4024-9e6b-c074e5347896,jason.anderson@equinor.com,CMP_LIVE_DECARBONIZATION_25_26,Open,https://example.com?utm_source=mailchimp&utm_campaign=email-live_decarbonization_25_26-2,2026-05-12 01:47:12.971412
b44f4e99-f41d-4670-be82-b9f3c20d9dd3,jason.anderson@equinor.com,CMP_LIVE_DECARBONIZATION_25_26,Open,https://example.com?utm_source=mailchimp&utm_campaign=email-live_decarbonization_25_26-2,2026-05-13 02:47:12.971412
feb6f9aa-f213-492e-b1a2-a7b3045e108f,jason.anderson@equinor.com,CMP_LIVE_DECARBONIZATION_25_26,Open,https://example.com?utm_source=mailchimp&utm_campaign=email-live_decarbonization_25_26-2,2026-05-13 14:47:12.971412
74f74426-a58b-43bc-b7b8-23cea85501cc,jason.anderson@equinor.com,CMP_LIVE_DECARBONIZATION_25_26,Open,https://example.com?utm_source=mailchimp&utm_campaign=email-live_decarbonization_25_26-3,2026-07-26 22:45:31.971412
5dd2b13e-4712-460e-92d7-4f3edfe7f2e4,selena.duncan@equinor.com,CMP_LIVE_HYDROGEN_INFRASTRUCTURE,Open,https://example.com?utm_source=mailchimp&utm_campaign=email-hydrogen_infrastructure-4,2026-02-12 16:45:51.971412
355f99ec-4827-46d6-b120-beab30466179,selena.duncan@equinor.com,CMP_LIVE_HYDROGEN_INFRASTRUCTURE,Open,https://example.com?utm_source=mailchimp&utm_campaign=email-hydrogen_infrastructure-4,2026-02-14 13:45:51.971412
e3a3beeb-c630-4f30-86c2-6df3414bd2be,selena.duncan@equinor.com,CMP_LIVE_HYDROGEN_INFRASTRUCTURE,Open,https://example.com?utm_source=mailchimp&utm_campaign=email-hydrogen_infrastructure-7,2026-07-13 19:37:31.971412
0fb4cb66-42eb-4a42-8afc-99aa10bf0042,selena.duncan@equinor.com,CMP_LIVE_HYDROGEN_INFRASTRUCTURE,Click,https://example.com?utm_source=mailchimp&utm_campaign=email-hydrogen_infrastructure-7,2026-07-13 19:40:08.971412
ce893486-bed0-4eaf-a4a6-472cbb5d7b19,selena.duncan@equinor.com,CMP_LIVE_HYDROGEN_INFRASTRUCTURE,Open,https://example.com?utm_source=mailchimp&utm_campaign=email-hydrogen_infrastructure-2,2025-12-07 06:06:47.971412
a82b2cd8-ac9a-4570-85ad-fc8da2859252,selena.duncan@equinor.com,CMP_LIVE_HYDROGEN_INFRASTRUCTURE,Open,https://example.com?utm_source=mailchimp&utm_campaign=email-hydrogen_infrastructure-2,2025-12-09 01:06:47.971412
84b84675-1044-47d0-abd1-54c8df6d0a73,selena.duncan@equinor.com,CMP_LIVE_HYDROGEN_INFRASTRUCTURE,Click,https://example.com?utm_source=mailchimp&utm_campaign=email-hydrogen_infrastructure-2,2025-12-07 06:08:32.971412
255e53ae-d148-4874-a716-41f05c252096,lindsey.lee@equinor.com,CMP_PAST_ASSET_OPTIMIZATION,Open,https://example.com?utm_source=mailchimp&utm_campaign=email-asset_optimization-4,2025-09-03 04:20:22.971412
7a2f84b5-a8e5-4ee6-8b7f-0ee8e065dadf,lindsey.lee@equinor.com,CMP_PAST_ASSET_OPTIMIZATION,Open,https://example.com?utm_source=mailchimp&utm_campaign=email-asset_optimization-4,2025-09-03 14:20:22.971412
3ce1d965-6b14-4fbd-8f9a-d0e590a7c138,lindsey.lee@equinor.com,CMP_PAST_ASSET_OPTIMIZATION,Open,https://example.com?utm_source=mailchimp&utm_campaign=email-asset_optimization-5,2025-10-08 14:22:34.971412
2921dc7c-6947-404c-bd03-567e6a40f592,lindsey.lee@equinor.com,CMP_PAST_ASSET_OPTIMIZATION,Click,https://example.com?utm_source=mailchimp&utm_campaign=email-asset_optimization-5,2025-10-08 14:25:05.971412
383add0f-670e-4f66-9612-b4bc8be7f408,collin.jordan@equinor.com,CMP_LIVE_HYDROGEN_INFRASTRUCTURE,Open,https://example.com?utm_source=mailchimp&utm_campaign=email-hydrogen_infrastructure-1,2025-09-25 16:10:14.971412
93da7024-3559-4127-902e-689f23b88d7b,collin.jordan@equinor.com,CMP_LIVE_HYDROGEN_INFRASTRUCTURE,Click,https://example.com?utm_source=mailchimp&utm_campaign=email-hydrogen_infrastructure-1,2025-09-25 16:10:34.971412
c0e8bd1b-04b5-4a9c-bbf6-96fc9036f0e9,jessica.nunez@equinor.com,CMP_PAST_ASSET_OPTIMIZATION,Open,https://example.com?utm_source=mailchimp&utm_campaign=email-asset_optimization-1,2025-04-04 16:51:57.971412
736689ec-283b-4b79-8ad9-46d2cd0434d7,jessica.nunez@equinor.com,CMP_PAST_ASSET_OPTIMIZATION,Open,https://example.com?utm_source=mailchimp&utm_campaign=email-asset_optimization-1,2025-04-04 18:51:57.971412
6df9ec49-e407-41fd-8fec-3919c42d8451,jessica.nunez@equinor.com,CMP_PAST_ASSET_OPTIMIZATION,Open,https://example.com?utm_source=mailchimp&utm_campaign=email-asset_optimization-3,2025-06-21 14:23:16.971412
f53e66a9-2d55-4656-811c-03491896ebd5,jessica.nunez@equinor.com,CMP_PAST_ASSET_OPTIMIZATION,Open,https://example.com?utm_source=mailchimp&utm_campaign=email-asset_optimization-3,2025-06-23 07:23:16.971412
b8c2445a-6d21-452b-90f4-4bb5985b31de,jessica.nunez@equinor.com,CMP_PAST_ASSET_OPTIMIZATION,Click,https://example.com?utm_source=mailchimp&utm_campaign=email-asset_optimization-3,2025-06-21 14:23:54.971412
a013c825-a88c-45eb-bb33-51f012ba44ab,jessica.nunez@equinor.com,CMP_PAST_ASSET_OPTIMIZATION,Open,https://example.com?utm_source=mailchimp&utm_campaign=email-asset_optimization-2,2025-05-02 02:07:10.971412
d5d244de-7569-4ce6-886b-4df4866bef0e,jessica.nunez@equinor.com,CMP_PAST_ASSET_OPTIMIZATION,Open,https://example.com?utm_source=mailchimp&utm_campaign=email-asset_optimization-2,2025-05-02 14:07:10.971412
8e37e3d0-8230-4bfd-8b3c-195c4508d25b,jessica.nunez@equinor.com,CMP_PAST_ASSET_OPTIMIZATION,Click,https://example.com?utm_source=mailchimp&utm_campaign=email-asset_optimization-2,2025-05-02 02:09:56.971412
a1b2d68c-5c3c-45bb-be42-3cf1955e5060,jessica.nunez@equinor.com,CMP_PAST_ASSET_OPTIMIZATION,Open,https://example.com?utm_source=mailchimp&utm_campaign=email-asset_optimization-5,2025-11-17 05:24:54.971412
ad3e97ff-36de-475d-84e7-e919ce334ea3,jessica.nunez@equinor.com,CMP_PAST_ASSET_OPTIMIZATION,Open,https://example.com?utm_source=mailchimp&utm_campaign=email-asset_optimization-5,2025-11-18 04:24:54.971412
82959707-7f3d-45d3-b6c9-a16cf4ba4ccc,jessica.nunez@equinor.com,CMP_PAST_ASSET_OPTIMIZATION,Open,https://example.com?utm_source=mailchimp&utm_campaign=email-asset_optimization-7,2026-01-09 01:52:31.971412
a883e577-cc30-49a6-803a-4181286171b1,jessica.nunez@equinor.com,CMP_PAST_ASSET_OPTIMIZATION,Open,https://example.com?utm_source=mailchimp&utm_campaign=email-asset_optimization-7,2026-01-09 18:52:31.971412
da2d0bdc-2eec-4bb1-951c-6c1a45bd378c,jessica.nunez@equinor.com,CMP_PAST_ASSET_OPTIMIZATION,Open,https://example.com?utm_source=mailchimp&utm_campaign=email-asset_optimization-6,2025-11-19 02:18:50.971412
f70bc224-396a-4c24-bb48-67724156c9ec,jessica.nunez@equinor.com,CMP_PAST_ASSET_OPTIMIZATION,Open,https://example.com?utm_source=mailchimp&utm_campaign=email-asset_optimization-6,2025-11-20 19:18:50.971412
e8a78ba5-7e07-4e9f-a8ea-9d74caa482e6,jessica.nunez@equinor.com,CMP_PAST_ASSET_OPTIMIZATION,Click,https://example.com?utm_source=mailchimp&utm_campaign=email-asset_optimization-6,2025-11-19 02:21:49.971412
91e78505-4f70-4d6d-80f3-c80f27d36e0b,tracey.garcia@equinor.com,CMP_LIVE_DIGITAL_TWIN,Open,https://example.com?utm_source=mailchimp&utm_campaign=email-digital_twin-5,2026-07-02 13:46:47.971412
3fdbc85d-2131-4d0b-a111-39a1ddb5a342,tracey.garcia@equinor.com,CMP_LIVE_DIGITAL_TWIN,Open,https://example.com?utm_source=mailchimp&utm_campaign=email-digital_twin-5,2026-07-03 20:46:47.971412
eb09d81a-1bff-40b0-90bf-fd455f2428b9,tracey.garcia@equinor.com,CMP_LIVE_DIGITAL_TWIN,Open,https://example.com?utm_source=mailchimp&utm_campaign=email-digital_twin-6,2026-08-29 13:48:48.971412
31e0a8cf-7839-4ff3-a3c5-ca74cc5a797d,tracey.garcia@equinor.com,CMP_LIVE_DIGITAL_TWIN,Open,https://example.com?utm_source=mailchimp&utm_campaign=email-digital_twin-6,2026-08-31 12:48:48.971412
351d43bd-d8d8-430a-a330-98e6ef43b345,tracey.garcia@equinor.com,CMP_LIVE_DIGITAL_TWIN,Open,https://example.com?utm_source=mailchimp&utm_campaign=email-digital_twin-4,2026-05-15 01:55:40.971412
a0e5ea79-59c3-4484-9451-0218d4852e42,tracey.garcia@equinor.com,CMP_LIVE_DIGITAL_TWIN,Click,https://example.com?utm_source=mailchimp&utm_campaign=email-digital_twin-4,2026-05-15 01:57:35.971412
78ca4b50-40db-4f08-88c0-e4060a232062,richard.morgan@equinor.com,CMP_PAST_SUSTAINABLE_ENGINEERING,Open,https://example.com?utm_source=mailchimp&utm_campaign=email-sustainable_engineering-1,2025-06-13 02:06:48.971412
5229b9f4-10d8-427f-a460-62eace964872,richard.morgan@equinor.com,CMP_PAST_SUSTAINABLE_ENGINEERING,Open,https://example.com?utm_source=mailchimp&utm_campaign=email-sustainable_engineering-3,2025-10-03 07:50:17.971412
bcf0d566-f3b2-4409-9f85-8554af2ab75a,richard.morgan@equinor.com,CMP_PAST_SUSTAINABLE_ENGINEERING,Open,https://example.com?utm_source=mailchimp&utm_campaign=email-sustainable_engineering-3,2025-10-04 03:50:17.971412
edeee890-aead-47a5-91ee-6e3592c8e23e,richard.morgan@equinor.com,CMP_PAST_SUSTAINABLE_ENGINEERING,Open,https://example.com?utm_source=mailchimp&utm_campaign=email-sustainable_engineering-3,2025-10-04 13:50:17.971412
dac935f7-3e25-4bc3-a1f0-5d3d9b9125fd,richard.morgan@equinor.com,CMP_PAST_SUSTAINABLE_ENGINEERING,Open,https://example.com?utm_source=mailchimp&utm_campaign=email-sustainable_engineering-4,2025-11-18 03:52:32.971412
fc2b3ceb-f84a-4ba1-afe9-f92b953fd73d,richard.morgan@equinor.com,CMP_PAST_SUSTAINABLE_ENGINEERING,Open,https://example.com?utm_source=mailchimp&utm_campaign=email-sustainable_engineering-4,2025-11-20 00:52:32.971412
2126ba0f-6366-4995-b892-326db2f1cf02,richard.morgan@equinor.com,CMP_PAST_SUSTAINABLE_ENGINEERING,Open,https://example.com?utm_source=mailchimp&utm_campaign=email-sustainable_engineering-5,2025-12-30 23:24:49.971412
2c0078b1-ec66-42d7-8b14-fb47f2a7a980,richard.morgan@equinor.com,CMP_PAST_SUSTAINABLE_ENGINEERING,Open,https://example.com?utm_source=mailchimp&utm_campaign=email-sustainable_engineering-5,2025-12-31 21:24:49.971412
87296837-bac2-4b85-ab8c-cfce46759faa,richard.morgan@equinor.com,CMP_PAST_SUSTAINABLE_ENGINEERING,Open,https://example.com?utm_source=mailchimp&utm_campaign=email-sustainable_engineering-7,2026-04-22 11:17:40.971412
57ea0485-bd4a-43ab-b876-ea2bb02d6f38,michelle.wright@equinor.com,CMP_PAST_ASSET_OPTIMIZATION,Open,https://example.com?utm_source=mailchimp&utm_campaign=email-asset_optimization-2,2025-05-16 14:06:09.971412
90f60db7-18bb-4873-8756-104f32f3fcd6,michelle.wright@equinor.com,CMP_PAST_ASSET_OPTIMIZATION,Open,https://example.com?utm_source=mailchimp&utm_campaign=email-asset_optimization-5,2025-10-07 05:13:42.971412
dbcb36c6-40cf-463e-ada0-2b687b045e09,michelle.wright@equinor.com,CMP_PAST_ASSET_OPTIMIZATION,Open,https://example.com?utm_source=mailchimp&utm_campaign=email-asset_optimization-5,2025-10-09 03:13:42.971412
a472622e-fd37-4ef2-a48e-ff224bc611d2,michelle.wright@equinor.com,CMP_PAST_ASSET_OPTIMIZATION,Click,https://example.com?utm_source=mailchimp&utm_campaign=email-asset_optimization-5,2025-10-07 05:14:09.971412
519fd6ca-44ad-4b4e-8630-36d10bfb1570,michelle.wright@equinor.com,CMP_PAST_ASSET_OPTIMIZATION,Open,https://example.com?utm_source=mailchimp&utm_campaign=email-asset_optimization-7,2026-01-09 01:47:44.971412
6ad34826-eada-4950-9e6f-39dd432a9ca4,michelle.wright@equinor.com,CMP_PAST_ASSET_OPTIMIZATION,Open,https://example.com?utm_source=mailchimp&utm_campaign=email-asset_optimization-7,2026-01-09 15:47:44.971412
b78f1d98-f488-4b8d-94f2-c6eb86524cff,michelle.wright@equinor.com,CMP_PAST_ASSET_OPTIMIZATION,Open,https://example.com?utm_source=mailchimp&utm_campaign=email-asset_optimization-6,2025-12-10 10:17:44.971412
3aa081c2-1875-4f8d-8c80-61599400064f,michelle.wright@equinor.com,CMP_PAST_ASSET_OPTIMIZATION,Open,https://example.com?utm_source=mailchimp&utm_campaign=email-asset_optimization-6,2025-12-12 09:17:44.971412
fcb21ae7-8b7d-435f-af2d-71d5385f6941,michelle.wright@equinor.com,CMP_PAST_ASSET_OPTIMIZATION,Open,https://example.com?utm_source=mailchimp&utm_campaign=email-asset_optimization-6,2025-12-12 09:17:44.971412
b845d166-1a6e-470d-b922-9d579ea59a27,michelle.wright@equinor.com,CMP_PAST_ASSET_OPTIMIZATION,Open,https://example.com?utm_source=mailchimp&utm_campaign=email-asset_optimization-4,2025-08-30 10:56:12.971412
8e084505-813f-437a-9f09-189193125f2f,john.leblanc@equinor.com,CMP_LIVE_DECARBONIZATION_25_26,Open,https://example.com?utm_source=mailchimp&utm_campaign=email-live_decarbonization_25_26-3,2026-07-20 05:21:05.971412
e5b5c6b9-288e-4562-bb71-11b7d28dea4d,yvette.huff@equinor.com,CMP_LIVE_HYDROGEN_INFRASTRUCTURE,Open,https://example.com?utm_source=mailchimp&utm_campaign=email-hydrogen_infrastructure-4,2026-03-15 01:36:47.971412
60f1c235-97c2-4e0f-9a92-efac7f50fbc2,yvette.huff@equinor.com,CMP_LIVE_HYDROGEN_INFRASTRUCTURE,Open,https://example.com?utm_source=mailchimp&utm_campaign=email-hydrogen_infrastructure-1,2025-09-30 22:24:14.971412
412a055b-5e55-4a8e-9663-d0462121c44c,yvette.huff@equinor.com,CMP_LIVE_HYDROGEN_INFRASTRUCTURE,Open,https://example.com?utm_source=mailchimp&utm_campaign=email-hydrogen_infrastructure-8,2026-08-29 05:08:30.971412
6bffa962-e81e-48de-b2f4-6c1281c2b6eb,yvette.huff@equinor.com,CMP_LIVE_HYDROGEN_INFRASTRUCTURE,Open,https://example.com?utm_source=mailchimp&utm_campaign=email-hydrogen_infrastructure-5,2026-04-04 03:19:36.971412
f164ac93-ce27-4516-b28a-7b01562d0232,yvette.huff@equinor.com,CMP_LIVE_HYDROGEN_INFRASTRUCTURE,Open,https://example.com?utm_source=mailchimp&utm_campaign=email-hydrogen_infrastructure-3,2026-01-02 12:48:03.971412
6da534e1-6a04-49b0-a674-a932e292546b,nicholas.galloway@equinor.com,CMP_LIVE_DECARBONIZATION_25_26,Open,https://example.com?utm_source=mailchimp&utm_campaign=email-live_decarbonization_25_26-4,2026-09-08 20:27:32.971412
83367b74-4af2-4bd4-8bd6-10eeca8d3f6c,nicholas.galloway@equinor.com,CMP_LIVE_DECARBONIZATION_25_26,Open,https://example.com?utm_source=mailchimp&utm_campaign=email-live_decarbonization_25_26-3,2026-07-24 07:48:16.971412
ff6430fa-ba96-47fc-980a-c0ce6bd46afc,nicholas.galloway@equinor.com,CMP_LIVE_DECARBONIZATION_25_26,Open,https://example.com?utm_source=mailchimp&utm_campaign=email-live_decarbonization_25_26-1,2026-03-13 23:31:28.971412
433fc60f-2846-4648-843a-8f3b7911d616,nicholas.galloway@equinor.com,CMP_LIVE_DECARBONIZATION_25_26,Open,https://example.com?utm_source=mailchimp&utm_campaign=email-live_decarbonization_25_26-2,2026-05-12 02:20:12.971412
2902ca6c-6ebf-48a7-b672-7624dc506435,spencer.henderson@equinor.com,CMP_LIVE_DECARBONIZATION_25_26,Open,https://example.com?utm_source=mailchimp&utm_campaign=email-live_decarbonization_25_26-3,2026-08-22 07:19:34.971412
85a2ffb0-d983-4737-a789-7edc04285289,spencer.henderson@equinor.com,CMP_LIVE_DECARBONIZATION_25_26,Open,https://example.com?utm_source=mailchimp&utm_campaign=email-live_decarbonization_25_26-4,2026-09-08 12:39:41.971412
ea069258-81ed-4f38-8f21-15f1241bfa3d,susan.cowan@equinor.com,CMP_LIVE_DIGITAL_TWIN,Open,https://example.com?utm_source=mailchimp&utm_campaign=email-digital_twin-1,2025-12-16 04:47:57.971412
32b14d1b-0a29-4cb7-939b-c2c81fe06da1,susan.cowan@equinor.com,CMP_LIVE_DIGITAL_TWIN,Click,https://example.com?utm_source=mailchimp&utm_campaign=email-digital_twin-1,2025-12-16 04:49:03.971412
ff81615d-d80e-4d21-9068-fc0b65c607ff,susan.cowan@equinor.com,CMP_LIVE_DIGITAL_TWIN,Open,https://example.com?utm_source=mailchimp&utm_campaign=email-digital_twin-3,2026-03-24 09:10:09.971412
4613616e-4699-49bc-bc48-b3d5c3c27bab,susan.cowan@equinor.com,CMP_LIVE_DIGITAL_TWIN,Click,https://example.com?utm_source=mailchimp&utm_campaign=email-digital_twin-3,2026-03-24 09:12:40.971412
c504e23b-df22-441c-8548-6f467ae6af9c,susan.cowan@equinor.com,CMP_LIVE_DIGITAL_TWIN,Open,https://example.com?utm_source=mailchimp&utm_campaign=email-digital_twin-6,2026-08-29 19:36:43.971412
9ec86633-2f48-4e39-8fcb-71b64bd2226d,susan.cowan@equinor.com,CMP_LIVE_DIGITAL_TWIN,Click,https://example.com?utm_source=mailchimp&utm_campaign=email-digital_twin-6,2026-08-29 19:39:13.971412
b20a2f43-93f5-42f9-91cd-8b81e44af865,susan.cowan@equinor.com,CMP_LIVE_DIGITAL_TWIN,Open,https://example.com?utm_source=mailchimp&utm_campaign=email-digital_twin-5,2026-07-28 15:27:01.971412
b1ccc90a-1142-4467-935d-4b19d09060cd,susan.cowan@equinor.com,CMP_LIVE_DIGITAL_TWIN,Open,https://example.com?utm_source=mailchimp&utm_campaign=email-digital_twin-5,2026-07-30 05:27:01.971412
ed20cb20-65c9-4722-9b10-09f7aa2f54df,susan.cowan@equinor.com,CMP_LIVE_DIGITAL_TWIN,Click,https://example.com?utm_source=mailchimp&utm_campaign=email-digital_twin-5,2026-07-28 15:27:50.971412
66523582-b938-4977-9990-b5bd109aa01e,angela.higgins@equinor.com,CMP_PAST_ASSET_OPTIMIZATION,Open,https://example.com?utm_source=mailchimp&utm_campaign=email-asset_optimization-7,2026-01-09 01:47:12.971412
2d4cb9a8-361d-4e7c-9da7-840a7daa478c,angela.higgins@equinor.com,CMP_PAST_ASSET_OPTIMIZATION,Open,https://example.com?utm_source=mailchimp&utm_campaign=email-asset_optimization-5,2025-10-07 08:00:49.971412
aef62902-2631-481f-91c1-1d31ed08278b,angela.higgins@equinor.com,CMP_PAST_ASSET_OPTIMIZATION,Open,https://example.com?utm_source=mailchimp&utm_campaign=email-asset_optimization-5,2025-10-07 23:00:49.971412
7f95a092-8d6e-4d28-abb3-f325127ee1e0,angela.higgins@equinor.com,CMP_PAST_ASSET_OPTIMIZATION,Open,https://example.com?utm_source=mailchimp&utm_campaign=email-asset_optimization-4,2025-08-17 02:53:18.971412
58a4ed32-ea98-4917-a1df-fff6e62bd975,angela.higgins@equinor.com,CMP_PAST_ASSET_OPTIMIZATION,Open,https://example.com?utm_source=mailchimp&utm_campaign=email-asset_optimization-1,2025-03-26 03:32:21.971412
9db8d187-8639-4241-a342-7afed0d8a4c6,eric.phillips@equinor.com,CMP_LIVE_DIGITAL_TWIN,Open,https://example.com?utm_source=mailchimp&utm_campaign=email-digital_twin-5,2026-07-04 11:18:29.971412
60c73033-5f0d-4e88-b213-b072d9ea3933,eric.phillips@equinor.com,CMP_LIVE_DIGITAL_TWIN,Open,https://example.com?utm_source=mailchimp&utm_campaign=email-digital_twin-5,2026-07-04 16:18:29.971412
156f9e38-fb99-486c-aeb9-c3f5ac5eedcd,eric.phillips@equinor.com,CMP_LIVE_DIGITAL_TWIN,Click,https://example.com?utm_source=mailchimp&utm_campaign=email-digital_twin-5,2026-07-04 11:21:26.971412
9aa4607a-ca0c-4ce7-acac-66dc60b9dd9a,eric.phillips@equinor.com,CMP_LIVE_DIGITAL_TWIN,Open,https://example.com?utm_source=mailchimp&utm_campaign=email-digital_twin-6,2026-08-29 03:23:33.971412
8ebb4f3a-879e-4f08-87f4-897f05a03762,eric.phillips@equinor.com,CMP_LIVE_DIGITAL_TWIN,Open,https://example.com?utm_source=mailchimp&utm_campaign=email-digital_twin-3,2026-03-22 05:19:32.971412
1d84d77e-abf2-4340-98cd-85b96304c0dc,eric.phillips@equinor.com,CMP_LIVE_DIGITAL_TWIN,Click,https://example.com?utm_source=mailchimp&utm_campaign=email-digital_twin-3,2026-03-22 05:20:57.971412
05c35b6e-aa12-4c33-b44c-b036728827a0,eric.phillips@equinor.com,CMP_LIVE_DIGITAL_TWIN,Open,https://example.com?utm_source=mailchimp&utm_campaign=email-digital_twin-2,2026-02-08 02:58:48.971412
04fe2b8c-4e87-4319-8154-6f7c2482db78,eric.phillips@equinor.com,CMP_LIVE_DIGITAL_TWIN,Click,https://example.com?utm_source=mailchimp&utm_campaign=email-digital_twin-2,2026-02-08 02:59:06.971412
4761f0c1-afc6-427e-bd1d-7ce71312bd46,eric.phillips@equinor.com,CMP_LIVE_DIGITAL_TWIN,Open,https://example.com?utm_source=mailchimp&utm_campaign=email-digital_twin-1,2026-01-17 04:43:39.971412
d6546918-f652-4559-861b-ec22b8b14ee7,eric.phillips@equinor.com,CMP_LIVE_DIGITAL_TWIN,Open,https://example.com?utm_source=mailchimp&utm_campaign=email-digital_twin-4,2026-05-15 17:31:50.971412
09928c39-b703-4447-b439-34ee7eb51518,eric.phillips@equinor.com,CMP_LIVE_DIGITAL_TWIN,Open,https://example.com?utm_source=mailchimp&utm_campaign=email-digital_twin-4,2026-05-16 09:31:50.971412
a3052a8a-c1d1-456a-90b3-b513c318710a,tanya.riley@equinor.com,CMP_LIVE_DECARBONIZATION_25_26,Open,https://example.com?utm_source=mailchimp&utm_campaign=email-live_decarbonization_25_26-3,2026-07-17 01:49:21.971412
07657dce-b7fe-4731-8f6e-5380782e89d2,tanya.riley@equinor.com,CMP_LIVE_DECARBONIZATION_25_26,Open,https://example.com?utm_source=mailchimp&utm_campaign=email-live_decarbonization_25_26-3,2026-07-18 09:49:21.971412
3128f045-90ab-4aa1-a621-6cb60c63008d,tanya.riley@equinor.com,CMP_LIVE_DECARBONIZATION_25_26,Open,https://example.com?utm_source=mailchimp&utm_campaign=email-live_decarbonization_25_26-3,2026-07-17 23:49:21.971412
fa6606a1-2b7c-4771-8abe-db43cf8e13c7,tanya.riley@equinor.com,CMP_LIVE_DECARBONIZATION_25_26,Open,https://example.com?utm_source=mailchimp&utm_campaign=email-live_decarbonization_25_26-2,2026-05-12 03:45:40.971412
1e695ad6-94a6-4e14-922d-b4801db07fb0,tanya.riley@equinor.com,CMP_LIVE_DECARBONIZATION_25_26,Click,https://example.com?utm_source=mailchimp&utm_campaign=email-live_decarbonization_25_26-2,2026-05-12 03:48:33.971412
ef904d45-731f-4aff-bebc-805547c5e3d6,brian.silva@equinor.com,CMP_LIVE_DECARBONIZATION_25_26,Open,https://example.com?utm_source=mailchimp&utm_campaign=email-live_decarbonization_25_26-3,2026-07-17 20:15:05.971412
729e60f3-28ff-49bd-8742-cfbc84f30fc5,brian.silva@equinor.com,CMP_LIVE_DECARBONIZATION_25_26,Open,https://example.com?utm_source=mailchimp&utm_campaign=email-live_decarbonization_25_26-3,2026-07-18 09:15:05.971412
4a9ab1c1-81a0-46c6-9a38-8dc2f500df8e,wesley.farrell@equinor.com,CMP_LIVE_HYDROGEN_INFRASTRUCTURE,Open,https://example.com?utm_source=mailchimp&utm_campaign=email-hydrogen_infrastructure-3,2026-01-04 07:50:23.971412
21937ef4-1bd8-4f0f-ae0f-b44b65f8145d,wesley.farrell@equinor.com,CMP_LIVE_HYDROGEN_INFRASTRUCTURE,Open,https://example.com?utm_source=mailchimp&utm_campaign=email-hydrogen_infrastructure-5,2026-04-17 21:45:27.971412
b0e832cd-a3dd-4337-a57a-d1ada17ad1f4,wesley.farrell@equinor.com,CMP_LIVE_HYDROGEN_INFRASTRUCTURE,Open,https://example.com?utm_source=mailchimp&utm_campaign=email-hydrogen_infrastructure-4,2026-02-12 16:56:06.971412
2b5556ac-abb3-4d7b-a558-9a6b3f04862d,eric.yu@equinor.com,CMP_PAST_SUSTAINABLE_ENGINEERING,Open,https://example.com?utm_source=mailchimp&utm_campaign=email-sustainable_engineering-6,2026-02-27 01:32:40.971412
6b768cb7-8182-4007-af6b-a94dd9ca0326,christopher.lopez@equinor.com,CMP_LIVE_DIGITAL_TWIN,Open,https://example.com?utm_source=mailchimp&utm_campaign=email-digital_twin-5,2026-06-29 06:46:40.971412
705902b4-6173-4928-839c-b6ee9dc3f015,christopher.lopez@equinor.com,CMP_LIVE_DIGITAL_TWIN,Open,https://example.com?utm_source=mailchimp&utm_campaign=email-digital_twin-5,2026-06-29 13:46:40.971412
7b4ff7bd-c3f4-4f9e-b6f9-3b456143d51e,christopher.lopez@equinor.com,CMP_LIVE_DIGITAL_TWIN,Open,https://example.com?utm_source=mailchimp&utm_campaign=email-digital_twin-5,2026-06-29 18:46:40.971412
3ff7bd02-ec67-444b-9758-2f3d9dad0aad,joe.wilson@equinor.com,CMP_PAST_ASSET_OPTIMIZATION,Open,https://example.com?utm_source=mailchimp&utm_campaign=email-asset_optimization-5,2025-10-22 11:40:01.971412
ae2d4f20-6428-486d-b629-cc77c58257af,joe.wilson@equinor.com,CMP_PAST_ASSET_OPTIMIZATION,Click,https://example.com?utm_source=mailchimp&utm_campaign=email-asset_optimization-5,2025-10-22 11:40:55.971412
cf9c1f2f-133d-46ab-b939-67d85afca491,joe.wilson@equinor.com,CMP_PAST_ASSET_OPTIMIZATION,Open,https://example.com?utm_source=mailchimp&utm_campaign=email-asset_optimization-3,2025-07-16 04:17:44.971412
7d57a929-db33-43ed-8835-60121564c4d3,joe.wilson@equinor.com,CMP_PAST_ASSET_OPTIMIZATION,Open,https://example.com?utm_source=mailchimp&utm_campaign=email-asset_optimization-2,2025-05-07 13:23:34.971412
317c8730-6bb2-4ad1-a89c-b8792b36fafb,pamela.sanchez@equinor.com,CMP_LIVE_HYDROGEN_INFRASTRUCTURE,Open,https://example.com?utm_source=mailchimp&utm_campaign=email-hydrogen_infrastructure-3,2026-01-02 16:53:24.971412
876be3a9-8ddf-45e0-afa1-662ce99f4129,pamela.sanchez@equinor.com,CMP_LIVE_HYDROGEN_INFRASTRUCTURE,Click,https://example.com?utm_source=mailchimp&utm_campaign=email-hydrogen_infrastructure-3,2026-01-02 16:55:44.971412
8950207a-4c58-4d05-83d0-396a901781ee,pamela.sanchez@equinor.com,CMP_LIVE_HYDROGEN_INFRASTRUCTURE,Open,https://example.com?utm_source=mailchimp&utm_campaign=email-hydrogen_infrastructure-6,2026-06-01 04:52:24.971412
229343ad-3ac3-4eab-9568-a9260a5ff46c,pamela.sanchez@equinor.com,CMP_LIVE_HYDROGEN_INFRASTRUCTURE,Open,https://example.com?utm_source=mailchimp&utm_campaign=email-hydrogen_infrastructure-4,2026-02-20 00:44:57.971412
6a759d00-a426-4644-928f-34e1122d6675,pamela.sanchez@equinor.com,CMP_LIVE_HYDROGEN_INFRASTRUCTURE,Click,https://example.com?utm_source=mailchimp&utm_campaign=email-hydrogen_infrastructure-4,2026-02-20 00:46:00.971412
81b56c5a-8cd4-4ff4-a5c7-c126401a877c,pamela.sanchez@equinor.com,CMP_LIVE_HYDROGEN_INFRASTRUCTURE,Open,https://example.com?utm_source=mailchimp&utm_campaign=email-hydrogen_infrastructure-2,2025-11-01 13:12:09.971412
e88d9251-423c-4bcd-8a54-84b4e8af990f,pamela.sanchez@equinor.com,CMP_LIVE_HYDROGEN_INFRASTRUCTURE,Open,https://example.com?utm_source=mailchimp&utm_campaign=email-hydrogen_infrastructure-8,2026-09-07 23:50:15.971412
001c8331-0483-4378-8259-f130c3157dc9,brooke.harvey@equinor.com,CMP_LIVE_DIGITAL_TWIN,Open,https://example.com?utm_source=mailchimp&utm_campaign=email-digital_twin-6,2026-08-30 08:06:45.971412
07523326-fc59-453c-81a8-83e2b32b4e8b,brooke.harvey@equinor.com,CMP_LIVE_DIGITAL_TWIN,Click,https://example.com?utm_source=mailchimp&utm_campaign=email-digital_twin-6,2026-08-30 08:07:40.971412
8e8c908a-574b-4d38-acfc-714446163c56,brooke.harvey@equinor.com,CMP_LIVE_DIGITAL_TWIN,Open,https://example.com?utm_source=mailchimp&utm_campaign=email-digital_twin-1,2025-12-16 19:02:23.971412
19d0687d-c9de-4f4d-9d4e-f127f542b3da,brooke.harvey@equinor.com,CMP_LIVE_DIGITAL_TWIN,Open,https://example.com?utm_source=mailchimp&utm_campaign=email-digital_twin-5,2026-07-11 01:52:54.971412
a5e434a1-71ce-41e6-ad2a-030155337c58,brooke.harvey@equinor.com,CMP_LIVE_DIGITAL_TWIN,Open,https://example.com?utm_source=mailchimp&utm_campaign=email-digital_twin-3,2026-04-20 10:10:24.971412
da21f3a5-ec5f-4aba-90d1-7505d230e672,brooke.harvey@equinor.com,CMP_LIVE_DIGITAL_TWIN,Open,https://example.com?utm_source=mailchimp&utm_campaign=email-digital_twin-2,2026-01-30 01:48:39.971412
b5cd5f6c-2fa5-41b7-8ea2-0ecb75f8d35d,brooke.harvey@equinor.com,CMP_LIVE_DIGITAL_TWIN,Click,https://example.com?utm_source=mailchimp&utm_campaign=email-digital_twin-2,2026-01-30 01:50:01.971412
0ef5683c-67d9-4a95-87e7-2d33b2c401ad,brooke.harvey@equinor.com,CMP_LIVE_DIGITAL_TWIN,Open,https://example.com?utm_source=mailchimp&utm_campaign=email-digital_twin-4,2026-05-15 03:11:24.971412
cba65db9-289c-4751-b11e-f9000095933a,brooke.harvey@equinor.com,CMP_LIVE_DIGITAL_TWIN,Open,https://example.com?utm_source=mailchimp&utm_campaign=email-digital_twin-4,2026-05-16 16:11:24.971412
2d34d74b-6762-4fc4-b861-cfb80c390d63,brooke.harvey@equinor.com,CMP_LIVE_DIGITAL_TWIN,Click,https://example.com?utm_source=mailchimp&utm_campaign=email-digital_twin-4,2026-05-15 03:12:51.971412
8750b71f-d498-45a7-a59c-9d0f6153f159,robert.silva@equinor.com,CMP_LIVE_DIGITAL_TWIN,Open,https://example.com?utm_source=mailchimp&utm_campaign=email-digital_twin-5,2026-07-04 21:29:54.971412
7b4780e0-76d5-4f1f-a115-383211278b2a,robert.silva@equinor.com,CMP_LIVE_DIGITAL_TWIN,Click,https://example.com?utm_source=mailchimp&utm_campaign=email-digital_twin-5,2026-07-04 21:31:05.971412
a9f06e71-8d5b-4d76-9691-1c09bcf8bee4,robert.silva@equinor.com,CMP_LIVE_DIGITAL_TWIN,Open,https://example.com?utm_source=mailchimp&utm_campaign=email-digital_twin-1,2025-12-16 01:47:12.971412
fa599f6b-35da-4a48-8226-f2492a51ad0a,robert.silva@equinor.com,CMP_LIVE_DIGITAL_TWIN,Open,https://example.com?utm_source=mailchimp&utm_campaign=email-digital_twin-1,2025-12-17 20:47:12.971412
625262c0-2292-4323-a891-8627456dda11,robert.silva@equinor.com,CMP_LIVE_DIGITAL_TWIN,Open,https://example.com?utm_source=mailchimp&utm_campaign=email-digital_twin-1,2025-12-17 10:47:12.971412
1a134e70-e29c-45ab-9e5f-ce2114c4ae99,robert.silva@equinor.com,CMP_LIVE_DIGITAL_TWIN,Open,https://example.com?utm_source=mailchimp&utm_campaign=email-digital_twin-6,2026-09-02 04:35:34.971412
421ba821-f910-4b8e-b0e0-bd3ebd33fab0,robert.silva@equinor.com,CMP_LIVE_DIGITAL_TWIN,Open,https://example.com?utm_source=mailchimp&utm_campaign=email-digital_twin-4,2026-05-16 01:35:48.971412
8830a031-bd1c-4d73-960e-3b118a97166e,robert.silva@equinor.com,CMP_LIVE_DIGITAL_TWIN,Open,https://example.com?utm_source=mailchimp&utm_campaign=email-digital_twin-2,2026-02-03 10:48:29.971412
a86837ea-d11f-4330-9b6d-c701f5a7e22c,robert.silva@equinor.com,CMP_LIVE_DIGITAL_TWIN,Open,https://example.com?utm_source=mailchimp&utm_campaign=email-digital_twin-3,2026-03-31 09:18:53.971412
a4323249-aa65-46b6-9837-5b6947855cbc,robert.silva@equinor.com,CMP_LIVE_DIGITAL_TWIN,Open,https://example.com?utm_source=mailchimp&utm_campaign=email-digital_twin-3,2026-04-01 14:18:53.971412
5c70e1cf-1c4a-4996-b53c-33072bb97a9a,alexandra.donovan@equinor.com,CMP_PAST_SUSTAINABLE_ENGINEERING,Open,https://example.com?utm_source=mailchimp&utm_campaign=email-sustainable_engineering-2,2025-08-12 06:26:34.971412
4ca67e8e-4c74-41b8-a93a-8d7b8a51346e,alexandra.donovan@equinor.com,CMP_PAST_SUSTAINABLE_ENGINEERING,Open,https://example.com?utm_source=mailchimp&utm_campaign=email-sustainable_engineering-3,2025-10-16 03:43:11.971412
1c7bd4d1-f7c6-4d4c-8d25-1727fae672f8,alexandra.donovan@equinor.com,CMP_PAST_SUSTAINABLE_ENGINEERING,Open,https://example.com?utm_source=mailchimp&utm_campaign=email-sustainable_engineering-3,2025-10-17 11:43:11.971412
9838dc9c-7cd3-4673-9eef-9a05d13a3f8a,alexandra.donovan@equinor.com,CMP_PAST_SUSTAINABLE_ENGINEERING,Click,https://example.com?utm_source=mailchimp&utm_campaign=email-sustainable_engineering-3,2025-10-16 03:45:53.971412
c6d232eb-cf5d-448e-874f-255c08a80999,emily.evans@bp.com,CMP_PAST_ASSET_OPTIMIZATION,Open,https://example.com?utm_source=mailchimp&utm_campaign=email-asset_optimization-4,2025-09-26 02:00:39.971412
dc2165ac-b951-43c1-a5da-85c70d13f3b1,emily.evans@bp.com,CMP_PAST_ASSET_OPTIMIZATION,Open,https://example.com?utm_source=mailchimp&utm_campaign=email-asset_optimization-4,2025-09-27 16:00:39.971412
50280bb2-ac7c-461b-ae03-7d31a22eff0d,leslie.walton@bp.com,CMP_PAST_SUSTAINABLE_ENGINEERING,Open,https://example.com?utm_source=mailchimp&utm_campaign=email-sustainable_engineering-6,2026-02-22 11:21:50.971412
008972eb-b176-40ee-bfcf-df4b1b71f936,leslie.walton@bp.com,CMP_PAST_SUSTAINABLE_ENGINEERING,Click,https://example.com?utm_source=mailchimp&utm_campaign=email-sustainable_engineering-6,2026-02-22 11:23:55.971412
878b3952-48f6-40a5-9942-2176ca65d1f0,leslie.walton@bp.com,CMP_PAST_SUSTAINABLE_ENGINEERING,Open,https://example.com?utm_source=mailchimp&utm_campaign=email-sustainable_engineering-3,2025-10-03 02:40:22.971412
27aecf20-fc7a-46a5-9f55-62d9cafa5390,leslie.walton@bp.com,CMP_PAST_SUSTAINABLE_ENGINEERING,Open,https://example.com?utm_source=mailchimp&utm_campaign=email-sustainable_engineering-7,2026-04-20 02:16:29.971412
7a77defd-b144-4bab-9f0f-b864d449e52a,charles.ellis@bp.com,CMP_PAST_ASSET_OPTIMIZATION,Open,https://example.com?utm_source=mailchimp&utm_campaign=email-asset_optimization-6,2025-11-22 12:57:49.971412
c57c3322-f12d-495c-8fcf-52b312c36f69,charles.ellis@bp.com,CMP_PAST_ASSET_OPTIMIZATION,Click,https://example.com?utm_source=mailchimp&utm_campaign=email-asset_optimization-6,2025-11-22 12:58:55.971412
ae2857ba-487d-4184-9a3c-7201384c97e7,charles.ellis@bp.com,CMP_PAST_ASSET_OPTIMIZATION,Open,https://example.com?utm_source=mailchimp&utm_campaign=email-asset_optimization-5,2025-10-07 07:38:09.971412
209f305f-afdf-4f86-b155-7bda85f6ab7c,charles.ellis@bp.com,CMP_PAST_ASSET_OPTIMIZATION,Open,https://example.com?utm_source=mailchimp&utm_campaign=email-asset_optimization-1,2025-03-12 17:24:18.971412
aad403da-6d2d-485e-a045-fe714a5251c2,charles.ellis@bp.com,CMP_PAST_ASSET_OPTIMIZATION,Open,https://example.com?utm_source=mailchimp&utm_campaign=email-asset_optimization-2,2025-06-06 19:56:12.971412
a4f5597f-7402-417d-a180-815be851b5a6,charles.ellis@bp.com,CMP_PAST_ASSET_OPTIMIZATION,Open,https://example.com?utm_source=mailchimp&utm_campaign=email-asset_optimization-2,2025-06-07 11:56:12.971412
a5a6998a-b068-4c4e-aede-70a97503cc97,charles.ellis@bp.com,CMP_PAST_ASSET_OPTIMIZATION,Open,https://example.com?utm_source=mailchimp&utm_campaign=email-asset_optimization-2,2025-06-07 06:56:12.971412
51201646-01da-4ed0-a47a-944517b353a8,charles.ellis@bp.com,CMP_PAST_ASSET_OPTIMIZATION,Open,https://example.com?utm_source=mailchimp&utm_campaign=email-asset_optimization-7,2026-01-19 01:41:41.971412
39f51b19-dd89-4925-9570-0213dbf8aed1,charles.ellis@bp.com,CMP_PAST_ASSET_OPTIMIZATION,Open,https://example.com?utm_source=mailchimp&utm_campaign=email-asset_optimization-3,2025-07-15 23:41:52.971412
d7197679-12f3-4c5c-a846-88ba1800f6b2,yolanda.ferrell@bp.com,CMP_PAST_ASSET_OPTIMIZATION,Open,https://example.com?utm_source=mailchimp&utm_campaign=email-asset_optimization-4,2025-09-24 11:39:41.971412
3204d4c7-ac8c-407f-baaf-a890176396c2,yolanda.ferrell@bp.com,CMP_PAST_ASSET_OPTIMIZATION,Open,https://example.com?utm_source=mailchimp&utm_campaign=email-asset_optimization-7,2026-02-12 05:02:07.971412
e1bfb890-3a4e-415b-b0d6-a8c9b8987997,joseph.mahoney@bp.com,CMP_LIVE_DIGITAL_TWIN,Open,https://example.com?utm_source=mailchimp&utm_campaign=email-digital_twin-3,2026-03-22 03:01:26.971412
13ac5459-a1c0-403f-906c-a25a1bc7c87c,nicole.suarez@bp.com,CMP_LIVE_DECARBONIZATION_25_26,Open,https://example.com?utm_source=mailchimp&utm_campaign=email-live_decarbonization_25_26-4,2026-09-08 05:08:33.971412
64fd3407-cf71-452c-b4a1-a0b3b2d93ff4,nicole.suarez@bp.com,CMP_LIVE_DECARBONIZATION_25_26,Open,https://example.com?utm_source=mailchimp&utm_campaign=email-live_decarbonization_25_26-4,2026-09-08 01:47:12.971412
1ee8a7f8-4764-40e6-b30e-ebf0d3630c99,nicole.suarez@bp.com,CMP_LIVE_DECARBONIZATION_25_26,Open,https://example.com?utm_source=mailchimp&utm_campaign=email-live_decarbonization_25_26-3,2026-08-03 07:55:31.971412
88484ece-6753-4907-b5e3-0bb91b636961,nicole.suarez@bp.com,CMP_LIVE_DECARBONIZATION_25_26,Open,https://example.com?utm_source=mailchimp&utm_campaign=email-live_decarbonization_25_26-1,2026-04-08 18:56:47.971412
6641b622-e3f0-47d0-9554-df5f594f2905,nicole.suarez@bp.com,CMP_LIVE_DECARBONIZATION_25_26,Open,https://example.com?utm_source=mailchimp&utm_campaign=email-live_decarbonization_25_26-2,2026-05-12 03:11:22.971412
58a46b6b-1975-47dc-9b5f-be06421b1296,mike.moore@bp.com,CMP_LIVE_DECARBONIZATION_25_26,Open,https://example.com?utm_source=mailchimp&utm_campaign=email-live_decarbonization_25_26-2,2026-05-12 23:59:40.971412
9e5c7571-7d76-4002-a118-97271e6009ea,cheryl.archer@bp.com,CMP_LIVE_DECARBONIZATION_25_26,Open,https://example.com?utm_source=mailchimp&utm_campaign=email-live_decarbonization_25_26-4,2026-09-08 01:51:48.971412
893597a4-2ee0-41dd-8173-28e42d0d16df,cheryl.archer@bp.com,CMP_LIVE_DECARBONIZATION_25_26,Open,https://example.com?utm_source=mailchimp&utm_campaign=email-live_decarbonization_25_26-1,2026-03-13 03:02:50.971412
24530d7f-07ef-4b5c-b828-5fde2930690c,cheryl.archer@bp.com,CMP_LIVE_DECARBONIZATION_25_26,Open,https://example.com?utm_source=mailchimp&utm_campaign=email-live_decarbonization_25_26-3,2026-08-19 22:50:14.971412
20b89f4d-81df-47a1-be50-03cdb13f82f2,cheryl.archer@bp.com,CMP_LIVE_DECARBONIZATION_25_26,Click,https://example.com?utm_source=mailchimp&utm_campaign=email-live_decarbonization_25_26-3,2026-08-19 22:52:03.971412
4a910d0e-a66a-4127-a7aa-a7c8dd3532c4,destiny.smith@bp.com,CMP_LIVE_DECARBONIZATION_25_26,Open,https://example.com?utm_source=mailchimp&utm_campaign=email-live_decarbonization_25_26-4,2026-09-08 03:11:55.971412
100fdeb8-5ebe-439b-b0d7-eba8c9323ff2,destiny.smith@bp.com,CMP_LIVE_DECARBONIZATION_25_26,Open,https://example.com?utm_source=mailchimp&utm_campaign=email-live_decarbonization_25_26-1,2026-03-13 01:47:12.971412
9ab87739-e028-4b58-a437-05c6af659d91,elizabeth.mcmillan@bp.com,CMP_PAST_ASSET_OPTIMIZATION,Open,https://example.com?utm_source=mailchimp&utm_campaign=email-asset_optimization-4,2025-08-17 02:24:58.971412
a1d11632-ed24-40b0-b40d-15e5d9cbc483,dennis.wilson@bp.com,CMP_LIVE_HYDROGEN_INFRASTRUCTURE,Open,https://example.com?utm_source=mailchimp&utm_campaign=email-hydrogen_infrastructure-6,2026-06-05 08:23:14.971412
2fa80de1-1ca9-4caf-a2fb-61684df826f5,dennis.wilson@bp.com,CMP_LIVE_HYDROGEN_INFRASTRUCTURE,Open,https://example.com?utm_source=mailchimp&utm_campaign=email-hydrogen_infrastructure-4,2026-02-12 03:07:05.971412
435dc04b-f612-46fb-8a4c-72e2cfcc11ac,dennis.wilson@bp.com,CMP_LIVE_HYDROGEN_INFRASTRUCTURE,Open,https://example.com?utm_source=mailchimp&utm_campaign=email-hydrogen_infrastructure-1,2025-09-21 19:40:22.971412
21f4447c-164e-4eea-b7d4-e4179b28aa04,dennis.wilson@bp.com,CMP_LIVE_HYDROGEN_INFRASTRUCTURE,Open,https://example.com?utm_source=mailchimp&utm_campaign=email-hydrogen_infrastructure-8,2026-08-29 01:49:47.971412
31248250-afd1-4009-851a-8e29b2826d71,dennis.wilson@bp.com,CMP_LIVE_HYDROGEN_INFRASTRUCTURE,Click,https://example.com?utm_source=mailchimp&utm_campaign=email-hydrogen_infrastructure-8,2026-08-29 01:52:34.971412
71184f75-957a-4e8c-b053-45d26ef42eb8,dennis.wilson@bp.com,CMP_LIVE_HYDROGEN_INFRASTRUCTURE,Open,https://example.com?utm_source=mailchimp&utm_campaign=email-hydrogen_infrastructure-3,2026-01-02 13:14:11.971412
2f812675-63aa-4de1-9e4a-ace4a92b5551,dennis.wilson@bp.com,CMP_LIVE_HYDROGEN_INFRASTRUCTURE,Click,https://example.com?utm_source=mailchimp&utm_campaign=email-hydrogen_infrastructure-3,2026-01-02 13:15:47.971412
040c9f6d-9167-45d0-b576-43c1ba4bb3f3,dennis.wilson@bp.com,CMP_LIVE_HYDROGEN_INFRASTRUCTURE,Open,https://example.com?utm_source=mailchimp&utm_campaign=email-hydrogen_infrastructure-7,2026-07-13 01:59:36.971412
c882dbf8-7de6-406e-b7b4-602998a14493,dennis.wilson@bp.com,CMP_LIVE_HYDROGEN_INFRASTRUCTURE,Click,https://example.com?utm_source=mailchimp&utm_campaign=email-hydrogen_infrastructure-7,2026-07-13 01:59:54.971412
848daef6-a5a7-4e5c-a536-93285baa0d3a,dennis.wilson@bp.com,CMP_LIVE_HYDROGEN_INFRASTRUCTURE,Open,https://example.com?utm_source=mailchimp&utm_campaign=email-hydrogen_infrastructure-2,2025-11-01 01:48:52.971412
8adf38e0-cc6d-4133-b6e1-6bd52d3630cf,joseph.jacobs@bp.com,CMP_LIVE_DIGITAL_TWIN,Open,https://example.com?utm_source=mailchimp&utm_campaign=email-digital_twin-3,2026-03-22 14:57:37.971412
951b1d57-f082-4bac-a637-aec256e5e5a4,joseph.jacobs@bp.com,CMP_LIVE_DIGITAL_TWIN,Open,https://example.com?utm_source=mailchimp&utm_campaign=email-digital_twin-1,2026-01-25 12:30:09.971412
e4958455-0608-4384-b59a-489d6e98a6ef,joseph.jacobs@bp.com,CMP_LIVE_DIGITAL_TWIN,Open,https://example.com?utm_source=mailchimp&utm_campaign=email-digital_twin-1,2026-01-26 19:30:09.971412
e438adf4-8d62-446b-a8de-cd27c015f771,cynthia.baker@bp.com,CMP_LIVE_HYDROGEN_INFRASTRUCTURE,Open,https://example.com?utm_source=mailchimp&utm_campaign=email-hydrogen_infrastructure-2,2025-11-02 07:02:26.971412
dc7e2a3c-ff17-4708-9ab6-9a7ceee69590,cynthia.baker@bp.com,CMP_LIVE_HYDROGEN_INFRASTRUCTURE,Open,https://example.com?utm_source=mailchimp&utm_campaign=email-hydrogen_infrastructure-2,2025-11-02 15:02:26.971412
6521359b-7ecd-4c9c-95eb-993ea74e07f3,cynthia.baker@bp.com,CMP_LIVE_HYDROGEN_INFRASTRUCTURE,Open,https://example.com?utm_source=mailchimp&utm_campaign=email-hydrogen_infrastructure-8,2026-08-29 03:47:10.971412
f448d5ea-fcde-4754-b3e0-e03b25ac1423,cynthia.baker@bp.com,CMP_LIVE_HYDROGEN_INFRASTRUCTURE,Open,https://example.com?utm_source=mailchimp&utm_campaign=email-hydrogen_infrastructure-4,2026-02-16 00:44:16.971412
be69fae4-f686-415c-bcc7-7cd05deb848b,cynthia.baker@bp.com,CMP_LIVE_HYDROGEN_INFRASTRUCTURE,Open,https://example.com?utm_source=mailchimp&utm_campaign=email-hydrogen_infrastructure-6,2026-06-01 14:11:49.971412
1b5972dc-bf10-49e2-a742-cce0548d2008,cynthia.baker@bp.com,CMP_LIVE_HYDROGEN_INFRASTRUCTURE,Click,https://example.com?utm_source=mailchimp&utm_campaign=email-hydrogen_infrastructure-6,2026-06-01 14:12:59.971412
f05c88f0-89d2-4f39-a211-4d83114cb825,cynthia.baker@bp.com,CMP_LIVE_HYDROGEN_INFRASTRUCTURE,Open,https://example.com?utm_source=mailchimp&utm_campaign=email-hydrogen_infrastructure-1,2025-10-04 20:35:17.971412
661f95b1-7796-46b8-a840-ce79554e6b5d,cynthia.baker@bp.com,CMP_LIVE_HYDROGEN_INFRASTRUCTURE,Open,https://example.com?utm_source=mailchimp&utm_campaign=email-hydrogen_infrastructure-1,2025-10-06 02:35:17.971412
3b2f7eb7-633c-49e8-99ba-45cd7928adaa,rodney.hill@bp.com,CMP_LIVE_DIGITAL_TWIN,Open,https://example.com?utm_source=mailchimp&utm_campaign=email-digital_twin-3,2026-04-13 11:23:31.971412
932de8a8-d2ef-49d9-96ab-8fbec76d42fa,rodney.hill@bp.com,CMP_LIVE_DIGITAL_TWIN,Open,https://example.com?utm_source=mailchimp&utm_campaign=email-digital_twin-2,2026-01-30 01:47:12.971412
baf250b9-38e0-4441-8071-c55d560af49b,rodney.hill@bp.com,CMP_LIVE_DIGITAL_TWIN,Click,https://example.com?utm_source=mailchimp&utm_campaign=email-digital_twin-2,2026-01-30 01:49:31.971412
f63fa439-9fe3-4890-a283-0a673fa19687,rodney.hill@bp.com,CMP_LIVE_DIGITAL_TWIN,Open,https://example.com?utm_source=mailchimp&utm_campaign=email-digital_twin-4,2026-05-15 01:50:31.971412
ea5c2b8e-03f4-4f58-a452-c87757fca3aa,adam.wise@bp.com,CMP_LIVE_DECARBONIZATION_25_26,Open,https://example.com?utm_source=mailchimp&utm_campaign=email-live_decarbonization_25_26-1,2026-03-22 22:17:21.971412
a7813c34-d0d9-4229-bbcf-46d74b3bd75e,adam.wise@bp.com,CMP_LIVE_DECARBONIZATION_25_26,Open,https://example.com?utm_source=mailchimp&utm_campaign=email-live_decarbonization_25_26-3,2026-07-20 18:17:14.971412
f676057a-7b13-48ac-8162-e20dcc6c12fa,ronald.smith@bp.com,CMP_LIVE_DIGITAL_TWIN,Open,https://example.com?utm_source=mailchimp&utm_campaign=email-digital_twin-4,2026-05-30 22:09:55.971412
53073228-ead0-4f7c-b0dd-ba861ac8c6ef,ronald.smith@bp.com,CMP_LIVE_DIGITAL_TWIN,Open,https://example.com?utm_source=mailchimp&utm_campaign=email-digital_twin-2,2026-02-04 02:07:31.971412
ab5e6fde-0d14-4828-b52f-e732f1dfb5a1,ronald.smith@bp.com,CMP_LIVE_DIGITAL_TWIN,Open,https://example.com?utm_source=mailchimp&utm_campaign=email-digital_twin-2,2026-02-04 07:07:31.971412
9e323731-a067-422e-b9bf-be3055a5818e,ronald.smith@bp.com,CMP_LIVE_DIGITAL_TWIN,Open,https://example.com?utm_source=mailchimp&utm_campaign=email-digital_twin-1,2025-12-16 01:47:41.971412
8b55f7db-a926-4e7b-b3ad-6f33801fb5e4,ronald.smith@bp.com,CMP_LIVE_DIGITAL_TWIN,Open,https://example.com?utm_source=mailchimp&utm_campaign=email-digital_twin-5,2026-06-30 08:34:33.971412
4df62017-62ea-4f75-a193-1b354dc487dd,charles.ware@bp.com,CMP_LIVE_DIGITAL_TWIN,Open,https://example.com?utm_source=mailchimp&utm_campaign=email-digital_twin-6,2026-09-03 12:04:02.971412
bc0fdc91-6ba4-4cb4-b14f-90f92c2b2017,charles.ware@bp.com,CMP_LIVE_DIGITAL_TWIN,Click,https://example.com?utm_source=mailchimp&utm_campaign=email-digital_twin-6,2026-09-03 12:04:42.971412
5e57a7e4-b9cc-461c-b9bc-99087e3d11e3,charles.ware@bp.com,CMP_LIVE_DIGITAL_TWIN,Open,https://example.com?utm_source=mailchimp&utm_campaign=email-digital_twin-5,2026-07-13 22:25:16.971412
e344fb76-de40-4e5a-a8c2-7ed3f98a5818,charles.ware@bp.com,CMP_LIVE_DIGITAL_TWIN,Open,https://example.com?utm_source=mailchimp&utm_campaign=email-digital_twin-1,2025-12-17 08:40:42.971412
81b9e811-1ea1-4357-90ca-ae1a9c8ef940,charles.ware@bp.com,CMP_LIVE_DIGITAL_TWIN,Open,https://example.com?utm_source=mailchimp&utm_campaign=email-digital_twin-2,2026-03-07 19:15:57.971412
1f3e88d7-8fb3-42c4-963d-c25d19cd1797,charles.ware@bp.com,CMP_LIVE_DIGITAL_TWIN,Open,https://example.com?utm_source=mailchimp&utm_campaign=email-digital_twin-3,2026-04-20 01:51:58.971412
94bf0722-bcd2-4bfa-b746-1a191e1036a7,charles.ware@bp.com,CMP_LIVE_DIGITAL_TWIN,Open,https://example.com?utm_source=mailchimp&utm_campaign=email-digital_twin-3,2026-04-20 19:51:58.971412
7ceab03c-ac18-4238-98b5-b79722586117,charles.ware@bp.com,CMP_LIVE_DIGITAL_TWIN,Click,https://example.com?utm_source=mailchimp&utm_campaign=email-digital_twin-3,2026-04-20 01:52:32.971412
2ced9ed1-2280-48f4-99c2-2117347d26a7,charles.ware@bp.com,CMP_LIVE_DIGITAL_TWIN,Open,https://example.com?utm_source=mailchimp&utm_campaign=email-digital_twin-4,2026-05-30 20:10:37.971412
72144ec6-ee7a-4548-98b7-0e21b5c490b1,charles.ware@bp.com,CMP_LIVE_DIGITAL_TWIN,Open,https://example.com?utm_source=mailchimp&utm_campaign=email-digital_twin-4,2026-06-01 16:10:37.971412
f0793050-28fc-4770-a1ad-93f7038a2024,rebecca.gardner@bp.com,CMP_LIVE_DIGITAL_TWIN,Open,https://example.com?utm_source=mailchimp&utm_campaign=email-digital_twin-5,2026-07-09 08:32:57.971412
56aef63c-0ad9-45fb-88d4-24b2e1f90c4d,rebecca.gardner@bp.com,CMP_LIVE_DIGITAL_TWIN,Open,https://example.com?utm_source=mailchimp&utm_campaign=email-digital_twin-5,2026-07-10 16:32:57.971412
1684308f-7625-48a3-9e67-59951122f3fc,rebecca.gardner@bp.com,CMP_LIVE_DIGITAL_TWIN,Open,https://example.com?utm_source=mailchimp&utm_campaign=email-digital_twin-1,2025-12-19 21:42:26.971412
7b4b1e88-ebcc-4216-808b-c0ac315f54f1,rebecca.gardner@bp.com,CMP_LIVE_DIGITAL_TWIN,Open,https://example.com?utm_source=mailchimp&utm_campaign=email-digital_twin-6,2026-08-29 01:50:18.971412
841cfc70-e40f-4dc6-bc24-4152c047cd15,rebecca.gardner@bp.com,CMP_LIVE_DIGITAL_TWIN,Open,https://example.com?utm_source=mailchimp&utm_campaign=email-digital_twin-4,2026-05-15 03:37:30.971412
2d8b6ac7-6069-48a5-8f5c-2ac8119cad0a,rebecca.gardner@bp.com,CMP_LIVE_DIGITAL_TWIN,Open,https://example.com?utm_source=mailchimp&utm_campaign=email-digital_twin-3,2026-04-01 15:02:48.971412
701fe123-58cb-42a2-ab5a-d65487b723f0,rebecca.gardner@bp.com,CMP_LIVE_DIGITAL_TWIN,Open,https://example.com?utm_source=mailchimp&utm_campaign=email-digital_twin-3,2026-04-03 09:02:48.971412
8af10a3d-5ffd-40d4-9ec3-15565f35c984,earl.anderson@bp.com,CMP_LIVE_DECARBONIZATION_25_26,Open,https://example.com?utm_source=mailchimp&utm_campaign=email-live_decarbonization_25_26-1,2026-03-15 19:45:26.971412
1c131d1f-3038-446d-8f4f-50342336c1aa,earl.anderson@bp.com,CMP_LIVE_DECARBONIZATION_25_26,Open,https://example.com?utm_source=mailchimp&utm_campaign=email-live_decarbonization_25_26-1,2026-03-16 11:45:26.971412
b511af76-4521-47e1-b382-d9a0953a6d26,earl.anderson@bp.com,CMP_LIVE_DECARBONIZATION_25_26,Click,https://example.com?utm_source=mailchimp&utm_campaign=email-live_decarbonization_25_26-1,2026-03-15 19:46:32.971412
01fe4e38-394c-4025-8649-1780efa6be08,earl.anderson@bp.com,CMP_LIVE_DECARBONIZATION_25_26,Open,https://example.com?utm_source=mailchimp&utm_campaign=email-live_decarbonization_25_26-2,2026-05-27 10:10:58.971412
43bf0a96-9f40-4e2a-b654-0920b8a86a88,earl.anderson@bp.com,CMP_LIVE_DECARBONIZATION_25_26,Open,https://example.com?utm_source=mailchimp&utm_campaign=email-live_decarbonization_25_26-4,2026-09-08 10:33:51.971412
da397069-b911-4180-a220-21314b686b23,earl.anderson@bp.com,CMP_LIVE_DECARBONIZATION_25_26,Open,https://example.com?utm_source=mailchimp&utm_campaign=email-live_decarbonization_25_26-3,2026-07-27 09:57:20.971412
33918f36-ebec-43ce-be1c-7748e1615dff,kyle.nolan@bp.com,CMP_PAST_SUSTAINABLE_ENGINEERING,Open,https://example.com?utm_source=mailchimp&utm_campaign=email-sustainable_engineering-1,2025-06-12 01:47:45.971412
1abbc037-c173-4be1-9706-cc7b48f9df16,kyle.nolan@bp.com,CMP_PAST_SUSTAINABLE_ENGINEERING,Click,https://example.com?utm_source=mailchimp&utm_campaign=email-sustainable_engineering-1,2025-06-12 01:49:04.971412
b253d483-be72-4873-a12b-9d66dd00b14a,kyle.nolan@bp.com,CMP_PAST_SUSTAINABLE_ENGINEERING,Open,https://example.com?utm_source=mailchimp&utm_campaign=email-sustainable_engineering-4,2025-11-18 04:41:38.971412
344b0181-27b2-46ae-af6a-8f9f6d24f92c,laura.valencia@bp.com,CMP_PAST_ASSET_OPTIMIZATION,Open,https://example.com?utm_source=mailchimp&utm_campaign=email-asset_optimization-6,2025-11-19 19:38:38.971412
227dc795-8ab7-40ef-9dc2-10a23c089e0f,laura.valencia@bp.com,CMP_PAST_ASSET_OPTIMIZATION,Open,https://example.com?utm_source=mailchimp&utm_campaign=email-asset_optimization-2,2025-05-02 01:50:49.971412
147ca22d-b01b-44d5-bc07-794a4500560f,laura.valencia@bp.com,CMP_PAST_ASSET_OPTIMIZATION,Open,https://example.com?utm_source=mailchimp&utm_campaign=email-asset_optimization-2,2025-05-03 10:50:49.971412
46279817-7c2c-439b-bc0d-6a928d54a5bd,john.garcia@bp.com,CMP_PAST_ASSET_OPTIMIZATION,Open,https://example.com?utm_source=mailchimp&utm_campaign=email-asset_optimization-2,2025-05-02 02:07:18.971412
a64a3221-390c-40b9-9a38-dc5bac7cbe39,kimberly.henson@bp.com,CMP_LIVE_HYDROGEN_INFRASTRUCTURE,Open,https://example.com?utm_source=mailchimp&utm_campaign=email-hydrogen_infrastructure-1,2025-10-14 17:36:27.971412
10d58565-45f4-4c54-a62b-a8279bd15f62,kimberly.henson@bp.com,CMP_LIVE_HYDROGEN_INFRASTRUCTURE,Open,https://example.com?utm_source=mailchimp&utm_campaign=email-hydrogen_infrastructure-6,2026-06-19 00:04:06.971412
7e4b90d7-84ee-4d9b-b49d-1d557ff6b375,kimberly.henson@bp.com,CMP_LIVE_HYDROGEN_INFRASTRUCTURE,Open,https://example.com?utm_source=mailchimp&utm_campaign=email-hydrogen_infrastructure-6,2026-06-19 07:04:06.971412
80f93cd4-4de1-4fcd-bd52-28df9deabfe2,kimberly.henson@bp.com,CMP_LIVE_HYDROGEN_INFRASTRUCTURE,Open,https://example.com?utm_source=mailchimp&utm_campaign=email-hydrogen_infrastructure-3,2026-02-12 19:02:35.971412
38bcfc19-14f0-4a32-8e9a-0806f3b8b8a5,kimberly.henson@bp.com,CMP_LIVE_HYDROGEN_INFRASTRUCTURE,Click,https://example.com?utm_source=mailchimp&utm_campaign=email-hydrogen_infrastructure-3,2026-02-12 19:04:52.971412
2fd188b6-0e3f-4a66-bfa0-c079205166de,kimberly.henson@bp.com,CMP_LIVE_HYDROGEN_INFRASTRUCTURE,Open,https://example.com?utm_source=mailchimp&utm_campaign=email-hydrogen_infrastructure-8,2026-09-03 19:59:55.971412
e6eebb64-df9b-471d-8792-b920232735a0,kimberly.henson@bp.com,CMP_LIVE_HYDROGEN_INFRASTRUCTURE,Open,https://example.com?utm_source=mailchimp&utm_campaign=email-hydrogen_infrastructure-8,2026-09-04 11:59:55.971412
8e8ee1a1-450c-406b-b0f8-31cbc3082151,kimberly.henson@bp.com,CMP_LIVE_HYDROGEN_INFRASTRUCTURE,Open,https://example.com?utm_source=mailchimp&utm_campaign=email-hydrogen_infrastructure-5,2026-04-05 10:17:53.971412
8e4daefc-6f76-4774-a68a-1eeb0145f527,kimberly.henson@bp.com,CMP_LIVE_HYDROGEN_INFRASTRUCTURE,Open,https://example.com?utm_source=mailchimp&utm_campaign=email-hydrogen_infrastructure-5,2026-04-05 20:17:53.971412
f52927ba-34da-411c-a83c-cb9d9b57fbf3,richard.oliver@bp.com,CMP_PAST_SUSTAINABLE_ENGINEERING,Open,https://example.com?utm_source=mailchimp&utm_campaign=email-sustainable_engineering-5,2026-01-04 20:19:46.971412
fa863983-07a8-4f17-bd8f-f0f98f1d5aac,richard.oliver@bp.com,CMP_PAST_SUSTAINABLE_ENGINEERING,Open,https://example.com?utm_source=mailchimp&utm_campaign=email-sustainable_engineering-3,2025-10-05 14:06:42.971412
bf68470d-14bc-4ebd-9dd4-46d0030ad91c,richard.oliver@bp.com,CMP_PAST_SUSTAINABLE_ENGINEERING,Open,https://example.com?utm_source=mailchimp&utm_campaign=email-sustainable_engineering-3,2025-10-07 01:06:42.971412
72f4a202-8c14-4fec-b414-fde99b47afc2,richard.oliver@bp.com,CMP_PAST_SUSTAINABLE_ENGINEERING,Open,https://example.com?utm_source=mailchimp&utm_campaign=email-sustainable_engineering-4,2025-11-18 03:22:16.971412
a556090a-539e-48e5-b182-67484839e843,richard.oliver@bp.com,CMP_PAST_SUSTAINABLE_ENGINEERING,Open,https://example.com?utm_source=mailchimp&utm_campaign=email-sustainable_engineering-1,2025-07-22 21:08:07.971412
a6e57bf4-222d-48e5-b332-1ed2a7d32668,richard.oliver@bp.com,CMP_PAST_SUSTAINABLE_ENGINEERING,Open,https://example.com?utm_source=mailchimp&utm_campaign=email-sustainable_engineering-7,2026-05-25 17:16:09.971412
4b051160-4d63-4e7c-bd70-47f73caf0993,richard.oliver@bp.com,CMP_PAST_SUSTAINABLE_ENGINEERING,Open,https://example.com?utm_source=mailchimp&utm_campaign=email-sustainable_engineering-7,2026-05-26 18:16:09.971412
a8b6a028-6b63-4777-a975-94966651b852,richard.oliver@bp.com,CMP_PAST_SUSTAINABLE_ENGINEERING,Open,https://example.com?utm_source=mailchimp&utm_campaign=email-sustainable_engineering-7,2026-05-26 20:16:09.971412
5b165af3-6301-467c-821b-cf66aba7d04e,richard.oliver@bp.com,CMP_PAST_SUSTAINABLE_ENGINEERING,Click,https://example.com?utm_source=mailchimp&utm_campaign=email-sustainable_engineering-7,2026-05-25 17:18:13.971412
eeb12bef-cdce-47ab-8978-5f76194c3d90,richard.oliver@bp.com,CMP_PAST_SUSTAINABLE_ENGINEERING,Open,https://example.com?utm_source=mailchimp&utm_campaign=email-sustainable_engineering-6,2026-03-04 16:19:27.971412
715a3c2f-e2a2-46ae-bf2a-fc0e42599be5,eric.spears@bp.com,CMP_LIVE_DIGITAL_TWIN,Open,https://example.com?utm_source=mailchimp&utm_campaign=email-digital_twin-2,2026-01-30 03:29:20.971412
43da2257-4cf1-4734-895b-fe4f03997b77,eric.spears@bp.com,CMP_LIVE_DIGITAL_TWIN,Open,https://example.com?utm_source=mailchimp&utm_campaign=email-digital_twin-2,2026-01-30 23:29:20.971412
f3f3e0d0-cf90-4e0e-89dd-2a965b7774ca,eric.spears@bp.com,CMP_LIVE_DIGITAL_TWIN,Open,https://example.com?utm_source=mailchimp&utm_campaign=email-digital_twin-1,2025-12-16 02:00:21.971412
5f8c54dd-b1ec-470b-8b42-73692a80d6f8,eric.spears@bp.com,CMP_LIVE_DIGITAL_TWIN,Open,https://example.com?utm_source=mailchimp&utm_campaign=email-digital_twin-5,2026-06-28 02:33:17.971412
f7b875c6-b42f-4248-8db3-3573857c12ee,eric.spears@bp.com,CMP_LIVE_DIGITAL_TWIN,Open,https://example.com?utm_source=mailchimp&utm_campaign=email-digital_twin-3,2026-03-25 05:05:30.971412
44fdd15e-f3bd-40ac-a274-83f570bb3f86,eric.spears@bp.com,CMP_LIVE_DIGITAL_TWIN,Open,https://example.com?utm_source=mailchimp&utm_campaign=email-digital_twin-3,2026-03-25 18:05:30.971412
c5d59c42-ed2f-414d-8bdc-ed1b712efcbd,eric.spears@bp.com,CMP_LIVE_DIGITAL_TWIN,Open,https://example.com?utm_source=mailchimp&utm_campaign=email-digital_twin-4,2026-05-19 00:10:16.971412
d584aeaa-f3cd-43a1-8b6b-bced7bef7143,eric.spears@bp.com,CMP_LIVE_DIGITAL_TWIN,Open,https://example.com?utm_source=mailchimp&utm_campaign=email-digital_twin-4,2026-05-20 21:10:16.971412
71c2787b-89b7-4bd4-836d-f27d978a00fc,michelle.cherry@bp.com,CMP_PAST_ASSET_OPTIMIZATION,Open,https://example.com?utm_source=mailchimp&utm_campaign=email-asset_optimization-7,2026-02-07 05:09:03.971412
75100b6f-b923-4a75-ba09-768571c4b7c3,michelle.cherry@bp.com,CMP_PAST_ASSET_OPTIMIZATION,Open,https://example.com?utm_source=mailchimp&utm_campaign=email-asset_optimization-4,2025-08-19 02:21:00.971412
8300df1d-2da3-448c-8c2f-a23dc62dbab5,lisa.keith@bp.com,CMP_LIVE_DECARBONIZATION_25_26,Open,https://example.com?utm_source=mailchimp&utm_campaign=email-live_decarbonization_25_26-3,2026-07-17 02:44:11.971412
56272395-86a8-4335-a53b-c2a2dc86a0f5,angel.doyle@bp.com,CMP_LIVE_DIGITAL_TWIN,Open,https://example.com?utm_source=mailchimp&utm_campaign=email-digital_twin-1,2025-12-16 03:23:31.971412
d4ce84df-f05b-40b4-a7c0-de901340a69e,angel.doyle@bp.com,CMP_LIVE_DIGITAL_TWIN,Open,https://example.com?utm_source=mailchimp&utm_campaign=email-digital_twin-5,2026-06-28 02:00:09.971412
48c0caa9-d2d7-4ee1-bd18-49762fbeccfb,angel.doyle@bp.com,CMP_LIVE_DIGITAL_TWIN,Click,https://example.com?utm_source=mailchimp&utm_campaign=email-digital_twin-5,2026-06-28 02:00:26.971412
1f968f7f-09f6-451a-8edc-822a344b4571,angel.doyle@bp.com,CMP_LIVE_DIGITAL_TWIN,Open,https://example.com?utm_source=mailchimp&utm_campaign=email-digital_twin-2,2026-03-03 07:49:15.971412
8ef1e26a-e287-471f-9edf-31516ee0a5ac,angel.doyle@bp.com,CMP_LIVE_DIGITAL_TWIN,Open,https://example.com?utm_source=mailchimp&utm_campaign=email-digital_twin-3,2026-03-24 23:58:37.971412
745c9905-6e52-4d04-b440-1a40d9c8d115,angel.doyle@bp.com,CMP_LIVE_DIGITAL_TWIN,Open,https://example.com?utm_source=mailchimp&utm_campaign=email-digital_twin-4,2026-05-26 21:19:46.971412
54f24930-0939-45f4-9959-33b1530bce07,angel.doyle@bp.com,CMP_LIVE_DIGITAL_TWIN,Open,https://example.com?utm_source=mailchimp&utm_campaign=email-digital_twin-4,2026-05-27 09:19:46.971412
cc9b24cf-d82a-47bf-bc4a-880d206b3d19,angel.doyle@bp.com,CMP_LIVE_DIGITAL_TWIN,Open,https://example.com?utm_source=mailchimp&utm_campaign=email-digital_twin-4,2026-05-28 09:19:46.971412
64bfaeba-2e5a-41cc-aa38-d69439d8136f,angel.doyle@bp.com,CMP_LIVE_DIGITAL_TWIN,Click,https://example.com?utm_source=mailchimp&utm_campaign=email-digital_twin-4,2026-05-26 21:20:26.971412
38ab5102-298a-4c61-a048-12608e4ca29e,angel.doyle@bp.com,CMP_LIVE_DIGITAL_TWIN,Open,https://example.com?utm_source=mailchimp&utm_campaign=email-digital_twin-6,2026-08-29 10:45:17.971412
376508ee-2188-40b5-8b82-c88c685e03a8,angel.doyle@bp.com,CMP_LIVE_DIGITAL_TWIN,Open,https://example.com?utm_source=mailchimp&utm_campaign=email-digital_twin-6,2026-08-29 23:45:17.971412
1b919d82-95b3-41a2-b453-458e265502da,angel.doyle@bp.com,CMP_LIVE_DIGITAL_TWIN,Open,https://example.com?utm_source=mailchimp&utm_campaign=email-digital_twin-6,2026-08-30 10:45:17.971412
daa1a4ea-6e7c-4a2a-921d-f72f709465d6,martin.galvan@bp.com,CMP_LIVE_HYDROGEN_INFRASTRUCTURE,Open,https://example.com?utm_source=mailchimp&utm_campaign=email-hydrogen_infrastructure-7,2026-07-13 19:09:09.971412
e62fad47-ec10-434e-937f-c39b4afe05bd,martin.galvan@bp.com,CMP_LIVE_HYDROGEN_INFRASTRUCTURE,Open,https://example.com?utm_source=mailchimp&utm_campaign=email-hydrogen_infrastructure-7,2026-07-14 22:09:09.971412
410ba5ef-39fe-442f-b749-1da52be2f4ee,leah.shields@bp.com,CMP_PAST_ASSET_OPTIMIZATION,Open,https://example.com?utm_source=mailchimp&utm_campaign=email-asset_optimization-7,2026-01-11 04:43:31.971412
23ce92f4-d6b5-4b23-b8bd-6620bf538499,leah.shields@bp.com,CMP_PAST_ASSET_OPTIMIZATION,Open,https://example.com?utm_source=mailchimp&utm_campaign=email-asset_optimization-4,2025-08-23 14:14:36.971412
64f18a50-996c-49f0-9e3d-fc290c629ca1,kristin.rodriguez@bp.com,CMP_PAST_SUSTAINABLE_ENGINEERING,Open,https://example.com?utm_source=mailchimp&utm_campaign=email-sustainable_engineering-1,2025-06-24 00:20:39.971412
f09afc18-aa96-414c-8969-98a195e5fb3d,monica.garrison@bp.com,CMP_LIVE_HYDROGEN_INFRASTRUCTURE,Open,https://example.com?utm_source=mailchimp&utm_campaign=email-hydrogen_infrastructure-7,2026-08-16 09:54:45.971412
46f18712-4763-4e4a-b223-fa6f5f559eab,monica.garrison@bp.com,CMP_LIVE_HYDROGEN_INFRASTRUCTURE,Open,https://example.com?utm_source=mailchimp&utm_campaign=email-hydrogen_infrastructure-7,2026-08-16 14:54:45.971412
a4acf083-514b-4113-a115-902dbf87a58e,monica.garrison@bp.com,CMP_LIVE_HYDROGEN_INFRASTRUCTURE,Open,https://example.com?utm_source=mailchimp&utm_campaign=email-hydrogen_infrastructure-4,2026-02-12 12:55:18.971412
d55483ab-e651-4300-ad8d-0c6cbdc57d93,monica.garrison@bp.com,CMP_LIVE_HYDROGEN_INFRASTRUCTURE,Open,https://example.com?utm_source=mailchimp&utm_campaign=email-hydrogen_infrastructure-4,2026-02-12 18:55:18.971412
a884c2b3-a443-4bc9-b851-045ef6df05d7,monica.garrison@bp.com,CMP_LIVE_HYDROGEN_INFRASTRUCTURE,Open,https://example.com?utm_source=mailchimp&utm_campaign=email-hydrogen_infrastructure-3,2026-01-22 18:58:36.971412
035332ab-e578-4ed5-96ef-81ab6a44dee7,monica.garrison@bp.com,CMP_LIVE_HYDROGEN_INFRASTRUCTURE,Click,https://example.com?utm_source=mailchimp&utm_campaign=email-hydrogen_infrastructure-3,2026-01-22 19:01:24.971412
3c784a2f-4f69-4a8c-8aa7-3e142f584b8a,monica.garrison@bp.com,CMP_LIVE_HYDROGEN_INFRASTRUCTURE,Open,https://example.com?utm_source=mailchimp&utm_campaign=email-hydrogen_infrastructure-6,2026-06-03 13:43:57.971412
c5d03230-ce11-4e14-85b5-0cc6139ea4fc,monica.garrison@bp.com,CMP_LIVE_HYDROGEN_INFRASTRUCTURE,Open,https://example.com?utm_source=mailchimp&utm_campaign=email-hydrogen_infrastructure-6,2026-06-04 18:43:57.971412
b97405a8-0944-48ae-bc03-c3318edaf004,monica.garrison@bp.com,CMP_LIVE_HYDROGEN_INFRASTRUCTURE,Open,https://example.com?utm_source=mailchimp&utm_campaign=email-hydrogen_infrastructure-6,2026-06-05 08:43:57.971412
39396843-b0e7-4c9d-9da9-112fc86d2698,monica.garrison@bp.com,CMP_LIVE_HYDROGEN_INFRASTRUCTURE,Open,https://example.com?utm_source=mailchimp&utm_campaign=email-hydrogen_infrastructure-2,2025-11-08 19:53:32.971412
13028bc0-d472-42b3-8e3b-b5f14f4f1318,monica.garrison@bp.com,CMP_LIVE_HYDROGEN_INFRASTRUCTURE,Open,https://example.com?utm_source=mailchimp&utm_campaign=email-hydrogen_infrastructure-1,2025-10-14 15:24:47.971412
a7f4e6c4-4b09-4445-9df6-f2500eedd80c,monica.garrison@bp.com,CMP_LIVE_HYDROGEN_INFRASTRUCTURE,Open,https://example.com?utm_source=mailchimp&utm_campaign=email-hydrogen_infrastructure-8,2026-08-29 04:36:29.971412
9983baf5-87ad-48e3-b1c7-5e5daf2ebfb9,monica.garrison@bp.com,CMP_LIVE_HYDROGEN_INFRASTRUCTURE,Open,https://example.com?utm_source=mailchimp&utm_campaign=email-hydrogen_infrastructure-5,2026-05-08 12:57:53.971412
9d39ef11-9dc3-43c1-b3f0-78af41012868,monica.garrison@bp.com,CMP_LIVE_HYDROGEN_INFRASTRUCTURE,Click,https://example.com?utm_source=mailchimp&utm_campaign=email-hydrogen_infrastructure-5,2026-05-08 12:59:02.971412
14fb9851-53dd-4bc8-a2ad-4e1a401dce2c,jeffrey.velasquez@bp.com,CMP_LIVE_HYDROGEN_INFRASTRUCTURE,Open,https://example.com?utm_source=mailchimp&utm_campaign=email-hydrogen_infrastructure-6,2026-07-01 00:22:10.971412
c29849b3-4c5a-4817-b1ee-128c47acea62,jeffrey.velasquez@bp.com,CMP_LIVE_HYDROGEN_INFRASTRUCTURE,Open,https://example.com?utm_source=mailchimp&utm_campaign=email-hydrogen_infrastructure-6,2026-07-02 12:22:10.971412
7d47c769-95e4-4243-b3af-cd4d90e8cb0a,jeffrey.velasquez@bp.com,CMP_LIVE_HYDROGEN_INFRASTRUCTURE,Open,https://example.com?utm_source=mailchimp&utm_campaign=email-hydrogen_infrastructure-3,2026-01-02 03:54:09.971412
84a3052c-0e73-48cf-bf55-65bcfa18ef14,jeffrey.velasquez@bp.com,CMP_LIVE_HYDROGEN_INFRASTRUCTURE,Open,https://example.com?utm_source=mailchimp&utm_campaign=email-hydrogen_infrastructure-3,2026-01-03 09:54:09.971412
6495b102-0f66-4689-b2fe-1766da324142,jeffrey.velasquez@bp.com,CMP_LIVE_HYDROGEN_INFRASTRUCTURE,Open,https://example.com?utm_source=mailchimp&utm_campaign=email-hydrogen_infrastructure-8,2026-08-29 09:25:28.971412
10834943-fc02-4842-a32b-387f14d2f846,jeffrey.velasquez@bp.com,CMP_LIVE_HYDROGEN_INFRASTRUCTURE,Open,https://example.com?utm_source=mailchimp&utm_campaign=email-hydrogen_infrastructure-8,2026-08-29 17:25:28.971412
a14a8722-0019-4154-920e-d80898b54a96,jeffrey.velasquez@bp.com,CMP_LIVE_HYDROGEN_INFRASTRUCTURE,Open,https://example.com?utm_source=mailchimp&utm_campaign=email-hydrogen_infrastructure-8,2026-08-29 21:25:28.971412
8ea4a71c-bfe0-4557-b902-78be90a69e75,steven.torres@bp.com,CMP_PAST_SUSTAINABLE_ENGINEERING,Open,https://example.com?utm_source=mailchimp&utm_campaign=email-sustainable_engineering-3,2025-10-08 00:30:38.971412
8cb04dd5-9f97-44a8-92e0-0bcead256540,steven.torres@bp.com,CMP_PAST_SUSTAINABLE_ENGINEERING,Click,https://example.com?utm_source=mailchimp&utm_campaign=email-sustainable_engineering-3,2025-10-08 00:31:26.971412
f841b349-1b74-4f7c-ac60-531c6eebbc0d,steven.torres@bp.com,CMP_PAST_SUSTAINABLE_ENGINEERING,Open,https://example.com?utm_source=mailchimp&utm_campaign=email-sustainable_engineering-7,2026-04-21 08:23:56.971412
f813db48-abe8-406c-806f-eb16d472546b,steven.torres@bp.com,CMP_PAST_SUSTAINABLE_ENGINEERING,Open,https://example.com?utm_source=mailchimp&utm_campaign=email-sustainable_engineering-7,2026-04-22 14:23:56.971412
ea20f23e-fea3-4eb2-a7cc-fdcbd897bf94,steven.torres@bp.com,CMP_PAST_SUSTAINABLE_ENGINEERING,Open,https://example.com?utm_source=mailchimp&utm_campaign=email-sustainable_engineering-7,2026-04-22 16:23:56.971412
70231167-8208-454f-af2d-5d19c52b56a7,steven.torres@bp.com,CMP_PAST_SUSTAINABLE_ENGINEERING,Open,https://example.com?utm_source=mailchimp&utm_campaign=email-sustainable_engineering-6,2026-02-19 04:31:45.971412
c687130a-a238-4737-9603-ad1f44d989bb,steven.torres@bp.com,CMP_PAST_SUSTAINABLE_ENGINEERING,Open,https://example.com?utm_source=mailchimp&utm_campaign=email-sustainable_engineering-6,2026-02-20 17:31:45.971412
1ab694bc-f046-4134-8178-9771cdbc1d04,steven.torres@bp.com,CMP_PAST_SUSTAINABLE_ENGINEERING,Open,https://example.com?utm_source=mailchimp&utm_campaign=email-sustainable_engineering-6,2026-02-20 23:31:45.971412
ab942ada-1bbd-4f22-8ed4-383b2caf63ab,steven.torres@bp.com,CMP_PAST_SUSTAINABLE_ENGINEERING,Open,https://example.com?utm_source=mailchimp&utm_campaign=email-sustainable_engineering-5,2026-01-13 04:06:29.971412
4ab2d92a-ea70-4dd5-a2eb-8856a299a8ef,steven.torres@bp.com,CMP_PAST_SUSTAINABLE_ENGINEERING,Open,https://example.com?utm_source=mailchimp&utm_campaign=email-sustainable_engineering-5,2026-01-15 01:06:29.971412
61fe8dd7-14be-4e41-9c35-836128425cc2,steven.torres@bp.com,CMP_PAST_SUSTAINABLE_ENGINEERING,Open,https://example.com?utm_source=mailchimp&utm_campaign=email-sustainable_engineering-5,2026-01-14 13:06:29.971412
4fad0e4f-9f52-415d-8565-0e982bedb61b,steven.torres@bp.com,CMP_PAST_SUSTAINABLE_ENGINEERING,Click,https://example.com?utm_source=mailchimp&utm_campaign=email-sustainable_engineering-5,2026-01-13 04:07:36.971412
569e3f3d-daf3-489f-b3a8-4f7f28e864e6,laura.perez@bp.com,CMP_LIVE_HYDROGEN_INFRASTRUCTURE,Open,https://example.com?utm_source=mailchimp&utm_campaign=email-hydrogen_infrastructure-7,2026-07-13 08:42:24.971412
c8aadfff-96f1-4854-b1cf-bb310e641d63,laura.perez@bp.com,CMP_LIVE_HYDROGEN_INFRASTRUCTURE,Open,https://example.com?utm_source=mailchimp&utm_campaign=email-hydrogen_infrastructure-7,2026-07-15 01:42:24.971412
939c3c97-e3a0-4c6d-8df4-911597cd613c,laura.perez@bp.com,CMP_LIVE_HYDROGEN_INFRASTRUCTURE,Open,https://example.com?utm_source=mailchimp&utm_campaign=email-hydrogen_infrastructure-8,2026-08-29 10:46:52.971412
ff5de7b6-26b0-4ea9-8801-91c98f87d854,laura.perez@bp.com,CMP_LIVE_HYDROGEN_INFRASTRUCTURE,Click,https://example.com?utm_source=mailchimp&utm_campaign=email-hydrogen_infrastructure-8,2026-08-29 10:47:53.971412
25c6db44-61e9-4ad4-88c0-45e5b83c2b0b,mark.lin@chevron.com,CMP_PAST_SUSTAINABLE_ENGINEERING,Open,https://example.com?utm_source=mailchimp&utm_campaign=email-sustainable_engineering-1,2025-06-15 12:28:11.971412
7303b926-80ae-4555-8ec0-76d430c5ee29,tina.herrera@chevron.com,CMP_PAST_SUSTAINABLE_ENGINEERING,Open,https://example.com?utm_source=mailchimp&utm_campaign=email-sustainable_engineering-5,2026-02-03 00:30:45.971412
f4fdb5c4-8720-45dd-96d0-519393181f38,sheila.wilson@chevron.com,CMP_LIVE_DIGITAL_TWIN,Open,https://example.com?utm_source=mailchimp&utm_campaign=email-digital_twin-6,2026-09-02 07:15:02.971412
e60efc04-e3da-459e-831c-3691a7396554,sheila.wilson@chevron.com,CMP_LIVE_DIGITAL_TWIN,Open,https://example.com?utm_source=mailchimp&utm_campaign=email-digital_twin-2,2026-03-04 20:00:18.971412
d8096be9-b9bc-4e58-8c55-b3340b6e5073,tara.white@chevron.com,CMP_LIVE_DIGITAL_TWIN,Open,https://example.com?utm_source=mailchimp&utm_campaign=email-digital_twin-5,2026-07-17 17:12:37.971412
cf3e28e1-dba3-45de-8dad-9024f7f8fe79,tara.white@chevron.com,CMP_LIVE_DIGITAL_TWIN,Open,https://example.com?utm_source=mailchimp&utm_campaign=email-digital_twin-1,2025-12-16 01:58:07.971412
27c0f6f0-7671-44cd-854c-5668668a1443,tara.white@chevron.com,CMP_LIVE_DIGITAL_TWIN,Open,https://example.com?utm_source=mailchimp&utm_campaign=email-digital_twin-1,2025-12-16 14:58:07.971412
bee1c607-d506-4d8c-9b52-dbb1620d5f5f,tara.white@chevron.com,CMP_LIVE_DIGITAL_TWIN,Open,https://example.com?utm_source=mailchimp&utm_campaign=email-digital_twin-2,2026-01-30 01:50:19.971412
ee513e4c-4ef7-4a10-a470-b1d4880d83eb,tara.white@chevron.com,CMP_LIVE_DIGITAL_TWIN,Open,https://example.com?utm_source=mailchimp&utm_campaign=email-digital_twin-2,2026-01-30 22:50:19.971412
60016938-6170-4df0-8dc9-80f16bbae528,tara.white@chevron.com,CMP_LIVE_DIGITAL_TWIN,Open,https://example.com?utm_source=mailchimp&utm_campaign=email-digital_twin-6,2026-08-29 11:37:24.971412
bb652f5f-61e9-43d3-8cde-0fe64e894f00,tara.white@chevron.com,CMP_LIVE_DIGITAL_TWIN,Open,https://example.com?utm_source=mailchimp&utm_campaign=email-digital_twin-6,2026-08-30 10:37:24.971412
2e888e65-b170-4186-aef3-c53cf0768859,sydney.baker@chevron.com,CMP_LIVE_DIGITAL_TWIN,Open,https://example.com?utm_source=mailchimp&utm_campaign=email-digital_twin-4,2026-05-25 09:09:53.971412
8f0c80b4-9f86-4d66-b04f-a02748eacc35,sydney.baker@chevron.com,CMP_LIVE_DIGITAL_TWIN,Open,https://example.com?utm_source=mailchimp&utm_campaign=email-digital_twin-4,2026-05-27 01:09:53.971412
62a4354d-7ad1-42e9-b7e7-68dbfc92bfc1,sydney.baker@chevron.com,CMP_LIVE_DIGITAL_TWIN,Open,https://example.com?utm_source=mailchimp&utm_campaign=email-digital_twin-5,2026-07-16 22:30:32.971412
d9ede9e9-6d5b-4832-9e9f-bf629b21baaa,sydney.baker@chevron.com,CMP_LIVE_DIGITAL_TWIN,Click,https://example.com?utm_source=mailchimp&utm_campaign=email-digital_twin-5,2026-07-16 22:31:35.971412
04c8be63-5383-4079-b1e5-17f388f94134,daniel.hamilton@chevron.com,CMP_PAST_SUSTAINABLE_ENGINEERING,Open,https://example.com?utm_source=mailchimp&utm_campaign=email-sustainable_engineering-4,2025-11-18 01:47:38.971412
19c0b884-77e9-4d7e-ab00-a9086d58b2e0,daniel.hamilton@chevron.com,CMP_PAST_SUSTAINABLE_ENGINEERING,Open,https://example.com?utm_source=mailchimp&utm_campaign=email-sustainable_engineering-5,2026-01-20 09:53:28.971412
595908a4-ae9c-4cc7-a6eb-1f8007655ba1,daniel.hamilton@chevron.com,CMP_PAST_SUSTAINABLE_ENGINEERING,Open,https://example.com?utm_source=mailchimp&utm_campaign=email-sustainable_engineering-5,2026-01-22 01:53:28.971412
01fa6a03-482a-42b1-9c9e-10964aaa127e,jessica.edwards@chevron.com,CMP_LIVE_DIGITAL_TWIN,Open,https://example.com?utm_source=mailchimp&utm_campaign=email-digital_twin-4,2026-05-15 04:54:37.971412
b7d4718e-566e-491a-9fbc-124032fe76bb,jessica.edwards@chevron.com,CMP_LIVE_DIGITAL_TWIN,Click,https://example.com?utm_source=mailchimp&utm_campaign=email-digital_twin-4,2026-05-15 04:57:19.971412
7407da99-7f11-42d9-bd48-2352963b35c0,jessica.edwards@chevron.com,CMP_LIVE_DIGITAL_TWIN,Open,https://example.com?utm_source=mailchimp&utm_campaign=email-digital_twin-5,2026-06-28 02:06:22.971412
b30f33e1-2f71-4b5f-8fca-7693ef9098a0,jessica.edwards@chevron.com,CMP_LIVE_DIGITAL_TWIN,Open,https://example.com?utm_source=mailchimp&utm_campaign=email-digital_twin-6,2026-08-29 01:51:11.971412
ebb7d3ae-170a-42f4-bfa2-518c03314154,jessica.edwards@chevron.com,CMP_LIVE_DIGITAL_TWIN,Open,https://example.com?utm_source=mailchimp&utm_campaign=email-digital_twin-3,2026-03-22 01:47:16.971412
74f1b183-2d8c-4c7a-9deb-732e11d84836,jessica.edwards@chevron.com,CMP_LIVE_DIGITAL_TWIN,Open,https://example.com?utm_source=mailchimp&utm_campaign=email-digital_twin-1,2025-12-20 13:30:37.971412
74835341-1c11-49a9-9598-3dd7202caf96,jessica.edwards@chevron.com,CMP_LIVE_DIGITAL_TWIN,Open,https://example.com?utm_source=mailchimp&utm_campaign=email-digital_twin-2,2026-02-14 21:37:36.971412
fa3ddcc9-a537-49f2-a205-cf93ad42ca43,catherine.dixon@chevron.com,CMP_LIVE_HYDROGEN_INFRASTRUCTURE,Open,https://example.com?utm_source=mailchimp&utm_campaign=email-hydrogen_infrastructure-8,2026-08-31 22:54:01.971412
c96e13af-ad3b-451a-ae08-891a7b9f1011,aaron.frost@chevron.com,CMP_LIVE_DIGITAL_TWIN,Open,https://example.com?utm_source=mailchimp&utm_campaign=email-digital_twin-1,2025-12-17 19:13:24.971412
24640e4f-5457-40d7-b0ea-cea6f897f62b,aaron.frost@chevron.com,CMP_LIVE_DIGITAL_TWIN,Open,https://example.com?utm_source=mailchimp&utm_campaign=email-digital_twin-1,2025-12-19 18:13:24.971412
e044ec01-558a-41db-8e8c-8579ccefb55a,aaron.frost@chevron.com,CMP_LIVE_DIGITAL_TWIN,Open,https://example.com?utm_source=mailchimp&utm_campaign=email-digital_twin-5,2026-06-28 01:48:07.971412
4f5d5707-122b-408f-8642-f03bee60be5b,aaron.frost@chevron.com,CMP_LIVE_DIGITAL_TWIN,Open,https://example.com?utm_source=mailchimp&utm_campaign=email-digital_twin-5,2026-06-29 21:48:07.971412
55b0458e-1856-4b0e-8666-0896f15f87f9,aaron.frost@chevron.com,CMP_LIVE_DIGITAL_TWIN,Open,https://example.com?utm_source=mailchimp&utm_campaign=email-digital_twin-4,2026-05-27 06:32:00.971412
b54b4627-cba6-4d46-8fa6-5c695b9f213e,aaron.frost@chevron.com,CMP_LIVE_DIGITAL_TWIN,Open,https://example.com?utm_source=mailchimp&utm_campaign=email-digital_twin-6,2026-08-30 11:06:14.971412
dabcafce-de45-4d4e-a6d2-bf719cbb5120,aaron.frost@chevron.com,CMP_LIVE_DIGITAL_TWIN,Open,https://example.com?utm_source=mailchimp&utm_campaign=email-digital_twin-3,2026-04-01 17:22:03.971412
3a0797d5-369f-4121-966a-4f8295d4251f,aaron.frost@chevron.com,CMP_LIVE_DIGITAL_TWIN,Open,https://example.com?utm_source=mailchimp&utm_campaign=email-digital_twin-3,2026-04-03 12:22:03.971412
8757f6dd-fb51-490d-a182-7d1297833f82,amanda.ball@chevron.com,CMP_LIVE_HYDROGEN_INFRASTRUCTURE,Open,https://example.com?utm_source=mailchimp&utm_campaign=email-hydrogen_infrastructure-5,2026-04-16 14:39:47.971412
fd338b15-1921-4dd2-8f54-dcb5215808e0,amanda.ball@chevron.com,CMP_LIVE_HYDROGEN_INFRASTRUCTURE,Open,https://example.com?utm_source=mailchimp&utm_campaign=email-hydrogen_infrastructure-5,2026-04-16 23:39:47.971412
110a5333-889d-417e-896e-2fd9fc0f3ad6,amanda.ball@chevron.com,CMP_LIVE_HYDROGEN_INFRASTRUCTURE,Open,https://example.com?utm_source=mailchimp&utm_campaign=email-hydrogen_infrastructure-5,2026-04-18 14:39:47.971412
3f4ac0b0-55c8-4e06-a40e-42a002e5f30d,amanda.ball@chevron.com,CMP_LIVE_HYDROGEN_INFRASTRUCTURE,Click,https://example.com?utm_source=mailchimp&utm_campaign=email-hydrogen_infrastructure-5,2026-04-16 14:41:37.971412
7088043d-9e27-4866-a256-73c5e540bbad,michael.jones@chevron.com,CMP_LIVE_DECARBONIZATION_25_26,Open,https://example.com?utm_source=mailchimp&utm_campaign=email-live_decarbonization_25_26-2,2026-05-12 18:03:21.971412
eb2f3c64-5de9-40e6-9f9d-88c83ca1504d,michael.jones@chevron.com,CMP_LIVE_DECARBONIZATION_25_26,Open,https://example.com?utm_source=mailchimp&utm_campaign=email-live_decarbonization_25_26-4,2026-09-08 01:47:45.971412
f2b0ce6c-6779-4b99-a9db-eb838272500d,elizabeth.rivera@chevron.com,CMP_LIVE_DIGITAL_TWIN,Open,https://example.com?utm_source=mailchimp&utm_campaign=email-digital_twin-5,2026-06-28 01:59:47.971412
c57e0703-f62c-4714-967d-def38d5a84e6,elizabeth.rivera@chevron.com,CMP_LIVE_DIGITAL_TWIN,Open,https://example.com?utm_source=mailchimp&utm_campaign=email-digital_twin-6,2026-08-29 06:15:08.971412
2641d20a-47b2-420b-bf92-c4391ac41c84,elizabeth.rivera@chevron.com,CMP_LIVE_DIGITAL_TWIN,Open,https://example.com?utm_source=mailchimp&utm_campaign=email-digital_twin-6,2026-08-30 22:15:08.971412
b5b929fe-0511-4a2e-8418-60e517afc103,elizabeth.rivera@chevron.com,CMP_LIVE_DIGITAL_TWIN,Open,https://example.com?utm_source=mailchimp&utm_campaign=email-digital_twin-6,2026-08-30 10:15:08.971412
3b36e4ed-f522-4605-8fc9-547c132a152d,elizabeth.rivera@chevron.com,CMP_LIVE_DIGITAL_TWIN,Click,https://example.com?utm_source=mailchimp&utm_campaign=email-digital_twin-6,2026-08-29 06:16:57.971412
716fcc01-b6aa-4be7-878a-db5a456b44dd,elizabeth.rivera@chevron.com,CMP_LIVE_DIGITAL_TWIN,Open,https://example.com?utm_source=mailchimp&utm_campaign=email-digital_twin-1,2025-12-19 10:27:10.971412
cf86332f-ae1c-4387-b934-27dead8c8caa,elizabeth.rivera@chevron.com,CMP_LIVE_DIGITAL_TWIN,Open,https://example.com?utm_source=mailchimp&utm_campaign=email-digital_twin-2,2026-03-05 17:38:43.971412
09bb7613-a791-407f-9bf8-da1d26ea2108,elizabeth.rivera@chevron.com,CMP_LIVE_DIGITAL_TWIN,Click,https://example.com?utm_source=mailchimp&utm_campaign=email-digital_twin-2,2026-03-05 17:39:44.971412
24e394e0-2d00-48b5-9235-8c9962cfe2e2,elizabeth.rivera@chevron.com,CMP_LIVE_DIGITAL_TWIN,Open,https://example.com?utm_source=mailchimp&utm_campaign=email-digital_twin-4,2026-05-15 01:47:12.971412
e58591de-d119-4596-bf8d-3beacb4c686d,elizabeth.rivera@chevron.com,CMP_LIVE_DIGITAL_TWIN,Click,https://example.com?utm_source=mailchimp&utm_campaign=email-digital_twin-4,2026-05-15 01:47:38.971412
3d6e9e6f-748b-4056-a5c5-48c293ff3c7e,elizabeth.rivera@chevron.com,CMP_LIVE_DIGITAL_TWIN,Open,https://example.com?utm_source=mailchimp&utm_campaign=email-digital_twin-3,2026-04-09 11:44:17.971412
f5a60439-69cc-470f-9908-a4813de5d3b9,elizabeth.rivera@chevron.com,CMP_LIVE_DIGITAL_TWIN,Open,https://example.com?utm_source=mailchimp&utm_campaign=email-digital_twin-3,2026-04-10 15:44:17.971412
fe00806c-7459-4b76-8414-930a97cc6df6,richard.phillips@chevron.com,CMP_LIVE_DECARBONIZATION_25_26,Open,https://example.com?utm_source=mailchimp&utm_campaign=email-live_decarbonization_25_26-2,2026-05-14 17:34:28.971412
b1a928f6-7bb6-4b0e-8570-c5e0d7188c12,richard.phillips@chevron.com,CMP_LIVE_DECARBONIZATION_25_26,Open,https://example.com?utm_source=mailchimp&utm_campaign=email-live_decarbonization_25_26-2,2026-05-15 19:34:28.971412
6cf93759-4c8d-47aa-b39d-392696a96650,richard.phillips@chevron.com,CMP_LIVE_DECARBONIZATION_25_26,Open,https://example.com?utm_source=mailchimp&utm_campaign=email-live_decarbonization_25_26-1,2026-03-28 07:46:45.971412
4cf931b7-4c69-48cd-a45d-cb7755380058,richard.phillips@chevron.com,CMP_LIVE_DECARBONIZATION_25_26,Open,https://example.com?utm_source=mailchimp&utm_campaign=email-live_decarbonization_25_26-1,2026-03-28 17:46:45.971412
b28a0f28-d2f2-46bd-813b-c24d3d42ca15,david.fisher@chevron.com,CMP_PAST_SUSTAINABLE_ENGINEERING,Open,https://example.com?utm_source=mailchimp&utm_campaign=email-sustainable_engineering-4,2026-01-01 22:30:54.971412
8c4bca12-3aa1-45cf-9b58-8a0e94cc4877,david.fisher@chevron.com,CMP_PAST_SUSTAINABLE_ENGINEERING,Open,https://example.com?utm_source=mailchimp&utm_campaign=email-sustainable_engineering-4,2026-01-02 13:30:54.971412
3e56cdf1-fd80-477e-a136-288a360101b0,shelby.byrd@chevron.com,CMP_LIVE_DECARBONIZATION_25_26,Open,https://example.com?utm_source=mailchimp&utm_campaign=email-live_decarbonization_25_26-3,2026-07-17 01:51:23.971412
b71b1777-7c26-477e-b74e-1922b3057ba4,shelby.byrd@chevron.com,CMP_LIVE_DECARBONIZATION_25_26,Open,https://example.com?utm_source=mailchimp&utm_campaign=email-live_decarbonization_25_26-3,2026-07-17 11:51:23.971412
41c3c6bb-cb30-46bf-b441-41d6fe4113b1,shelby.byrd@chevron.com,CMP_LIVE_DECARBONIZATION_25_26,Open,https://example.com?utm_source=mailchimp&utm_campaign=email-live_decarbonization_25_26-4,2026-09-08 20:57:34.971412
2fa9d837-c4d7-4fe4-bf04-638a4d1ee27a,shelby.byrd@chevron.com,CMP_LIVE_DECARBONIZATION_25_26,Open,https://example.com?utm_source=mailchimp&utm_campaign=email-live_decarbonization_25_26-2,2026-05-12 05:44:13.971412
e52c0d00-6560-42cb-b40a-0a3f1650218b,shelby.byrd@chevron.com,CMP_LIVE_DECARBONIZATION_25_26,Open,https://example.com?utm_source=mailchimp&utm_campaign=email-live_decarbonization_25_26-2,2026-05-13 04:44:13.971412
1e0ca913-af6a-435b-93dc-13467064ba37,shelby.byrd@chevron.com,CMP_LIVE_DECARBONIZATION_25_26,Open,https://example.com?utm_source=mailchimp&utm_campaign=email-live_decarbonization_25_26-2,2026-05-12 20:44:13.971412
4368ac07-a7fc-49c9-a362-728c96f19790,shelby.byrd@chevron.com,CMP_LIVE_DECARBONIZATION_25_26,Open,https://example.com?utm_source=mailchimp&utm_campaign=email-live_decarbonization_25_26-1,2026-04-13 11:33:51.971412
48ca2ee0-cbbf-449d-95b3-911f852a524f,aaron.mitchell@chevron.com,CMP_PAST_ASSET_OPTIMIZATION,Open,https://example.com?utm_source=mailchimp&utm_campaign=email-asset_optimization-6,2025-11-19 10:54:40.971412
2e59de64-d422-43ae-b997-a0ad98ad2500,aaron.mitchell@chevron.com,CMP_PAST_ASSET_OPTIMIZATION,Open,https://example.com?utm_source=mailchimp&utm_campaign=email-asset_optimization-6,2025-11-20 02:54:40.971412
7e40e15d-1fbd-4c51-8129-e9bfff0a6a55,russell.carpenter@chevron.com,CMP_LIVE_DECARBONIZATION_25_26,Open,https://example.com?utm_source=mailchimp&utm_campaign=email-live_decarbonization_25_26-2,2026-05-12 01:48:22.971412
5088c68b-46a1-4bcc-a0ea-2075d710a073,russell.carpenter@chevron.com,CMP_LIVE_DECARBONIZATION_25_26,Click,https://example.com?utm_source=mailchimp&utm_campaign=email-live_decarbonization_25_26-2,2026-05-12 01:49:43.971412
9fa43543-ad92-4058-97e1-fbad55cd1959,russell.carpenter@chevron.com,CMP_LIVE_DECARBONIZATION_25_26,Open,https://example.com?utm_source=mailchimp&utm_campaign=email-live_decarbonization_25_26-4,2026-09-08 04:08:56.971412
c146c860-4115-4a5f-bffe-9ff5963c7ca0,russell.carpenter@chevron.com,CMP_LIVE_DECARBONIZATION_25_26,Open,https://example.com?utm_source=mailchimp&utm_campaign=email-live_decarbonization_25_26-1,2026-04-05 23:51:48.971412
2598b5b4-00c1-45e5-ad35-97725721f53b,russell.carpenter@chevron.com,CMP_LIVE_DECARBONIZATION_25_26,Open,https://example.com?utm_source=mailchimp&utm_campaign=email-live_decarbonization_25_26-3,2026-08-17 21:25:57.971412
c332d99f-f2cb-4c7d-8456-5e35212f43e5,diana.marshall@chevron.com,CMP_PAST_ASSET_OPTIMIZATION,Open,https://example.com?utm_source=mailchimp&utm_campaign=email-asset_optimization-1,2025-03-12 01:54:24.971412
dbc9c7e0-8955-46b6-9d03-5e27c0039817,diana.marshall@chevron.com,CMP_PAST_ASSET_OPTIMIZATION,Click,https://example.com?utm_source=mailchimp&utm_campaign=email-asset_optimization-1,2025-03-12 01:55:28.971412
e91d8ade-dfe9-4144-83d0-94d06d20c409,diana.marshall@chevron.com,CMP_PAST_ASSET_OPTIMIZATION,Open,https://example.com?utm_source=mailchimp&utm_campaign=email-asset_optimization-2,2025-05-02 02:04:25.971412
aaf3da7b-c909-4b62-bcc1-340975b87222,diana.marshall@chevron.com,CMP_PAST_ASSET_OPTIMIZATION,Open,https://example.com?utm_source=mailchimp&utm_campaign=email-asset_optimization-5,2025-10-07 11:54:52.971412
c54f9bd3-61cd-4001-946c-b45c27ab58c0,diana.marshall@chevron.com,CMP_PAST_ASSET_OPTIMIZATION,Open,https://example.com?utm_source=mailchimp&utm_campaign=email-asset_optimization-5,2025-10-07 22:54:52.971412
dc790292-256b-43c8-89bd-a5bd21d6bb8d,diana.marshall@chevron.com,CMP_PAST_ASSET_OPTIMIZATION,Click,https://example.com?utm_source=mailchimp&utm_campaign=email-asset_optimization-5,2025-10-07 11:56:26.971412
21b52b85-f347-4cc2-87f5-39c6d18ad29f,scott.lewis@chevron.com,CMP_LIVE_DECARBONIZATION_25_26,Open,https://example.com?utm_source=mailchimp&utm_campaign=email-live_decarbonization_25_26-1,2026-03-14 12:03:27.971412
361ea6ed-52fb-4175-9b18-1ddbfd4f65ac,scott.lewis@chevron.com,CMP_LIVE_DECARBONIZATION_25_26,Click,https://example.com?utm_source=mailchimp&utm_campaign=email-live_decarbonization_25_26-1,2026-03-14 12:04:33.971412
877a99a7-53ea-4d56-aab6-0795d8872801,scott.lewis@chevron.com,CMP_LIVE_DECARBONIZATION_25_26,Open,https://example.com?utm_source=mailchimp&utm_campaign=email-live_decarbonization_25_26-3,2026-07-17 03:10:30.971412
077fc612-e3ce-4dc1-8119-77c6d293ae42,scott.lewis@chevron.com,CMP_LIVE_DECARBONIZATION_25_26,Open,https://example.com?utm_source=mailchimp&utm_campaign=email-live_decarbonization_25_26-2,2026-05-14 19:06:57.971412
f5c19fc6-6ade-4d2f-85cf-11436991556f,scott.lewis@chevron.com,CMP_LIVE_DECARBONIZATION_25_26,Open,https://example.com?utm_source=mailchimp&utm_campaign=email-live_decarbonization_25_26-2,2026-05-16 13:06:57.971412
49c72f92-dc7e-48d7-9943-11c89a62918e,scott.lewis@chevron.com,CMP_LIVE_DECARBONIZATION_25_26,Open,https://example.com?utm_source=mailchimp&utm_campaign=email-live_decarbonization_25_26-2,2026-05-15 11:06:57.971412
7045e78d-3e9c-40c9-95a4-63db833b9d51,scott.lewis@chevron.com,CMP_LIVE_DECARBONIZATION_25_26,Open,https://example.com?utm_source=mailchimp&utm_campaign=email-live_decarbonization_25_26-4,2026-09-08 01:47:12.971412
93acab41-65cc-4420-8089-082840cb51af,scott.lewis@chevron.com,CMP_LIVE_DECARBONIZATION_25_26,Click,https://example.com?utm_source=mailchimp&utm_campaign=email-live_decarbonization_25_26-4,2026-09-08 01:47:12.971412
25405f03-3540-4d52-a28e-88b3864bb66c,thomas.santana@chevron.com,CMP_PAST_SUSTAINABLE_ENGINEERING,Open,https://example.com?utm_source=mailchimp&utm_campaign=email-sustainable_engineering-6,2026-02-19 05:38:57.971412
d43b2cab-1eab-4f8e-b7a1-53e154a4795d,thomas.santana@chevron.com,CMP_PAST_SUSTAINABLE_ENGINEERING,Open,https://example.com?utm_source=mailchimp&utm_campaign=email-sustainable_engineering-2,2025-09-04 17:33:01.971412
5317ad90-46bb-4b22-810e-fd1638ee81c2,thomas.santana@chevron.com,CMP_PAST_SUSTAINABLE_ENGINEERING,Open,https://example.com?utm_source=mailchimp&utm_campaign=email-sustainable_engineering-2,2025-09-06 02:33:01.971412
5515a170-896e-495e-bc4e-a552255fe63d,thomas.santana@chevron.com,CMP_PAST_SUSTAINABLE_ENGINEERING,Open,https://example.com?utm_source=mailchimp&utm_campaign=email-sustainable_engineering-2,2025-09-05 08:33:01.971412
9e32af3f-d33a-4669-bbb2-6dbb13545009,thomas.santana@chevron.com,CMP_PAST_SUSTAINABLE_ENGINEERING,Open,https://example.com?utm_source=mailchimp&utm_campaign=email-sustainable_engineering-7,2026-04-20 01:48:20.971412
a10d8816-76df-4b3c-8a3f-e9e829ddcce1,thomas.santana@chevron.com,CMP_PAST_SUSTAINABLE_ENGINEERING,Open,https://example.com?utm_source=mailchimp&utm_campaign=email-sustainable_engineering-4,2025-11-20 20:31:38.971412
4e3bd6c0-a2f8-4285-95ca-0fcb5abf7bf4,laura.jackson@chevron.com,CMP_LIVE_DECARBONIZATION_25_26,Open,https://example.com?utm_source=mailchimp&utm_campaign=email-live_decarbonization_25_26-2,2026-05-12 04:17:41.971412
99d17bf1-4256-4d5f-970e-aba2f07437bd,cynthia.rogers@chevron.com,CMP_LIVE_HYDROGEN_INFRASTRUCTURE,Open,https://example.com?utm_source=mailchimp&utm_campaign=email-hydrogen_infrastructure-5,2026-04-04 03:12:47.971412
f88ab381-f026-458f-8abf-fc13810d283d,cynthia.rogers@chevron.com,CMP_LIVE_HYDROGEN_INFRASTRUCTURE,Click,https://example.com?utm_source=mailchimp&utm_campaign=email-hydrogen_infrastructure-5,2026-04-04 03:15:21.971412
f8c85831-611f-4e19-bf9a-ed39f15d45f3,cynthia.rogers@chevron.com,CMP_LIVE_HYDROGEN_INFRASTRUCTURE,Open,https://example.com?utm_source=mailchimp&utm_campaign=email-hydrogen_infrastructure-4,2026-02-20 07:28:22.971412
6f286222-0b9b-42fe-a7d7-48a98ec95d01,cynthia.rogers@chevron.com,CMP_LIVE_HYDROGEN_INFRASTRUCTURE,Open,https://example.com?utm_source=mailchimp&utm_campaign=email-hydrogen_infrastructure-4,2026-02-20 18:28:22.971412
81fb1038-3366-44fa-bac4-4945ec88ed49,cynthia.rogers@chevron.com,CMP_LIVE_HYDROGEN_INFRASTRUCTURE,Open,https://example.com?utm_source=mailchimp&utm_campaign=email-hydrogen_infrastructure-4,2026-02-21 10:28:22.971412
9d83f77f-90bd-45a7-8d75-8cda2b89371c,cynthia.rogers@chevron.com,CMP_LIVE_HYDROGEN_INFRASTRUCTURE,Click,https://example.com?utm_source=mailchimp&utm_campaign=email-hydrogen_infrastructure-4,2026-02-20 07:29:30.971412
338f36f3-4b1e-4d10-9216-b57c50c16988,cynthia.rogers@chevron.com,CMP_LIVE_HYDROGEN_INFRASTRUCTURE,Open,https://example.com?utm_source=mailchimp&utm_campaign=email-hydrogen_infrastructure-3,2026-01-25 02:29:50.971412
4b146b48-b46c-493c-99d1-8758456c6629,emily.walker@exxonmobil.com,CMP_PAST_SUSTAINABLE_ENGINEERING,Open,https://example.com?utm_source=mailchimp&utm_campaign=email-sustainable_engineering-1,2025-06-13 23:56:17.971412
d78bae67-67f4-4ee6-acf8-96543b9b4084,emily.walker@exxonmobil.com,CMP_PAST_SUSTAINABLE_ENGINEERING,Click,https://example.com?utm_source=mailchimp&utm_campaign=email-sustainable_engineering-1,2025-06-13 23:57:55.971412
3ff16bed-0758-464b-ba26-41b28c6cf283,emily.walker@exxonmobil.com,CMP_PAST_SUSTAINABLE_ENGINEERING,Open,https://example.com?utm_source=mailchimp&utm_campaign=email-sustainable_engineering-7,2026-04-22 08:39:50.971412
580f88f2-3873-4970-98e3-d858ecd2ade6,emily.walker@exxonmobil.com,CMP_PAST_SUSTAINABLE_ENGINEERING,Open,https://example.com?utm_source=mailchimp&utm_campaign=email-sustainable_engineering-6,2026-03-02 22:51:15.971412
d758b488-7c9d-4f9a-939e-e1fe476699c7,emily.walker@exxonmobil.com,CMP_PAST_SUSTAINABLE_ENGINEERING,Click,https://example.com?utm_source=mailchimp&utm_campaign=email-sustainable_engineering-6,2026-03-02 22:52:06.971412
7e49a720-3844-4828-a918-01c42f29c30c,emily.walker@exxonmobil.com,CMP_PAST_SUSTAINABLE_ENGINEERING,Open,https://example.com?utm_source=mailchimp&utm_campaign=email-sustainable_engineering-2,2025-08-12 09:12:27.971412
a8810703-543a-460b-88f1-8a63df9caf1a,emily.walker@exxonmobil.com,CMP_PAST_SUSTAINABLE_ENGINEERING,Open,https://example.com?utm_source=mailchimp&utm_campaign=email-sustainable_engineering-2,2025-08-13 16:12:27.971412
eed3aef1-4542-4da0-99bf-c11bdc119417,emily.walker@exxonmobil.com,CMP_PAST_SUSTAINABLE_ENGINEERING,Open,https://example.com?utm_source=mailchimp&utm_campaign=email-sustainable_engineering-4,2025-11-19 03:03:08.971412
9075d746-610e-47c7-8361-dd74747b7366,emily.walker@exxonmobil.com,CMP_PAST_SUSTAINABLE_ENGINEERING,Open,https://example.com?utm_source=mailchimp&utm_campaign=email-sustainable_engineering-4,2025-11-19 16:03:08.971412
741105c0-7a58-48fe-aeb3-8d80306befbb,john.alvarez@exxonmobil.com,CMP_LIVE_DIGITAL_TWIN,Open,https://example.com?utm_source=mailchimp&utm_campaign=email-digital_twin-2,2026-01-30 02:42:04.971412
3bbb0b0b-b84a-4495-93d3-11b1201763ec,john.alvarez@exxonmobil.com,CMP_LIVE_DIGITAL_TWIN,Click,https://example.com?utm_source=mailchimp&utm_campaign=email-digital_twin-2,2026-01-30 02:43:34.971412
1d5a0c27-d038-43a7-8f0c-81458bee52bf,james.horton@exxonmobil.com,CMP_PAST_SUSTAINABLE_ENGINEERING,Open,https://example.com?utm_source=mailchimp&utm_campaign=email-sustainable_engineering-1,2025-06-12 04:20:34.971412
001ec33d-ee34-4eee-a7c0-dbf4b02680e4,james.horton@exxonmobil.com,CMP_PAST_SUSTAINABLE_ENGINEERING,Open,https://example.com?utm_source=mailchimp&utm_campaign=email-sustainable_engineering-1,2025-06-14 00:20:34.971412
15b35fae-cf28-4657-afff-5ac753037c36,james.horton@exxonmobil.com,CMP_PAST_SUSTAINABLE_ENGINEERING,Click,https://example.com?utm_source=mailchimp&utm_campaign=email-sustainable_engineering-1,2025-06-12 04:21:31.971412
cc488b8d-3c7d-4553-a369-d855c31f64ed,james.horton@exxonmobil.com,CMP_PAST_SUSTAINABLE_ENGINEERING,Open,https://example.com?utm_source=mailchimp&utm_campaign=email-sustainable_engineering-7,2026-04-30 15:40:40.971412
59c2b448-fa12-448b-8274-0efccf8577db,james.horton@exxonmobil.com,CMP_PAST_SUSTAINABLE_ENGINEERING,Open,https://example.com?utm_source=mailchimp&utm_campaign=email-sustainable_engineering-7,2026-05-02 13:40:40.971412
521e818b-a62a-49a5-9607-a37d5a0f7873,james.horton@exxonmobil.com,CMP_PAST_SUSTAINABLE_ENGINEERING,Click,https://example.com?utm_source=mailchimp&utm_campaign=email-sustainable_engineering-7,2026-04-30 15:41:39.971412
ebdf50de-9197-494d-8dbe-5cc106a99a1c,james.horton@exxonmobil.com,CMP_PAST_SUSTAINABLE_ENGINEERING,Open,https://example.com?utm_source=mailchimp&utm_campaign=email-sustainable_engineering-4,2025-12-29 05:55:27.971412
7bb3a31c-21e4-49da-87a3-11dd8940cee1,james.horton@exxonmobil.com,CMP_PAST_SUSTAINABLE_ENGINEERING,Open,https://example.com?utm_source=mailchimp&utm_campaign=email-sustainable_engineering-4,2025-12-29 11:55:27.971412
9afa12b0-62e6-4611-8368-ef1dd848ce80,james.horton@exxonmobil.com,CMP_PAST_SUSTAINABLE_ENGINEERING,Open,https://example.com?utm_source=mailchimp&utm_campaign=email-sustainable_engineering-6,2026-02-20 00:52:24.971412
814debf9-244e-4c7b-8c63-4894d8fc1473,james.horton@exxonmobil.com,CMP_PAST_SUSTAINABLE_ENGINEERING,Click,https://example.com?utm_source=mailchimp&utm_campaign=email-sustainable_engineering-6,2026-02-20 00:55:09.971412
536fb20e-76b9-495b-88ed-50314c0ed6fb,james.horton@exxonmobil.com,CMP_PAST_SUSTAINABLE_ENGINEERING,Open,https://example.com?utm_source=mailchimp&utm_campaign=email-sustainable_engineering-2,2025-08-12 04:56:53.971412
b22cdd78-ebb5-4585-bfda-5e9a23aaafee,james.horton@exxonmobil.com,CMP_PAST_SUSTAINABLE_ENGINEERING,Open,https://example.com?utm_source=mailchimp&utm_campaign=email-sustainable_engineering-5,2026-01-05 00:15:58.971412
125f9e4d-63be-4f26-8750-79eea546b47a,james.horton@exxonmobil.com,CMP_PAST_SUSTAINABLE_ENGINEERING,Click,https://example.com?utm_source=mailchimp&utm_campaign=email-sustainable_engineering-5,2026-01-05 00:17:37.971412
056ac42d-9f82-4be1-b0e4-cf9d8a5ccd83,james.horton@exxonmobil.com,CMP_PAST_SUSTAINABLE_ENGINEERING,Open,https://example.com?utm_source=mailchimp&utm_campaign=email-sustainable_engineering-3,2025-10-09 05:25:53.971412
5dec189b-5189-443c-a2d1-1c257f0eb2de,diana.smith@exxonmobil.com,CMP_PAST_ASSET_OPTIMIZATION,Open,https://example.com?utm_source=mailchimp&utm_campaign=email-asset_optimization-2,2025-05-06 06:40:45.971412
4dc73bee-77fa-4a40-825c-97649b1c36bb,karen.carrillo@exxonmobil.com,CMP_LIVE_DECARBONIZATION_25_26,Open,https://example.com?utm_source=mailchimp&utm_campaign=email-live_decarbonization_25_26-4,2026-09-08 05:41:18.971412
9a326ee5-a81d-4947-8a44-e845e9ca4c51,karen.carrillo@exxonmobil.com,CMP_LIVE_DECARBONIZATION_25_26,Click,https://example.com?utm_source=mailchimp&utm_campaign=email-live_decarbonization_25_26-4,2026-09-08 01:47:12.971412
c95406d3-4298-4c42-a5f3-ab05bbf0eaf2,daniel.coleman@exxonmobil.com,CMP_PAST_SUSTAINABLE_ENGINEERING,Open,https://example.com?utm_source=mailchimp&utm_campaign=email-sustainable_engineering-3,2025-10-03 05:50:00.971412
5176dd08-e756-4e29-b716-5bb2faa03114,gregory.rubio@exxonmobil.com,CMP_PAST_ASSET_OPTIMIZATION,Open,https://example.com?utm_source=mailchimp&utm_campaign=email-asset_optimization-7,2026-01-27 06:43:31.971412
e6ce3be5-2192-470e-a59c-990612a97f7e,gregory.rubio@exxonmobil.com,CMP_PAST_ASSET_OPTIMIZATION,Open,https://example.com?utm_source=mailchimp&utm_campaign=email-asset_optimization-7,2026-01-28 01:43:31.971412
a310eab1-e2b4-46b3-b95e-cb3cfb70c407,april.williams@exxonmobil.com,CMP_PAST_SUSTAINABLE_ENGINEERING,Open,https://example.com?utm_source=mailchimp&utm_campaign=email-sustainable_engineering-1,2025-06-12 01:47:12.971412
8109f82a-3ed0-46fe-b06c-1cc99eae320b,april.williams@exxonmobil.com,CMP_PAST_SUSTAINABLE_ENGINEERING,Open,https://example.com?utm_source=mailchimp&utm_campaign=email-sustainable_engineering-2,2025-08-12 01:52:53.971412
cfd631e1-1b96-49b0-b5b8-3614c30e8422,april.williams@exxonmobil.com,CMP_PAST_SUSTAINABLE_ENGINEERING,Click,https://example.com?utm_source=mailchimp&utm_campaign=email-sustainable_engineering-2,2025-08-12 01:55:42.971412
97ab969a-99db-4a0a-91b8-c026864d69c4,john.charles@exxonmobil.com,CMP_LIVE_HYDROGEN_INFRASTRUCTURE,Open,https://example.com?utm_source=mailchimp&utm_campaign=email-hydrogen_infrastructure-1,2025-09-22 00:51:38.971412
d107ec1c-385a-4d17-bf83-5aa8eee9eb2c,john.charles@exxonmobil.com,CMP_LIVE_HYDROGEN_INFRASTRUCTURE,Open,https://example.com?utm_source=mailchimp&utm_campaign=email-hydrogen_infrastructure-1,2025-09-24 00:51:38.971412
fc974a50-402e-4230-9b6c-344296dc29c2,john.charles@exxonmobil.com,CMP_LIVE_HYDROGEN_INFRASTRUCTURE,Open,https://example.com?utm_source=mailchimp&utm_campaign=email-hydrogen_infrastructure-8,2026-08-29 14:01:29.971412
c247797e-599d-43c2-9fa3-c6f9d4df52a9,john.charles@exxonmobil.com,CMP_LIVE_HYDROGEN_INFRASTRUCTURE,Click,https://example.com?utm_source=mailchimp&utm_campaign=email-hydrogen_infrastructure-8,2026-08-29 14:04:27.971412
39b7f722-0c6d-4803-a81f-48f659df3dae,john.charles@exxonmobil.com,CMP_LIVE_HYDROGEN_INFRASTRUCTURE,Open,https://example.com?utm_source=mailchimp&utm_campaign=email-hydrogen_infrastructure-5,2026-04-17 12:15:05.971412
ffc4d460-81cd-4690-ac65-53b7a63a98cf,john.charles@exxonmobil.com,CMP_LIVE_HYDROGEN_INFRASTRUCTURE,Open,https://example.com?utm_source=mailchimp&utm_campaign=email-hydrogen_infrastructure-5,2026-04-18 12:15:05.971412
6a319181-8347-4689-ab2e-7993be9213ec,stephen.solis@exxonmobil.com,CMP_LIVE_HYDROGEN_INFRASTRUCTURE,Open,https://example.com?utm_source=mailchimp&utm_campaign=email-hydrogen_infrastructure-3,2026-01-27 20:06:51.971412
4dedc844-9026-4adb-b359-df94fe1cc211,stephen.solis@exxonmobil.com,CMP_LIVE_HYDROGEN_INFRASTRUCTURE,Open,https://example.com?utm_source=mailchimp&utm_campaign=email-hydrogen_infrastructure-3,2026-01-29 19:06:51.971412
8d8c0a70-38c1-44d1-b380-f87e745b5879,stephen.solis@exxonmobil.com,CMP_LIVE_HYDROGEN_INFRASTRUCTURE,Open,https://example.com?utm_source=mailchimp&utm_campaign=email-hydrogen_infrastructure-6,2026-06-08 07:47:02.971412
3b9b9620-2ef7-473d-9e1f-71592102e86d,stephen.solis@exxonmobil.com,CMP_LIVE_HYDROGEN_INFRASTRUCTURE,Open,https://example.com?utm_source=mailchimp&utm_campaign=email-hydrogen_infrastructure-5,2026-05-04 22:56:25.971412
2b29f64b-b264-4605-bf3b-f5110040fe84,stephen.solis@exxonmobil.com,CMP_LIVE_HYDROGEN_INFRASTRUCTURE,Open,https://example.com?utm_source=mailchimp&utm_campaign=email-hydrogen_infrastructure-5,2026-05-06 22:56:25.971412
5588ab4e-2937-4e79-a909-0e4dd87d8692,stephen.solis@exxonmobil.com,CMP_LIVE_HYDROGEN_INFRASTRUCTURE,Open,https://example.com?utm_source=mailchimp&utm_campaign=email-hydrogen_infrastructure-8,2026-09-06 18:59:18.971412
71a8250b-d4ed-4ec7-86cb-8439bb9b9471,stephen.solis@exxonmobil.com,CMP_LIVE_HYDROGEN_INFRASTRUCTURE,Click,https://example.com?utm_source=mailchimp&utm_campaign=email-hydrogen_infrastructure-8,2026-09-06 19:00:39.971412
bda305e5-2b9e-48e1-9ee0-09a6e0fed426,stephen.solis@exxonmobil.com,CMP_LIVE_HYDROGEN_INFRASTRUCTURE,Open,https://example.com?utm_source=mailchimp&utm_campaign=email-hydrogen_infrastructure-2,2025-11-24 05:56:52.971412
0cc31d4f-9a5a-432d-b179-5a78cad2a37a,stephen.solis@exxonmobil.com,CMP_LIVE_HYDROGEN_INFRASTRUCTURE,Open,https://example.com?utm_source=mailchimp&utm_campaign=email-hydrogen_infrastructure-2,2025-11-25 03:56:52.971412
525f5983-547f-4169-87bd-2893c3eefbbd,stephen.solis@exxonmobil.com,CMP_LIVE_HYDROGEN_INFRASTRUCTURE,Open,https://example.com?utm_source=mailchimp&utm_campaign=email-hydrogen_infrastructure-2,2025-11-25 06:56:52.971412
62755394-d36e-431e-9010-f85affd37f4b,stephen.solis@exxonmobil.com,CMP_LIVE_HYDROGEN_INFRASTRUCTURE,Open,https://example.com?utm_source=mailchimp&utm_campaign=email-hydrogen_infrastructure-4,2026-03-06 04:23:46.971412
46b6708c-4370-4f91-914e-ba45ea386306,caitlin.dodson@exxonmobil.com,CMP_LIVE_DIGITAL_TWIN,Open,https://example.com?utm_source=mailchimp&utm_campaign=email-digital_twin-6,2026-09-05 16:46:00.971412
e78b8b56-6880-4c3b-bc4b-ff038dad83da,caitlin.dodson@exxonmobil.com,CMP_LIVE_DIGITAL_TWIN,Open,https://example.com?utm_source=mailchimp&utm_campaign=email-digital_twin-5,2026-06-29 03:45:09.971412
0a257a5e-8a1b-4cd0-8769-9d96a780d11b,jennifer.wagner@exxonmobil.com,CMP_PAST_SUSTAINABLE_ENGINEERING,Open,https://example.com?utm_source=mailchimp&utm_campaign=email-sustainable_engineering-6,2026-03-08 04:56:34.971412
be328be9-5300-4f00-8d88-282166028877,jennifer.wagner@exxonmobil.com,CMP_PAST_SUSTAINABLE_ENGINEERING,Open,https://example.com?utm_source=mailchimp&utm_campaign=email-sustainable_engineering-6,2026-03-09 06:56:34.971412
7924ae16-4be0-454f-b04b-c49d202252d4,maria.kelley@exxonmobil.com,CMP_LIVE_DIGITAL_TWIN,Open,https://example.com?utm_source=mailchimp&utm_campaign=email-digital_twin-6,2026-08-30 22:55:07.971412
0541d7b8-b984-4102-98ee-a07ca3ab3708,maria.kelley@exxonmobil.com,CMP_LIVE_DIGITAL_TWIN,Open,https://example.com?utm_source=mailchimp&utm_campaign=email-digital_twin-6,2026-09-01 17:55:07.971412
a97338f6-21bc-44c4-ab37-6957cb51208a,maria.kelley@exxonmobil.com,CMP_LIVE_DIGITAL_TWIN,Open,https://example.com?utm_source=mailchimp&utm_campaign=email-digital_twin-4,2026-05-15 21:26:53.971412
bc54277f-8fbf-4a36-9f23-c128df20b2ae,maria.kelley@exxonmobil.com,CMP_LIVE_DIGITAL_TWIN,Click,https://example.com?utm_source=mailchimp&utm_campaign=email-digital_twin-4,2026-05-15 21:29:13.971412
1d326833-5b62-45dd-9ff5-02fc210d2716,maria.kelley@exxonmobil.com,CMP_LIVE_DIGITAL_TWIN,Open,https://example.com?utm_source=mailchimp&utm_campaign=email-digital_twin-2,2026-01-30 01:47:13.971412
46778693-7b3f-49e8-ae99-b24ac7389e36,maria.kelley@exxonmobil.com,CMP_LIVE_DIGITAL_TWIN,Open,https://example.com?utm_source=mailchimp&utm_campaign=email-digital_twin-3,2026-03-22 10:20:43.971412
5986af99-5f11-476e-b187-a58c514e132a,maria.kelley@exxonmobil.com,CMP_LIVE_DIGITAL_TWIN,Open,https://example.com?utm_source=mailchimp&utm_campaign=email-digital_twin-1,2025-12-17 06:56:17.971412
435e7353-0b93-4aec-a296-d0e055390f22,maria.kelley@exxonmobil.com,CMP_LIVE_DIGITAL_TWIN,Open,https://example.com?utm_source=mailchimp&utm_campaign=email-digital_twin-1,2025-12-18 09:56:17.971412
e51fb1a4-5942-4750-bef1-f05543aafc84,maria.kelley@exxonmobil.com,CMP_LIVE_DIGITAL_TWIN,Open,https://example.com?utm_source=mailchimp&utm_campaign=email-digital_twin-5,2026-07-12 13:56:38.971412
9161ef23-1e6c-4011-bac1-57618120a156,phyllis.manning@exxonmobil.com,CMP_PAST_ASSET_OPTIMIZATION,Open,https://example.com?utm_source=mailchimp&utm_campaign=email-asset_optimization-1,2025-03-16 04:30:16.971412
ebfec000-2923-42d7-bd22-43b4f8f3af0d,thomas.green@exxonmobil.com,CMP_LIVE_HYDROGEN_INFRASTRUCTURE,Open,https://example.com?utm_source=mailchimp&utm_campaign=email-hydrogen_infrastructure-3,2026-01-05 18:51:54.971412
f69271a9-b3ea-4eb2-82d6-5caa73f1417e,thomas.green@exxonmobil.com,CMP_LIVE_HYDROGEN_INFRASTRUCTURE,Open,https://example.com?utm_source=mailchimp&utm_campaign=email-hydrogen_infrastructure-6,2026-06-07 02:25:33.971412
68434e7c-e0d8-401d-a982-076148919174,thomas.green@exxonmobil.com,CMP_LIVE_HYDROGEN_INFRASTRUCTURE,Click,https://example.com?utm_source=mailchimp&utm_campaign=email-hydrogen_infrastructure-6,2026-06-07 02:27:39.971412
118eba9e-b63a-4d52-8132-f2f352a94955,katie.boyd@exxonmobil.com,CMP_LIVE_HYDROGEN_INFRASTRUCTURE,Open,https://example.com?utm_source=mailchimp&utm_campaign=email-hydrogen_infrastructure-8,2026-08-29 01:48:23.971412
d5e13346-036e-4a13-a90b-43d701e0782c,katie.boyd@exxonmobil.com,CMP_LIVE_HYDROGEN_INFRASTRUCTURE,Open,https://example.com?utm_source=mailchimp&utm_campaign=email-hydrogen_infrastructure-7,2026-07-16 16:05:27.971412
047f3355-7213-46f9-961c-50356faf9c3e,katie.boyd@exxonmobil.com,CMP_LIVE_HYDROGEN_INFRASTRUCTURE,Open,https://example.com?utm_source=mailchimp&utm_campaign=email-hydrogen_infrastructure-6,2026-06-01 02:03:43.971412
31d9c467-fd3d-480d-95bc-71aed9ac41c3,katie.boyd@exxonmobil.com,CMP_LIVE_HYDROGEN_INFRASTRUCTURE,Open,https://example.com?utm_source=mailchimp&utm_campaign=email-hydrogen_infrastructure-4,2026-02-23 07:17:53.971412
5381530c-9da8-42f6-9348-c585da6f48fa,katie.boyd@exxonmobil.com,CMP_LIVE_HYDROGEN_INFRASTRUCTURE,Open,https://example.com?utm_source=mailchimp&utm_campaign=email-hydrogen_infrastructure-3,2026-01-02 08:02:15.971412
f2469fa5-2d30-4933-8e6d-3ff53fa8ba6b,katie.boyd@exxonmobil.com,CMP_LIVE_HYDROGEN_INFRASTRUCTURE,Open,https://example.com?utm_source=mailchimp&utm_campaign=email-hydrogen_infrastructure-1,2025-10-03 19:39:05.971412
d02a7f91-f63f-4b48-98f3-c0ec892cee16,katie.boyd@exxonmobil.com,CMP_LIVE_HYDROGEN_INFRASTRUCTURE,Open,https://example.com?utm_source=mailchimp&utm_campaign=email-hydrogen_infrastructure-2,2025-12-15 01:02:27.971412
5baa2eb1-7e5b-4a33-b8df-e80edc663caf,katie.boyd@exxonmobil.com,CMP_LIVE_HYDROGEN_INFRASTRUCTURE,Open,https://example.com?utm_source=mailchimp&utm_campaign=email-hydrogen_infrastructure-2,2025-12-16 12:02:27.971412
5231257c-14db-4045-9111-06e5ed01ead3,courtney.hill@exxonmobil.com,CMP_PAST_SUSTAINABLE_ENGINEERING,Open,https://example.com?utm_source=mailchimp&utm_campaign=email-sustainable_engineering-1,2025-06-12 09:25:55.971412
467fd6c2-b707-4f3e-9fd9-674fe016b6b7,courtney.hill@exxonmobil.com,CMP_PAST_SUSTAINABLE_ENGINEERING,Click,https://example.com?utm_source=mailchimp&utm_campaign=email-sustainable_engineering-1,2025-06-12 09:26:10.971412
3015d672-acaa-45e2-8fe1-67e8af1fdf4a,courtney.hill@exxonmobil.com,CMP_PAST_SUSTAINABLE_ENGINEERING,Open,https://example.com?utm_source=mailchimp&utm_campaign=email-sustainable_engineering-6,2026-02-20 03:42:46.971412
e09183e2-e534-4cae-8bb4-851bdaf2dd1a,courtney.hill@exxonmobil.com,CMP_PAST_SUSTAINABLE_ENGINEERING,Open,https://example.com?utm_source=mailchimp&utm_campaign=email-sustainable_engineering-6,2026-02-21 22:42:46.971412
9e26f5ce-e64d-4ef7-936a-85687585c8cf,courtney.hill@exxonmobil.com,CMP_PAST_SUSTAINABLE_ENGINEERING,Open,https://example.com?utm_source=mailchimp&utm_campaign=email-sustainable_engineering-6,2026-02-21 13:42:46.971412
5317919c-fc36-4729-ac1c-921861d06646,joseph.flores@exxonmobil.com,CMP_PAST_SUSTAINABLE_ENGINEERING,Open,https://example.com?utm_source=mailchimp&utm_campaign=email-sustainable_engineering-7,2026-04-21 02:28:40.971412
bb6c2e7a-a423-4c03-8db2-88b25b33c260,joseph.flores@exxonmobil.com,CMP_PAST_SUSTAINABLE_ENGINEERING,Click,https://example.com?utm_source=mailchimp&utm_campaign=email-sustainable_engineering-7,2026-04-21 02:29:00.971412
fd0fc3c5-6c14-4a74-8283-fe7925b12a5d,joseph.flores@exxonmobil.com,CMP_PAST_SUSTAINABLE_ENGINEERING,Open,https://example.com?utm_source=mailchimp&utm_campaign=email-sustainable_engineering-3,2025-10-04 14:35:41.971412
f3d188c7-c11d-4fc5-83cb-0b9d715c04bd,joseph.flores@exxonmobil.com,CMP_PAST_SUSTAINABLE_ENGINEERING,Click,https://example.com?utm_source=mailchimp&utm_campaign=email-sustainable_engineering-3,2025-10-04 14:37:58.971412
198b683a-74fb-4340-a903-484e3df3c9e8,joseph.flores@exxonmobil.com,CMP_PAST_SUSTAINABLE_ENGINEERING,Open,https://example.com?utm_source=mailchimp&utm_campaign=email-sustainable_engineering-1,2025-06-22 22:47:43.971412
bd3968d9-0407-4c0f-9476-2dd476a720c5,joseph.flores@exxonmobil.com,CMP_PAST_SUSTAINABLE_ENGINEERING,Click,https://example.com?utm_source=mailchimp&utm_campaign=email-sustainable_engineering-1,2025-06-22 22:50:29.971412
d6e632e9-97bc-44eb-9236-a6b59f92139a,joseph.flores@exxonmobil.com,CMP_PAST_SUSTAINABLE_ENGINEERING,Open,https://example.com?utm_source=mailchimp&utm_campaign=email-sustainable_engineering-4,2025-11-18 04:46:36.971412
4ebf3fc5-ca3a-4b08-a807-14f59b39f8e5,joseph.flores@exxonmobil.com,CMP_PAST_SUSTAINABLE_ENGINEERING,Click,https://example.com?utm_source=mailchimp&utm_campaign=email-sustainable_engineering-4,2025-11-18 04:47:40.971412
19811b85-b94e-4495-87d0-4c633911faba,joseph.flores@exxonmobil.com,CMP_PAST_SUSTAINABLE_ENGINEERING,Open,https://example.com?utm_source=mailchimp&utm_campaign=email-sustainable_engineering-2,2025-08-12 04:23:57.971412
5fd4fc03-c67b-4b1e-a9ec-2b5c15cef14b,joseph.flores@exxonmobil.com,CMP_PAST_SUSTAINABLE_ENGINEERING,Click,https://example.com?utm_source=mailchimp&utm_campaign=email-sustainable_engineering-2,2025-08-12 04:26:01.971412
0c107fb6-1501-4047-9d09-409ac1c93144,joseph.flores@exxonmobil.com,CMP_PAST_SUSTAINABLE_ENGINEERING,Open,https://example.com?utm_source=mailchimp&utm_campaign=email-sustainable_engineering-6,2026-02-19 01:56:42.971412
bc817da6-441c-493c-b095-65663c2b139d,joseph.flores@exxonmobil.com,CMP_PAST_SUSTAINABLE_ENGINEERING,Open,https://example.com?utm_source=mailchimp&utm_campaign=email-sustainable_engineering-5,2025-12-28 13:05:19.971412
9a4052c3-971c-4c77-aa4a-7730d8e29583,joseph.flores@exxonmobil.com,CMP_PAST_SUSTAINABLE_ENGINEERING,Click,https://example.com?utm_source=mailchimp&utm_campaign=email-sustainable_engineering-5,2025-12-28 13:05:47.971412
3e2fb34c-8e7a-4f19-bfcc-77cefe540813,jesse.benson@exxonmobil.com,CMP_LIVE_DECARBONIZATION_25_26,Open,https://example.com?utm_source=mailchimp&utm_campaign=email-live_decarbonization_25_26-1,2026-03-13 02:04:30.971412
9e67632c-59eb-4695-b85c-1e3bfdb55ed5,rick.daniels@exxonmobil.com,CMP_PAST_SUSTAINABLE_ENGINEERING,Open,https://example.com?utm_source=mailchimp&utm_campaign=email-sustainable_engineering-4,2025-11-20 18:38:25.971412
31c5abf9-dfd7-4db3-b79f-f9e3ade40c67,rick.daniels@exxonmobil.com,CMP_PAST_SUSTAINABLE_ENGINEERING,Open,https://example.com?utm_source=mailchimp&utm_campaign=email-sustainable_engineering-6,2026-03-01 16:16:15.971412
daf3068d-aed9-453a-8125-7bd10d0fee03,rick.daniels@exxonmobil.com,CMP_PAST_SUSTAINABLE_ENGINEERING,Open,https://example.com?utm_source=mailchimp&utm_campaign=email-sustainable_engineering-6,2026-03-03 02:16:15.971412
b07eabd0-a9b7-4e54-91a1-995af35c220a,robert.stein@exxonmobil.com,CMP_PAST_ASSET_OPTIMIZATION,Open,https://example.com?utm_source=mailchimp&utm_campaign=email-asset_optimization-6,2025-11-25 02:37:53.971412
5a2279a1-b245-4c06-bbe0-b1938806d55a,robert.stein@exxonmobil.com,CMP_PAST_ASSET_OPTIMIZATION,Click,https://example.com?utm_source=mailchimp&utm_campaign=email-asset_optimization-6,2025-11-25 02:40:28.971412
0f1b85a3-cd2a-4181-a939-e43f9237ad44,robert.stein@exxonmobil.com,CMP_PAST_ASSET_OPTIMIZATION,Open,https://example.com?utm_source=mailchimp&utm_campaign=email-asset_optimization-1,2025-04-01 19:30:39.971412
d30d97e1-5a6e-4ad4-948b-fa3a6381ff00,brandy.dominguez@exxonmobil.com,CMP_LIVE_HYDROGEN_INFRASTRUCTURE,Open,https://example.com?utm_source=mailchimp&utm_campaign=email-hydrogen_infrastructure-6,2026-06-01 02:18:34.971412
c29944b0-36fc-462c-ac6f-f55e4592710d,brandy.dominguez@exxonmobil.com,CMP_LIVE_HYDROGEN_INFRASTRUCTURE,Open,https://example.com?utm_source=mailchimp&utm_campaign=email-hydrogen_infrastructure-7,2026-07-13 08:37:15.971412
94ec3b77-98a0-426b-ace3-7fa8bc10a49d,brandy.dominguez@exxonmobil.com,CMP_LIVE_HYDROGEN_INFRASTRUCTURE,Open,https://example.com?utm_source=mailchimp&utm_campaign=email-hydrogen_infrastructure-8,2026-08-30 10:32:40.971412
46815c81-1018-47a7-85ec-e92467c5a269,brandy.dominguez@exxonmobil.com,CMP_LIVE_HYDROGEN_INFRASTRUCTURE,Click,https://example.com?utm_source=mailchimp&utm_campaign=email-hydrogen_infrastructure-8,2026-08-30 10:33:57.971412
e1a05f56-02f2-4d82-8691-df168cde197e,brandy.dominguez@exxonmobil.com,CMP_LIVE_HYDROGEN_INFRASTRUCTURE,Open,https://example.com?utm_source=mailchimp&utm_campaign=email-hydrogen_infrastructure-1,2025-09-20 02:06:58.971412
5e022e49-3b2b-4dc0-a198-01409752e40c,brandy.dominguez@exxonmobil.com,CMP_LIVE_HYDROGEN_INFRASTRUCTURE,Open,https://example.com?utm_source=mailchimp&utm_campaign=email-hydrogen_infrastructure-1,2025-09-20 21:06:58.971412
8aafeb59-9d2c-411c-a911-475980cbbdc4,brandy.dominguez@exxonmobil.com,CMP_LIVE_HYDROGEN_INFRASTRUCTURE,Click,https://example.com?utm_source=mailchimp&utm_campaign=email-hydrogen_infrastructure-1,2025-09-20 02:09:53.971412
c2e8d217-36b3-4c59-8dfb-5d97657f8983,omar.smith@exxonmobil.com,CMP_LIVE_DECARBONIZATION_25_26,Open,https://example.com?utm_source=mailchimp&utm_campaign=email-live_decarbonization_25_26-1,2026-03-17 00:49:06.971412
2c40e925-6875-4559-9e81-92dd6265368b,omar.smith@exxonmobil.com,CMP_LIVE_DECARBONIZATION_25_26,Open,https://example.com?utm_source=mailchimp&utm_campaign=email-live_decarbonization_25_26-4,2026-09-08 11:33:09.971412
936d599c-1841-407c-8632-9029df4e6acc,omar.smith@exxonmobil.com,CMP_LIVE_DECARBONIZATION_25_26,Open,https://example.com?utm_source=mailchimp&utm_campaign=email-live_decarbonization_25_26-4,2026-09-08 01:47:12.971412
9d83ac1a-2b4f-4871-b6e2-6ebdaeb236c3,omar.smith@exxonmobil.com,CMP_LIVE_DECARBONIZATION_25_26,Open,https://example.com?utm_source=mailchimp&utm_campaign=email-live_decarbonization_25_26-3,2026-08-05 21:27:30.971412
33989c52-3bee-4ac1-94fe-f43ee2c49a16,omar.smith@exxonmobil.com,CMP_LIVE_DECARBONIZATION_25_26,Open,https://example.com?utm_source=mailchimp&utm_campaign=email-live_decarbonization_25_26-2,2026-05-12 01:51:32.971412
304eaa11-5cc7-4022-8842-cb6ef38894f6,omar.smith@exxonmobil.com,CMP_LIVE_DECARBONIZATION_25_26,Open,https://example.com?utm_source=mailchimp&utm_campaign=email-live_decarbonization_25_26-2,2026-05-12 14:51:32.971412
dcef20ab-175e-415c-a561-a9e3d75e2d85,omar.smith@exxonmobil.com,CMP_LIVE_DECARBONIZATION_25_26,Open,https://example.com?utm_source=mailchimp&utm_campaign=email-live_decarbonization_25_26-2,2026-05-13 03:51:32.971412
f21552fe-a684-453e-8b15-a58c6ae7bf29,michael.molina@exxonmobil.com,CMP_LIVE_HYDROGEN_INFRASTRUCTURE,Open,https://example.com?utm_source=mailchimp&utm_campaign=email-hydrogen_infrastructure-3,2026-02-03 10:32:12.971412
63f92865-13bf-4900-8f31-b3ec0ea76cb4,michael.molina@exxonmobil.com,CMP_LIVE_HYDROGEN_INFRASTRUCTURE,Open,https://example.com?utm_source=mailchimp&utm_campaign=email-hydrogen_infrastructure-8,2026-09-01 18:00:28.971412
6373ef7e-c0ca-4f2e-9636-8d4d40b58a1b,michael.molina@exxonmobil.com,CMP_LIVE_HYDROGEN_INFRASTRUCTURE,Open,https://example.com?utm_source=mailchimp&utm_campaign=email-hydrogen_infrastructure-6,2026-07-11 05:05:50.971412
be51db78-1358-494a-af92-415c947eaccc,michael.molina@exxonmobil.com,CMP_LIVE_HYDROGEN_INFRASTRUCTURE,Open,https://example.com?utm_source=mailchimp&utm_campaign=email-hydrogen_infrastructure-6,2026-07-11 22:05:50.971412
dfa64423-1922-4ae0-b00d-abf451fbb2a3,michael.molina@exxonmobil.com,CMP_LIVE_HYDROGEN_INFRASTRUCTURE,Open,https://example.com?utm_source=mailchimp&utm_campaign=email-hydrogen_infrastructure-6,2026-07-11 20:05:50.971412
f1db87ae-2b1b-4590-8f3c-75b647497c27,melissa.ashley@exxonmobil.com,CMP_PAST_ASSET_OPTIMIZATION,Open,https://example.com?utm_source=mailchimp&utm_campaign=email-asset_optimization-6,2025-11-24 05:21:54.971412
c5016de2-3b62-4bc0-91c3-e8a565b0d393,robert.adkins@exxonmobil.com,CMP_PAST_SUSTAINABLE_ENGINEERING,Open,https://example.com?utm_source=mailchimp&utm_campaign=email-sustainable_engineering-4,2025-12-01 19:54:54.971412
784decd9-c90d-448a-94e9-ac482cc9e9cb,robert.adkins@exxonmobil.com,CMP_PAST_SUSTAINABLE_ENGINEERING,Open,https://example.com?utm_source=mailchimp&utm_campaign=email-sustainable_engineering-4,2025-12-03 17:54:54.971412
22d1ebc5-f8e4-4256-82c2-dcddc0580d44,amy.morrison@exxonmobil.com,CMP_PAST_SUSTAINABLE_ENGINEERING,Open,https://example.com?utm_source=mailchimp&utm_campaign=email-sustainable_engineering-5,2026-01-03 02:33:31.971412
5ff90ae6-a9d7-4b45-ba9e-79c61d93b3ee,amy.morrison@exxonmobil.com,CMP_PAST_SUSTAINABLE_ENGINEERING,Open,https://example.com?utm_source=mailchimp&utm_campaign=email-sustainable_engineering-1,2025-06-12 01:47:32.971412
33081735-087e-4c3f-88f8-6d1a03a07d34,jeffrey.robinson@exxonmobil.com,CMP_LIVE_HYDROGEN_INFRASTRUCTURE,Open,https://example.com?utm_source=mailchimp&utm_campaign=email-hydrogen_infrastructure-4,2026-02-12 03:50:24.971412
e9f5e238-da31-488b-bc2a-a7a91bd3b90f,jeffrey.robinson@exxonmobil.com,CMP_LIVE_HYDROGEN_INFRASTRUCTURE,Click,https://example.com?utm_source=mailchimp&utm_campaign=email-hydrogen_infrastructure-4,2026-02-12 03:51:18.971412
d81ef868-a73d-4e25-a786-5ff0b9185d80,jeffrey.robinson@exxonmobil.com,CMP_LIVE_HYDROGEN_INFRASTRUCTURE,Open,https://example.com?utm_source=mailchimp&utm_campaign=email-hydrogen_infrastructure-5,2026-04-04 01:53:02.971412
d0e22c8f-fafd-4df3-97bc-82ef69e15ca2,matthew.shelton@exxonmobil.com,CMP_PAST_SUSTAINABLE_ENGINEERING,Open,https://example.com?utm_source=mailchimp&utm_campaign=email-sustainable_engineering-4,2025-11-18 06:34:03.971412
31bdfcaf-1b21-41c4-9be5-e299609ed389,matthew.shelton@exxonmobil.com,CMP_PAST_SUSTAINABLE_ENGINEERING,Click,https://example.com?utm_source=mailchimp&utm_campaign=email-sustainable_engineering-4,2025-11-18 06:36:11.971412
9229679b-2c55-44b7-b659-30ca9a20ad35,matthew.shelton@exxonmobil.com,CMP_PAST_SUSTAINABLE_ENGINEERING,Open,https://example.com?utm_source=mailchimp&utm_campaign=email-sustainable_engineering-2,2025-09-16 04:23:01.971412
813af57d-131b-40f3-b616-d964d365cf44,matthew.shelton@exxonmobil.com,CMP_PAST_SUSTAINABLE_ENGINEERING,Open,https://example.com?utm_source=mailchimp&utm_campaign=email-sustainable_engineering-2,2025-09-17 13:23:01.971412
8fb5e338-aa1f-4aa2-b562-c4b5b6a939a3,matthew.shelton@exxonmobil.com,CMP_PAST_SUSTAINABLE_ENGINEERING,Open,https://example.com?utm_source=mailchimp&utm_campaign=email-sustainable_engineering-2,2025-09-16 08:23:01.971412
d9ccafa0-d519-41bd-bfa1-afbaf0bd8141,richard.martin@exxonmobil.com,CMP_PAST_ASSET_OPTIMIZATION,Open,https://example.com?utm_source=mailchimp&utm_campaign=email-asset_optimization-6,2025-11-19 01:47:53.971412
cbbfa351-abe9-4d3c-ac2f-8bc0546eb586,richard.martin@exxonmobil.com,CMP_PAST_ASSET_OPTIMIZATION,Open,https://example.com?utm_source=mailchimp&utm_campaign=email-asset_optimization-6,2025-11-20 23:47:53.971412
617e3ba2-511b-47d6-8134-cd1183086d83,tanner.anderson@exxonmobil.com,CMP_LIVE_DIGITAL_TWIN,Open,https://example.com?utm_source=mailchimp&utm_campaign=email-digital_twin-2,2026-01-31 05:51:26.971412
219670cb-2c0a-4488-93f0-c22f76281f91,tanner.anderson@exxonmobil.com,CMP_LIVE_DIGITAL_TWIN,Open,https://example.com?utm_source=mailchimp&utm_campaign=email-digital_twin-3,2026-04-02 00:30:21.971412
0398575c-e18d-426d-8450-ee6d8b9d9f08,tanner.anderson@exxonmobil.com,CMP_LIVE_DIGITAL_TWIN,Click,https://example.com?utm_source=mailchimp&utm_campaign=email-digital_twin-3,2026-04-02 00:30:45.971412
ac8f2f48-0e60-4874-9519-7caa914caf87,tanner.anderson@exxonmobil.com,CMP_LIVE_DIGITAL_TWIN,Open,https://example.com?utm_source=mailchimp&utm_campaign=email-digital_twin-6,2026-08-29 01:47:25.971412
42e799e1-9519-4a89-b471-4ba989d1bffa,tanner.anderson@exxonmobil.com,CMP_LIVE_DIGITAL_TWIN,Open,https://example.com?utm_source=mailchimp&utm_campaign=email-digital_twin-6,2026-08-30 06:47:25.971412
20ade636-9aa7-4288-b1b4-e1651d600b94,tanner.anderson@exxonmobil.com,CMP_LIVE_DIGITAL_TWIN,Open,https://example.com?utm_source=mailchimp&utm_campaign=email-digital_twin-4,2026-05-15 03:01:36.971412
bea4892c-558a-4396-9ded-0b6ad9e3a2c1,cindy.johnson@exxonmobil.com,CMP_LIVE_DECARBONIZATION_25_26,Open,https://example.com?utm_source=mailchimp&utm_campaign=email-live_decarbonization_25_26-3,2026-07-17 01:47:12.971412
3e8005e5-fbbf-43d5-8473-8ef03b3d080f,cindy.johnson@exxonmobil.com,CMP_LIVE_DECARBONIZATION_25_26,Open,https://example.com?utm_source=mailchimp&utm_campaign=email-live_decarbonization_25_26-3,2026-07-17 12:47:12.971412
3251d685-eb91-41d9-b50a-c88c18256878,phillip.elliott@exxonmobil.com,CMP_LIVE_DIGITAL_TWIN,Open,https://example.com?utm_source=mailchimp&utm_campaign=email-digital_twin-5,2026-06-28 01:53:02.971412
8fce0281-4796-4452-8c73-b27ca2808ce4,derek.murray@totalenergies.com,CMP_PAST_ASSET_OPTIMIZATION,Open,https://example.com?utm_source=mailchimp&utm_campaign=email-asset_optimization-4,2025-08-18 09:31:47.971412
23593eb7-d050-49a1-bbaa-b630d22df0a2,derek.murray@totalenergies.com,CMP_PAST_ASSET_OPTIMIZATION,Open,https://example.com?utm_source=mailchimp&utm_campaign=email-asset_optimization-7,2026-01-09 08:44:18.971412
4d13e5aa-2898-4def-973d-eda97b3cd9f2,derek.murray@totalenergies.com,CMP_PAST_ASSET_OPTIMIZATION,Open,https://example.com?utm_source=mailchimp&utm_campaign=email-asset_optimization-6,2025-12-23 02:23:36.971412
b2990ca1-69fd-4f43-935f-f614bee5b3c8,derek.murray@totalenergies.com,CMP_PAST_ASSET_OPTIMIZATION,Open,https://example.com?utm_source=mailchimp&utm_campaign=email-asset_optimization-1,2025-03-19 07:45:30.971412
0a71b83e-8435-482d-875d-c87c063d8707,brent.gray@totalenergies.com,CMP_PAST_SUSTAINABLE_ENGINEERING,Open,https://example.com?utm_source=mailchimp&utm_campaign=email-sustainable_engineering-3,2025-10-03 15:24:11.971412
51ba0175-56e4-4552-adf4-4a7015d4d78a,brent.gray@totalenergies.com,CMP_PAST_SUSTAINABLE_ENGINEERING,Open,https://example.com?utm_source=mailchimp&utm_campaign=email-sustainable_engineering-3,2025-10-04 20:24:11.971412
0ecb4fd8-df70-412e-99ee-2d20d51921ac,brent.gray@totalenergies.com,CMP_PAST_SUSTAINABLE_ENGINEERING,Open,https://example.com?utm_source=mailchimp&utm_campaign=email-sustainable_engineering-3,2025-10-04 08:24:11.971412
4bffc541-7ad8-40c0-acdc-e7eba656a393,brent.gray@totalenergies.com,CMP_PAST_SUSTAINABLE_ENGINEERING,Open,https://example.com?utm_source=mailchimp&utm_campaign=email-sustainable_engineering-2,2025-09-16 02:48:54.971412
9d4c5729-4796-475c-a29d-c3d049f418e9,kathleen.gray@totalenergies.com,CMP_PAST_ASSET_OPTIMIZATION,Open,https://example.com?utm_source=mailchimp&utm_campaign=email-asset_optimization-5,2025-11-08 09:29:33.971412
fbd872cd-b42c-41a1-b8ca-b7b689f15acc,kathleen.gray@totalenergies.com,CMP_PAST_ASSET_OPTIMIZATION,Open,https://example.com?utm_source=mailchimp&utm_campaign=email-asset_optimization-2,2025-06-13 03:53:56.971412
c9e02673-55be-4641-9201-0a64e5412c38,kathleen.gray@totalenergies.com,CMP_PAST_ASSET_OPTIMIZATION,Open,https://example.com?utm_source=mailchimp&utm_campaign=email-asset_optimization-1,2025-03-12 01:57:00.971412
ed101a78-2f19-4ca7-a17a-d3cac9500de0,kathleen.gray@totalenergies.com,CMP_PAST_ASSET_OPTIMIZATION,Open,https://example.com?utm_source=mailchimp&utm_campaign=email-asset_optimization-1,2025-03-12 10:57:00.971412
9991c627-d4d9-4277-b1b3-1471b9909b8a,kathleen.gray@totalenergies.com,CMP_PAST_ASSET_OPTIMIZATION,Open,https://example.com?utm_source=mailchimp&utm_campaign=email-asset_optimization-1,2025-03-12 09:57:00.971412
cfe0fed3-a50d-40df-aff8-cd80ffc25786,kathleen.gray@totalenergies.com,CMP_PAST_ASSET_OPTIMIZATION,Click,https://example.com?utm_source=mailchimp&utm_campaign=email-asset_optimization-1,2025-03-12 01:58:22.971412
571ec6d0-a212-4fed-b14c-72b416beb08e,karen.decker@totalenergies.com,CMP_LIVE_DIGITAL_TWIN,Open,https://example.com?utm_source=mailchimp&utm_campaign=email-digital_twin-2,2026-01-31 02:58:39.971412
b76a342b-d6c4-4868-9653-c2a950084f07,karen.decker@totalenergies.com,CMP_LIVE_DIGITAL_TWIN,Click,https://example.com?utm_source=mailchimp&utm_campaign=email-digital_twin-2,2026-01-31 02:59:12.971412
798d86e4-9be4-49c4-8e3d-6aa530337dc9,johnny.miller@totalenergies.com,CMP_LIVE_HYDROGEN_INFRASTRUCTURE,Open,https://example.com?utm_source=mailchimp&utm_campaign=email-hydrogen_infrastructure-3,2026-01-02 07:19:26.971412
ae2c1cdd-28e7-49e3-9391-f7f7876971e5,johnny.miller@totalenergies.com,CMP_LIVE_HYDROGEN_INFRASTRUCTURE,Open,https://example.com?utm_source=mailchimp&utm_campaign=email-hydrogen_infrastructure-6,2026-06-01 11:57:58.971412
f490168e-24f7-4625-b2f8-81570221e825,johnny.miller@totalenergies.com,CMP_LIVE_HYDROGEN_INFRASTRUCTURE,Open,https://example.com?utm_source=mailchimp&utm_campaign=email-hydrogen_infrastructure-6,2026-06-03 11:57:58.971412
67bc0f86-329e-495a-a5da-7ffdbd244665,johnny.miller@totalenergies.com,CMP_LIVE_HYDROGEN_INFRASTRUCTURE,Open,https://example.com?utm_source=mailchimp&utm_campaign=email-hydrogen_infrastructure-8,2026-09-06 05:34:46.971412
fdb18ec2-ee3e-4799-b899-e25bdca53af2,johnny.miller@totalenergies.com,CMP_LIVE_HYDROGEN_INFRASTRUCTURE,Open,https://example.com?utm_source=mailchimp&utm_campaign=email-hydrogen_infrastructure-4,2026-03-13 10:25:38.971412
0e757bf0-cf20-4d7e-b366-b4ea0a80951a,johnny.miller@totalenergies.com,CMP_LIVE_HYDROGEN_INFRASTRUCTURE,Open,https://example.com?utm_source=mailchimp&utm_campaign=email-hydrogen_infrastructure-2,2025-11-01 01:54:28.971412
09797f34-18da-4527-9392-71c5b73b1f44,johnny.miller@totalenergies.com,CMP_LIVE_HYDROGEN_INFRASTRUCTURE,Open,https://example.com?utm_source=mailchimp&utm_campaign=email-hydrogen_infrastructure-5,2026-04-04 12:48:02.971412
911f91ef-d624-4952-9324-3cd2ae63eb73,johnny.miller@totalenergies.com,CMP_LIVE_HYDROGEN_INFRASTRUCTURE,Click,https://example.com?utm_source=mailchimp&utm_campaign=email-hydrogen_infrastructure-5,2026-04-04 12:50:23.971412
83dfe76d-7ba9-4130-9e15-c5f119281484,debra.harrington@totalenergies.com,CMP_LIVE_DIGITAL_TWIN,Open,https://example.com?utm_source=mailchimp&utm_campaign=email-digital_twin-3,2026-03-22 12:43:07.971412
f87e8e30-f5f5-4fa6-a187-6f65b7f8824c,debra.harrington@totalenergies.com,CMP_LIVE_DIGITAL_TWIN,Click,https://example.com?utm_source=mailchimp&utm_campaign=email-digital_twin-3,2026-03-22 12:44:42.971412
85977002-368f-4492-90e1-9a4061c554c9,debra.harrington@totalenergies.com,CMP_LIVE_DIGITAL_TWIN,Open,https://example.com?utm_source=mailchimp&utm_campaign=email-digital_twin-5,2026-06-28 07:31:07.971412
defd8a60-3c48-4fa5-a4a3-a3a53a0a66ea,debra.harrington@totalenergies.com,CMP_LIVE_DIGITAL_TWIN,Click,https://example.com?utm_source=mailchimp&utm_campaign=email-digital_twin-5,2026-06-28 07:33:19.971412
ed0a746b-b051-4119-a104-1c276fbe5a12,debra.harrington@totalenergies.com,CMP_LIVE_DIGITAL_TWIN,Open,https://example.com?utm_source=mailchimp&utm_campaign=email-digital_twin-2,2026-02-01 14:51:30.971412
13e6541b-ab62-434b-ba80-fc18715743ac,debra.harrington@totalenergies.com,CMP_LIVE_DIGITAL_TWIN,Open,https://example.com?utm_source=mailchimp&utm_campaign=email-digital_twin-6,2026-09-03 12:07:48.971412
2213df95-5554-43ba-a81e-0862ce93a9eb,debra.harrington@totalenergies.com,CMP_LIVE_DIGITAL_TWIN,Open,https://example.com?utm_source=mailchimp&utm_campaign=email-digital_twin-6,2026-09-04 09:07:48.971412
45dcf63d-9d8c-4f2c-bb0b-7e7235077347,debra.harrington@totalenergies.com,CMP_LIVE_DIGITAL_TWIN,Open,https://example.com?utm_source=mailchimp&utm_campaign=email-digital_twin-1,2026-01-16 11:55:02.971412
bf66d75d-1047-478d-a920-a6a48b0dda70,denise.webster@totalenergies.com,CMP_LIVE_HYDROGEN_INFRASTRUCTURE,Open,https://example.com?utm_source=mailchimp&utm_campaign=email-hydrogen_infrastructure-4,2026-02-12 01:48:25.971412
6c6d3094-7e71-4fb6-9953-53e33e3e4946,denise.webster@totalenergies.com,CMP_LIVE_HYDROGEN_INFRASTRUCTURE,Click,https://example.com?utm_source=mailchimp&utm_campaign=email-hydrogen_infrastructure-4,2026-02-12 01:51:18.971412
a127c3b8-8af7-4022-a4bf-fcb617c275e8,denise.webster@totalenergies.com,CMP_LIVE_HYDROGEN_INFRASTRUCTURE,Open,https://example.com?utm_source=mailchimp&utm_campaign=email-hydrogen_infrastructure-5,2026-04-05 03:15:51.971412
017d3d66-d6ec-4caf-a694-d0b09e21ec3a,stefanie.gonzalez@totalenergies.com,CMP_PAST_ASSET_OPTIMIZATION,Open,https://example.com?utm_source=mailchimp&utm_campaign=email-asset_optimization-5,2025-10-09 23:00:06.971412
1d5131ba-141f-43f0-819d-1342d3011e67,stefanie.gonzalez@totalenergies.com,CMP_PAST_ASSET_OPTIMIZATION,Open,https://example.com?utm_source=mailchimp&utm_campaign=email-asset_optimization-5,2025-10-10 07:00:06.971412
f2befffc-2d84-4225-9ae3-3c4212a12123,stefanie.gonzalez@totalenergies.com,CMP_PAST_ASSET_OPTIMIZATION,Click,https://example.com?utm_source=mailchimp&utm_campaign=email-asset_optimization-5,2025-10-09 23:01:46.971412
06a82487-4bcf-4d99-b393-f18407f1f666,stefanie.gonzalez@totalenergies.com,CMP_PAST_ASSET_OPTIMIZATION,Open,https://example.com?utm_source=mailchimp&utm_campaign=email-asset_optimization-3,2025-06-21 20:48:23.971412
704831cf-b2a5-4cc3-a76b-d518fe1df365,stefanie.gonzalez@totalenergies.com,CMP_PAST_ASSET_OPTIMIZATION,Open,https://example.com?utm_source=mailchimp&utm_campaign=email-asset_optimization-7,2026-01-25 06:26:43.971412
a37fb40f-ce4f-4fe0-8fd4-7a02a909c470,stefanie.gonzalez@totalenergies.com,CMP_PAST_ASSET_OPTIMIZATION,Open,https://example.com?utm_source=mailchimp&utm_campaign=email-asset_optimization-7,2026-01-26 22:26:43.971412
6570ae97-a75c-4cef-81da-5a23ff8cf82e,anne.robinson@totalenergies.com,CMP_LIVE_DIGITAL_TWIN,Open,https://example.com?utm_source=mailchimp&utm_campaign=email-digital_twin-3,2026-03-22 09:15:32.971412
fe61a343-4612-48b5-9a28-0cf0c61f6076,anne.robinson@totalenergies.com,CMP_LIVE_DIGITAL_TWIN,Open,https://example.com?utm_source=mailchimp&utm_campaign=email-digital_twin-3,2026-03-23 18:15:32.971412
3e9e6bd3-08a9-40eb-b914-2b79e6c61a8a,anne.robinson@totalenergies.com,CMP_LIVE_DIGITAL_TWIN,Open,https://example.com?utm_source=mailchimp&utm_campaign=email-digital_twin-3,2026-03-24 06:15:32.971412
adf57b22-6373-4c10-b211-ec48f4703706,anne.robinson@totalenergies.com,CMP_LIVE_DIGITAL_TWIN,Click,https://example.com?utm_source=mailchimp&utm_campaign=email-digital_twin-3,2026-03-22 09:16:25.971412
b9cccb1c-2843-4b5a-be8c-3864c00b816f,anne.robinson@totalenergies.com,CMP_LIVE_DIGITAL_TWIN,Open,https://example.com?utm_source=mailchimp&utm_campaign=email-digital_twin-2,2026-03-15 08:14:38.971412
a62bc7bb-26d6-4ab1-b1fa-42b1da8e7ac7,anne.robinson@totalenergies.com,CMP_LIVE_DIGITAL_TWIN,Open,https://example.com?utm_source=mailchimp&utm_campaign=email-digital_twin-4,2026-05-19 14:59:41.971412
64cdfeb8-b894-4ca9-a87e-03539711b187,anne.robinson@totalenergies.com,CMP_LIVE_DIGITAL_TWIN,Open,https://example.com?utm_source=mailchimp&utm_campaign=email-digital_twin-4,2026-05-20 12:59:41.971412
cf3de9c5-11a6-4dd2-91f9-29f05d54c0e1,anne.robinson@totalenergies.com,CMP_LIVE_DIGITAL_TWIN,Open,https://example.com?utm_source=mailchimp&utm_campaign=email-digital_twin-6,2026-09-04 00:16:59.971412
9d9c3803-3938-4799-94ac-b7613d0f7cfe,anne.robinson@totalenergies.com,CMP_LIVE_DIGITAL_TWIN,Open,https://example.com?utm_source=mailchimp&utm_campaign=email-digital_twin-5,2026-07-20 09:26:14.971412
6d105e34-dd13-4964-8f2a-36733ba22601,anne.robinson@totalenergies.com,CMP_LIVE_DIGITAL_TWIN,Click,https://example.com?utm_source=mailchimp&utm_campaign=email-digital_twin-5,2026-07-20 09:26:56.971412
a1377f24-fb18-4e7b-9315-22e9a1a2c7d2,holly.wang@totalenergies.com,CMP_PAST_ASSET_OPTIMIZATION,Open,https://example.com?utm_source=mailchimp&utm_campaign=email-asset_optimization-6,2026-01-01 03:42:29.971412
b238c806-8b73-4f4b-99ab-9cdf76473b24,holly.wang@totalenergies.com,CMP_PAST_ASSET_OPTIMIZATION,Open,https://example.com?utm_source=mailchimp&utm_campaign=email-asset_optimization-1,2025-03-12 01:48:31.971412
b04aabb3-1d3f-4f29-aad7-e95f62dc20f3,gary.lawson@totalenergies.com,CMP_LIVE_DECARBONIZATION_25_26,Open,https://example.com?utm_source=mailchimp&utm_campaign=email-live_decarbonization_25_26-2,2026-05-15 03:43:22.971412
41cdd07b-97f2-4aa0-b64b-cfb8023e99ee,gary.lawson@totalenergies.com,CMP_LIVE_DECARBONIZATION_25_26,Open,https://example.com?utm_source=mailchimp&utm_campaign=email-live_decarbonization_25_26-2,2026-05-15 17:43:22.971412
a2683151-cfd1-4fac-b30e-70b6b8116888,lori.oconnell@totalenergies.com,CMP_PAST_SUSTAINABLE_ENGINEERING,Open,https://example.com?utm_source=mailchimp&utm_campaign=email-sustainable_engineering-3,2025-10-11 09:42:34.971412
14ff9eca-8b48-40d8-85e9-6ab8121b3580,daniel.johnson@totalenergies.com,CMP_LIVE_HYDROGEN_INFRASTRUCTURE,Open,https://example.com?utm_source=mailchimp&utm_campaign=email-hydrogen_infrastructure-7,2026-07-13 01:48:33.971412
f6f3274a-cbba-4e63-8df4-5af98f9cdf4f,daniel.johnson@totalenergies.com,CMP_LIVE_HYDROGEN_INFRASTRUCTURE,Open,https://example.com?utm_source=mailchimp&utm_campaign=email-hydrogen_infrastructure-8,2026-09-02 08:21:49.971412
42867133-f826-4ccc-9ad5-648bfb66863a,daniel.johnson@totalenergies.com,CMP_LIVE_HYDROGEN_INFRASTRUCTURE,Open,https://example.com?utm_source=mailchimp&utm_campaign=email-hydrogen_infrastructure-8,2026-09-03 01:21:49.971412
3883029d-6c7e-49e3-aadd-6b1eb9a8843d,daniel.johnson@totalenergies.com,CMP_LIVE_HYDROGEN_INFRASTRUCTURE,Click,https://example.com?utm_source=mailchimp&utm_campaign=email-hydrogen_infrastructure-8,2026-09-02 08:22:48.971412
c68008e7-ae94-4dc1-a5b9-20374792ef12,larry.byrd@totalenergies.com,CMP_PAST_ASSET_OPTIMIZATION,Open,https://example.com?utm_source=mailchimp&utm_campaign=email-asset_optimization-5,2025-10-14 05:19:14.971412
bd0da16e-17f3-44ed-bcac-b6f334c44b30,larry.byrd@totalenergies.com,CMP_PAST_ASSET_OPTIMIZATION,Click,https://example.com?utm_source=mailchimp&utm_campaign=email-asset_optimization-5,2025-10-14 05:19:56.971412
47b0e5f7-0168-40dc-a824-91c154d1a6a2,jennifer.jones@totalenergies.com,CMP_PAST_SUSTAINABLE_ENGINEERING,Open,https://example.com?utm_source=mailchimp&utm_campaign=email-sustainable_engineering-5,2026-01-20 22:41:09.971412
0839807f-2716-4d6e-b405-520012b5f41d,jennifer.jones@totalenergies.com,CMP_PAST_SUSTAINABLE_ENGINEERING,Open,https://example.com?utm_source=mailchimp&utm_campaign=email-sustainable_engineering-5,2026-01-22 04:41:09.971412
c5c4ac71-a256-4481-9304-f8ef15106e60,jennifer.jones@totalenergies.com,CMP_PAST_SUSTAINABLE_ENGINEERING,Open,https://example.com?utm_source=mailchimp&utm_campaign=email-sustainable_engineering-3,2025-11-04 15:10:00.971412
d77d9af6-1fd1-4153-a796-d961542e4e9e,curtis.barton@totalenergies.com,CMP_PAST_ASSET_OPTIMIZATION,Open,https://example.com?utm_source=mailchimp&utm_campaign=email-asset_optimization-1,2025-03-12 17:14:15.971412
bd48175a-eb8a-411b-9e1f-2bb50bcd6014,curtis.barton@totalenergies.com,CMP_PAST_ASSET_OPTIMIZATION,Open,https://example.com?utm_source=mailchimp&utm_campaign=email-asset_optimization-2,2025-05-29 23:52:38.971412
5a6f3a88-a33b-4ad2-8a35-84cdd3286814,curtis.barton@totalenergies.com,CMP_PAST_ASSET_OPTIMIZATION,Click,https://example.com?utm_source=mailchimp&utm_campaign=email-asset_optimization-2,2025-05-29 23:53:03.971412
7e11bd74-46c7-467b-b881-8170f7ca27fa,melissa.burke@totalenergies.com,CMP_PAST_SUSTAINABLE_ENGINEERING,Open,https://example.com?utm_source=mailchimp&utm_campaign=email-sustainable_engineering-4,2025-11-20 09:58:33.971412
7cfcf12d-1e0d-4c2a-8022-5a45ebe2767a,melissa.burke@totalenergies.com,CMP_PAST_SUSTAINABLE_ENGINEERING,Open,https://example.com?utm_source=mailchimp&utm_campaign=email-sustainable_engineering-4,2025-11-21 01:58:33.971412
eebd69bb-e9ef-4b4c-b844-4724181e1cb7,melissa.burke@totalenergies.com,CMP_PAST_SUSTAINABLE_ENGINEERING,Click,https://example.com?utm_source=mailchimp&utm_campaign=email-sustainable_engineering-4,2025-11-20 09:59:02.971412
4f51163a-be9f-4e1f-abd1-0d5b5bb22eb9,melissa.burke@totalenergies.com,CMP_PAST_SUSTAINABLE_ENGINEERING,Open,https://example.com?utm_source=mailchimp&utm_campaign=email-sustainable_engineering-7,2026-04-20 02:03:08.971412
d55bcea6-e9b1-4862-9197-72e76aa6bc53,melissa.burke@totalenergies.com,CMP_PAST_SUSTAINABLE_ENGINEERING,Open,https://example.com?utm_source=mailchimp&utm_campaign=email-sustainable_engineering-7,2026-04-21 15:03:08.971412
dc10b8cd-ebf7-4f00-9d48-daffeb3dc6ac,melissa.burke@totalenergies.com,CMP_PAST_SUSTAINABLE_ENGINEERING,Click,https://example.com?utm_source=mailchimp&utm_campaign=email-sustainable_engineering-7,2026-04-20 02:05:15.971412
21082e76-2cec-4db4-baf9-a89168392b61,melissa.burke@totalenergies.com,CMP_PAST_SUSTAINABLE_ENGINEERING,Open,https://example.com?utm_source=mailchimp&utm_campaign=email-sustainable_engineering-2,2025-08-31 16:44:23.971412
29c6e1e1-1d05-4e7e-8973-accac901f9d5,melissa.burke@totalenergies.com,CMP_PAST_SUSTAINABLE_ENGINEERING,Click,https://example.com?utm_source=mailchimp&utm_campaign=email-sustainable_engineering-2,2025-08-31 16:45:24.971412
95ebeff0-f85e-4705-a999-84eabe5841a9,melissa.burke@totalenergies.com,CMP_PAST_SUSTAINABLE_ENGINEERING,Open,https://example.com?utm_source=mailchimp&utm_campaign=email-sustainable_engineering-5,2026-01-26 06:58:19.971412
75016127-2d07-45a6-8f2a-e25cc70de7b9,melissa.burke@totalenergies.com,CMP_PAST_SUSTAINABLE_ENGINEERING,Open,https://example.com?utm_source=mailchimp&utm_campaign=email-sustainable_engineering-5,2026-01-27 12:58:19.971412
00f959a7-585f-4353-bc2e-929f22a2fa2c,david.riggs@totalenergies.com,CMP_PAST_ASSET_OPTIMIZATION,Open,https://example.com?utm_source=mailchimp&utm_campaign=email-asset_optimization-1,2025-04-11 22:34:19.971412
0e68398c-531b-4b8f-86c4-da55e51fb6a6,david.riggs@totalenergies.com,CMP_PAST_ASSET_OPTIMIZATION,Open,https://example.com?utm_source=mailchimp&utm_campaign=email-asset_optimization-1,2025-04-12 21:34:19.971412
98d1ca58-cdb0-4a59-8da1-c75bbd43e5d7,kimberly.reed@totalenergies.com,CMP_LIVE_DECARBONIZATION_25_26,Open,https://example.com?utm_source=mailchimp&utm_campaign=email-live_decarbonization_25_26-1,2026-03-17 07:00:08.971412
6b28b2ca-02fa-4031-9106-abf5df29d7ba,kimberly.reed@totalenergies.com,CMP_LIVE_DECARBONIZATION_25_26,Open,https://example.com?utm_source=mailchimp&utm_campaign=email-live_decarbonization_25_26-1,2026-03-19 04:00:08.971412
9b9e6639-4ca3-420e-8d77-7544d93743f6,kimberly.reed@totalenergies.com,CMP_LIVE_DECARBONIZATION_25_26,Open,https://example.com?utm_source=mailchimp&utm_campaign=email-live_decarbonization_25_26-1,2026-03-18 03:00:08.971412
025bd6b0-c821-49bc-b9a4-6779704b5f49,kimberly.reed@totalenergies.com,CMP_LIVE_DECARBONIZATION_25_26,Open,https://example.com?utm_source=mailchimp&utm_campaign=email-live_decarbonization_25_26-3,2026-07-17 02:32:26.971412
af16bee7-fbac-4376-8e9d-9b10e7ef6c3c,kimberly.reed@totalenergies.com,CMP_LIVE_DECARBONIZATION_25_26,Open,https://example.com?utm_source=mailchimp&utm_campaign=email-live_decarbonization_25_26-4,2026-09-08 01:47:16.971412
cb3609d1-0247-4031-b25f-78f1403123d3,kimberly.reed@totalenergies.com,CMP_LIVE_DECARBONIZATION_25_26,Open,https://example.com?utm_source=mailchimp&utm_campaign=email-live_decarbonization_25_26-2,2026-05-12 02:02:40.971412
574bbd78-f7a5-47d3-a24d-413332387a28,william.peterson@totalenergies.com,CMP_PAST_SUSTAINABLE_ENGINEERING,Open,https://example.com?utm_source=mailchimp&utm_campaign=email-sustainable_engineering-4,2025-12-23 13:55:39.971412
ea504408-f8ef-4a37-9fd1-952e35aef6ea,william.peterson@totalenergies.com,CMP_PAST_SUSTAINABLE_ENGINEERING,Click,https://example.com?utm_source=mailchimp&utm_campaign=email-sustainable_engineering-4,2025-12-23 13:57:28.971412
fb3bb2c9-fb7a-4d3c-9bff-b4cc8ea85fe0,william.peterson@totalenergies.com,CMP_PAST_SUSTAINABLE_ENGINEERING,Open,https://example.com?utm_source=mailchimp&utm_campaign=email-sustainable_engineering-6,2026-03-02 21:15:37.971412
5218fac9-4e0e-40af-b131-2fb8a47bd493,william.peterson@totalenergies.com,CMP_PAST_SUSTAINABLE_ENGINEERING,Open,https://example.com?utm_source=mailchimp&utm_campaign=email-sustainable_engineering-6,2026-03-04 12:15:37.971412
b577be34-f6e2-4f24-9924-548cb8ec9d59,william.peterson@totalenergies.com,CMP_PAST_SUSTAINABLE_ENGINEERING,Open,https://example.com?utm_source=mailchimp&utm_campaign=email-sustainable_engineering-5,2026-01-12 07:04:36.971412
caa58d4c-03f6-4106-98db-e68eb49b0bc9,william.peterson@totalenergies.com,CMP_PAST_SUSTAINABLE_ENGINEERING,Open,https://example.com?utm_source=mailchimp&utm_campaign=email-sustainable_engineering-7,2026-04-23 20:55:09.971412
2c24d95f-3d6d-4b98-86f8-c8cc5a7e78c5,melissa.short@totalenergies.com,CMP_LIVE_DECARBONIZATION_25_26,Open,https://example.com?utm_source=mailchimp&utm_campaign=email-live_decarbonization_25_26-2,2026-05-18 03:00:05.971412
f0f412c7-e351-4fac-81f8-e759883e0526,melissa.short@totalenergies.com,CMP_LIVE_DECARBONIZATION_25_26,Open,https://example.com?utm_source=mailchimp&utm_campaign=email-live_decarbonization_25_26-2,2026-05-19 02:00:05.971412
401a8f31-c2ad-4007-a40f-e3b030e348e9,melissa.short@totalenergies.com,CMP_LIVE_DECARBONIZATION_25_26,Open,https://example.com?utm_source=mailchimp&utm_campaign=email-live_decarbonization_25_26-1,2026-04-08 14:56:26.971412
88f1b0a8-2749-4fc2-82a9-4d78a4e25014,melissa.short@totalenergies.com,CMP_LIVE_DECARBONIZATION_25_26,Click,https://example.com?utm_source=mailchimp&utm_campaign=email-live_decarbonization_25_26-1,2026-04-08 14:57:48.971412
f60b592e-2505-4623-a078-f503267b53da,melissa.short@totalenergies.com,CMP_LIVE_DECARBONIZATION_25_26,Open,https://example.com?utm_source=mailchimp&utm_campaign=email-live_decarbonization_25_26-4,2026-09-08 09:05:42.971412
c11358f9-91a3-4269-9e2f-2e7a94e81233,melissa.short@totalenergies.com,CMP_LIVE_DECARBONIZATION_25_26,Click,https://example.com?utm_source=mailchimp&utm_campaign=email-live_decarbonization_25_26-4,2026-09-08 01:47:12.971412
c82cacf9-a78b-4ee4-a9b7-4b42d62b8aae,melissa.short@totalenergies.com,CMP_LIVE_DECARBONIZATION_25_26,Open,https://example.com?utm_source=mailchimp&utm_campaign=email-live_decarbonization_25_26-3,2026-07-17 02:00:12.971412
7b3a3dd8-f7f0-4564-8ba2-488e37c034ca,melissa.short@totalenergies.com,CMP_LIVE_DECARBONIZATION_25_26,Open,https://example.com?utm_source=mailchimp&utm_campaign=email-live_decarbonization_25_26-3,2026-07-18 01:00:12.971412
f8c1930e-06e1-4647-b442-b39ac409afd0,daniel.yu@totalenergies.com,CMP_LIVE_DECARBONIZATION_25_26,Open,https://example.com?utm_source=mailchimp&utm_campaign=email-live_decarbonization_25_26-4,2026-09-08 02:17:01.971412
ef99ef3d-d83a-405d-92f6-7976bc7c4b9c,daniel.yu@totalenergies.com,CMP_LIVE_DECARBONIZATION_25_26,Open,https://example.com?utm_source=mailchimp&utm_campaign=email-live_decarbonization_25_26-1,2026-03-13 04:55:46.971412
0a2a82af-f970-4123-a687-6a92fc938803,daniel.yu@totalenergies.com,CMP_LIVE_DECARBONIZATION_25_26,Click,https://example.com?utm_source=mailchimp&utm_campaign=email-live_decarbonization_25_26-1,2026-03-13 04:58:13.971412
59b9ebe4-4aa0-4af2-866f-2d702a323dff,cynthia.poole@totalenergies.com,CMP_LIVE_DIGITAL_TWIN,Open,https://example.com?utm_source=mailchimp&utm_campaign=email-digital_twin-5,2026-06-28 12:20:05.971412
8ac5d81b-9440-4580-a219-1e847ce184e7,cynthia.poole@totalenergies.com,CMP_LIVE_DIGITAL_TWIN,Click,https://example.com?utm_source=mailchimp&utm_campaign=email-digital_twin-5,2026-06-28 12:21:33.971412
32cfbb3b-6943-4684-b5d2-f1fbd3c3067c,jasmine.graham@totalenergies.com,CMP_PAST_SUSTAINABLE_ENGINEERING,Open,https://example.com?utm_source=mailchimp&utm_campaign=email-sustainable_engineering-1,2025-07-14 22:47:39.971412
10260029-02f3-448d-b7e5-bf681b19676e,jasmine.graham@totalenergies.com,CMP_PAST_SUSTAINABLE_ENGINEERING,Open,https://example.com?utm_source=mailchimp&utm_campaign=email-sustainable_engineering-1,2025-07-15 09:47:39.971412
63d47dde-c52a-456c-abe4-c01a18ab0af2,jasmine.graham@totalenergies.com,CMP_PAST_SUSTAINABLE_ENGINEERING,Click,https://example.com?utm_source=mailchimp&utm_campaign=email-sustainable_engineering-1,2025-07-14 22:50:15.971412
7c39cfdb-27c5-45b0-bafe-4d078c23c94b,jasmine.graham@totalenergies.com,CMP_PAST_SUSTAINABLE_ENGINEERING,Open,https://example.com?utm_source=mailchimp&utm_campaign=email-sustainable_engineering-3,2025-10-03 01:47:14.971412
bf9d8b09-232a-4875-a393-c4df5cdf4d3a,jasmine.graham@totalenergies.com,CMP_PAST_SUSTAINABLE_ENGINEERING,Open,https://example.com?utm_source=mailchimp&utm_campaign=email-sustainable_engineering-3,2025-10-04 13:47:14.971412
1aa0f6eb-66df-4df3-824e-1147b69530d7,jasmine.graham@totalenergies.com,CMP_PAST_SUSTAINABLE_ENGINEERING,Open,https://example.com?utm_source=mailchimp&utm_campaign=email-sustainable_engineering-3,2025-10-04 13:47:14.971412
cfd564da-3b86-4358-a680-9855eb0e00f8,jasmine.graham@totalenergies.com,CMP_PAST_SUSTAINABLE_ENGINEERING,Open,https://example.com?utm_source=mailchimp&utm_campaign=email-sustainable_engineering-2,2025-08-23 07:20:00.971412
c1354349-6a41-411f-b138-d321e5db88db,jessica.sheppard@totalenergies.com,CMP_LIVE_HYDROGEN_INFRASTRUCTURE,Open,https://example.com?utm_source=mailchimp&utm_campaign=email-hydrogen_infrastructure-7,2026-07-20 05:01:48.971412
4a622a3b-3e1e-47f6-9f7e-1ba21f0a269c,jessica.sheppard@totalenergies.com,CMP_LIVE_HYDROGEN_INFRASTRUCTURE,Open,https://example.com?utm_source=mailchimp&utm_campaign=email-hydrogen_infrastructure-3,2026-01-11 00:48:02.971412
58a741b6-d79d-4512-861e-0edeaa1575ff,jessica.sheppard@totalenergies.com,CMP_LIVE_HYDROGEN_INFRASTRUCTURE,Open,https://example.com?utm_source=mailchimp&utm_campaign=email-hydrogen_infrastructure-6,2026-06-03 11:34:37.971412
8bc3e49b-e548-4a64-b013-4d6b72a9e1dc,jessica.sheppard@totalenergies.com,CMP_LIVE_HYDROGEN_INFRASTRUCTURE,Click,https://example.com?utm_source=mailchimp&utm_campaign=email-hydrogen_infrastructure-6,2026-06-03 11:36:05.971412
a7898cc7-5a14-4010-890f-e73106dc7e4f,jessica.sheppard@totalenergies.com,CMP_LIVE_HYDROGEN_INFRASTRUCTURE,Open,https://example.com?utm_source=mailchimp&utm_campaign=email-hydrogen_infrastructure-1,2025-09-20 02:49:39.971412
476104a3-d5a6-4c53-a7c8-a5ce42b7d46e,jessica.sheppard@totalenergies.com,CMP_LIVE_HYDROGEN_INFRASTRUCTURE,Open,https://example.com?utm_source=mailchimp&utm_campaign=email-hydrogen_infrastructure-1,2025-09-21 22:49:39.971412
7e683df6-f4fe-4f16-9ca9-f72d4ddb6970,jessica.sheppard@totalenergies.com,CMP_LIVE_HYDROGEN_INFRASTRUCTURE,Open,https://example.com?utm_source=mailchimp&utm_campaign=email-hydrogen_infrastructure-1,2025-09-20 11:49:39.971412
04118bcd-65fd-48e7-a8b6-8b5819411f0a,joseph.morton@totalenergies.com,CMP_LIVE_DIGITAL_TWIN,Open,https://example.com?utm_source=mailchimp&utm_campaign=email-digital_twin-1,2025-12-16 09:31:25.971412
e0d7619a-ad5d-4664-aa94-2034bf008be9,joseph.morton@totalenergies.com,CMP_LIVE_DIGITAL_TWIN,Open,https://example.com?utm_source=mailchimp&utm_campaign=email-digital_twin-2,2026-02-03 13:43:19.971412
ec900f1f-442f-4895-8ed7-c94394cd941a,amanda.webb@conocophillips.com,CMP_LIVE_HYDROGEN_INFRASTRUCTURE,Open,https://example.com?utm_source=mailchimp&utm_campaign=email-hydrogen_infrastructure-1,2025-09-20 11:34:13.971412
f03d43f7-2259-4152-be5b-9ad22d526b32,ryan.simon@conocophillips.com,CMP_LIVE_HYDROGEN_INFRASTRUCTURE,Open,https://example.com?utm_source=mailchimp&utm_campaign=email-hydrogen_infrastructure-3,2026-01-02 01:52:36.971412
dd5ce2ba-4a77-4f13-b0e5-a414a2d2df26,ryan.simon@conocophillips.com,CMP_LIVE_HYDROGEN_INFRASTRUCTURE,Open,https://example.com?utm_source=mailchimp&utm_campaign=email-hydrogen_infrastructure-8,2026-08-29 04:03:59.971412
fbf0143b-31b5-4937-b31e-1decf3edfaf5,joseph.christian@conocophillips.com,CMP_LIVE_DIGITAL_TWIN,Open,https://example.com?utm_source=mailchimp&utm_campaign=email-digital_twin-2,2026-01-30 01:47:58.971412
f74b56fa-9f11-4815-986b-218d48031444,joseph.christian@conocophillips.com,CMP_LIVE_DIGITAL_TWIN,Open,https://example.com?utm_source=mailchimp&utm_campaign=email-digital_twin-3,2026-03-22 01:47:18.971412
c08d9beb-f4c3-4329-905d-c4cc26a238fd,joseph.christian@conocophillips.com,CMP_LIVE_DIGITAL_TWIN,Open,https://example.com?utm_source=mailchimp&utm_campaign=email-digital_twin-3,2026-03-23 17:47:18.971412
28289b50-7206-4d8d-a7c5-9d763a092eb8,steven.bishop@conocophillips.com,CMP_LIVE_DECARBONIZATION_25_26,Open,https://example.com?utm_source=mailchimp&utm_campaign=email-live_decarbonization_25_26-4,2026-09-08 01:47:12.971412
096f9cb0-15a7-47df-8fe4-44c665fcf8a0,steven.bishop@conocophillips.com,CMP_LIVE_DECARBONIZATION_25_26,Click,https://example.com?utm_source=mailchimp&utm_campaign=email-live_decarbonization_25_26-4,2026-09-08 01:47:12.971412
fd92687a-00d4-4392-a551-7da47676b28c,nicholas.johnson@conocophillips.com,CMP_PAST_SUSTAINABLE_ENGINEERING,Open,https://example.com?utm_source=mailchimp&utm_campaign=email-sustainable_engineering-5,2025-12-30 01:33:16.971412
44fd2349-d663-474b-9305-f3dc57dec14e,nicholas.johnson@conocophillips.com,CMP_PAST_SUSTAINABLE_ENGINEERING,Open,https://example.com?utm_source=mailchimp&utm_campaign=email-sustainable_engineering-1,2025-06-12 18:04:38.971412
f020bdae-c29a-4cdc-b243-f0cd6e3ee34f,nicholas.johnson@conocophillips.com,CMP_PAST_SUSTAINABLE_ENGINEERING,Click,https://example.com?utm_source=mailchimp&utm_campaign=email-sustainable_engineering-1,2025-06-12 18:07:33.971412
541a775a-c387-43e2-955c-addef2aa7029,nicholas.johnson@conocophillips.com,CMP_PAST_SUSTAINABLE_ENGINEERING,Open,https://example.com?utm_source=mailchimp&utm_campaign=email-sustainable_engineering-4,2025-11-18 21:26:16.971412
234ddbd4-2e1f-4e80-af27-c4ef6320b217,nicholas.johnson@conocophillips.com,CMP_PAST_SUSTAINABLE_ENGINEERING,Open,https://example.com?utm_source=mailchimp&utm_campaign=email-sustainable_engineering-4,2025-11-19 15:26:16.971412
9fcc802e-be83-4da4-a556-53f35a55025f,nicholas.johnson@conocophillips.com,CMP_PAST_SUSTAINABLE_ENGINEERING,Open,https://example.com?utm_source=mailchimp&utm_campaign=email-sustainable_engineering-3,2025-10-03 01:49:32.971412
ca7cb127-2861-4502-990d-5123b61a9eee,nicholas.johnson@conocophillips.com,CMP_PAST_SUSTAINABLE_ENGINEERING,Open,https://example.com?utm_source=mailchimp&utm_campaign=email-sustainable_engineering-6,2026-02-19 14:37:10.971412
992e03cd-b542-4c7e-90bf-2dff8024dc32,nicholas.johnson@conocophillips.com,CMP_PAST_SUSTAINABLE_ENGINEERING,Open,https://example.com?utm_source=mailchimp&utm_campaign=email-sustainable_engineering-6,2026-02-21 05:37:10.971412
0296d554-92b3-42d3-ae0d-90ef74d76d46,melissa.white@conocophillips.com,CMP_LIVE_DIGITAL_TWIN,Open,https://example.com?utm_source=mailchimp&utm_campaign=email-digital_twin-2,2026-01-30 02:14:33.971412
e3df6d42-38ed-41f0-84bd-13f2a4c7c5b9,melissa.white@conocophillips.com,CMP_LIVE_DIGITAL_TWIN,Click,https://example.com?utm_source=mailchimp&utm_campaign=email-digital_twin-2,2026-01-30 02:15:07.971412
7307a933-cfa5-4ca4-b3ae-1b5a4133ea1d,jason.salinas@conocophillips.com,CMP_LIVE_HYDROGEN_INFRASTRUCTURE,Open,https://example.com?utm_source=mailchimp&utm_campaign=email-hydrogen_infrastructure-8,2026-08-29 05:35:53.971412
cd70b05b-ccfb-4b32-8303-529d0aa423a1,jason.salinas@conocophillips.com,CMP_LIVE_HYDROGEN_INFRASTRUCTURE,Open,https://example.com?utm_source=mailchimp&utm_campaign=email-hydrogen_infrastructure-8,2026-08-30 03:35:53.971412
f2484622-027e-43ec-b964-e9414073ff32,jason.salinas@conocophillips.com,CMP_LIVE_HYDROGEN_INFRASTRUCTURE,Open,https://example.com?utm_source=mailchimp&utm_campaign=email-hydrogen_infrastructure-6,2026-06-01 02:14:12.971412
3f0b139d-65ec-4898-8e65-5146246b88d1,jason.salinas@conocophillips.com,CMP_LIVE_HYDROGEN_INFRASTRUCTURE,Open,https://example.com?utm_source=mailchimp&utm_campaign=email-hydrogen_infrastructure-3,2026-01-12 00:05:00.971412
027d69ae-931f-4449-8a4e-114fe402ded4,matthew.beard@conocophillips.com,CMP_LIVE_DIGITAL_TWIN,Open,https://example.com?utm_source=mailchimp&utm_campaign=email-digital_twin-1,2026-01-10 01:21:24.971412
ff8ae05e-241d-4dc7-aa12-568786aba61c,matthew.beard@conocophillips.com,CMP_LIVE_DIGITAL_TWIN,Open,https://example.com?utm_source=mailchimp&utm_campaign=email-digital_twin-1,2026-01-11 17:21:24.971412
adbd9ec6-4cf3-414a-8c9d-fbf343a0005d,matthew.beard@conocophillips.com,CMP_LIVE_DIGITAL_TWIN,Open,https://example.com?utm_source=mailchimp&utm_campaign=email-digital_twin-1,2026-01-11 19:21:24.971412
40099876-de70-4809-9004-135cea2414b1,matthew.beard@conocophillips.com,CMP_LIVE_DIGITAL_TWIN,Open,https://example.com?utm_source=mailchimp&utm_campaign=email-digital_twin-2,2026-01-30 01:47:50.971412
1eb27f03-6dce-4a51-9401-58ca9dfe2a88,matthew.beard@conocophillips.com,CMP_LIVE_DIGITAL_TWIN,Click,https://example.com?utm_source=mailchimp&utm_campaign=email-digital_twin-2,2026-01-30 01:48:29.971412
90f704e2-1ed7-4d4d-a852-a1f63cceb68a,matthew.beard@conocophillips.com,CMP_LIVE_DIGITAL_TWIN,Open,https://example.com?utm_source=mailchimp&utm_campaign=email-digital_twin-3,2026-03-22 15:00:48.971412
00c2419d-afb3-422e-91e9-de5da6bdc4eb,matthew.beard@conocophillips.com,CMP_LIVE_DIGITAL_TWIN,Open,https://example.com?utm_source=mailchimp&utm_campaign=email-digital_twin-3,2026-03-23 13:00:48.971412
6678ec5d-34be-4b32-b17a-647c6c1963f2,matthew.beard@conocophillips.com,CMP_LIVE_DIGITAL_TWIN,Open,https://example.com?utm_source=mailchimp&utm_campaign=email-digital_twin-4,2026-05-15 03:16:59.971412
34792443-577c-4fc7-847b-fa8f42cb6274,matthew.beard@conocophillips.com,CMP_LIVE_DIGITAL_TWIN,Open,https://example.com?utm_source=mailchimp&utm_campaign=email-digital_twin-4,2026-05-15 14:16:59.971412
478688b7-088b-4a6d-b602-24dccaf2d767,jacqueline.hill@conocophillips.com,CMP_PAST_ASSET_OPTIMIZATION,Open,https://example.com?utm_source=mailchimp&utm_campaign=email-asset_optimization-1,2025-03-12 11:54:41.971412
b5cdbda3-d108-4a2c-8cce-3b1fc3036435,jacqueline.hill@conocophillips.com,CMP_PAST_ASSET_OPTIMIZATION,Click,https://example.com?utm_source=mailchimp&utm_campaign=email-asset_optimization-1,2025-03-12 11:56:55.971412
feb30cb2-065f-4320-98f8-1eeadf0dd06c,jacqueline.hill@conocophillips.com,CMP_PAST_ASSET_OPTIMIZATION,Open,https://example.com?utm_source=mailchimp&utm_campaign=email-asset_optimization-7,2026-01-09 01:50:45.971412
010eeba2-2efc-418a-80b7-04ed992adfdb,jacqueline.hill@conocophillips.com,CMP_PAST_ASSET_OPTIMIZATION,Open,https://example.com?utm_source=mailchimp&utm_campaign=email-asset_optimization-7,2026-01-09 08:50:45.971412
df5daca4-b222-4770-b5af-c5436a62c62f,jacqueline.hill@conocophillips.com,CMP_PAST_ASSET_OPTIMIZATION,Open,https://example.com?utm_source=mailchimp&utm_campaign=email-asset_optimization-7,2026-01-09 10:50:45.971412
04624585-c631-4e12-a06f-bf292c3f5e82,jacqueline.hill@conocophillips.com,CMP_PAST_ASSET_OPTIMIZATION,Open,https://example.com?utm_source=mailchimp&utm_campaign=email-asset_optimization-2,2025-05-02 04:12:17.971412
bd2246c8-d8f5-417e-9465-86325835fcfb,jacqueline.hill@conocophillips.com,CMP_PAST_ASSET_OPTIMIZATION,Click,https://example.com?utm_source=mailchimp&utm_campaign=email-asset_optimization-2,2025-05-02 04:13:35.971412
dc497d69-ca87-4d6f-998e-426f382b6b2c,jacqueline.hill@conocophillips.com,CMP_PAST_ASSET_OPTIMIZATION,Open,https://example.com?utm_source=mailchimp&utm_campaign=email-asset_optimization-4,2025-08-17 16:35:34.971412
67330c4a-e99a-4fdb-a876-af367a7af4c4,jacqueline.hill@conocophillips.com,CMP_PAST_ASSET_OPTIMIZATION,Open,https://example.com?utm_source=mailchimp&utm_campaign=email-asset_optimization-4,2025-08-19 05:35:34.971412
696c143d-e06d-4b2d-89f8-343be4e2d819,jacqueline.hill@conocophillips.com,CMP_PAST_ASSET_OPTIMIZATION,Open,https://example.com?utm_source=mailchimp&utm_campaign=email-asset_optimization-4,2025-08-18 11:35:34.971412
87b6984a-6f9f-472b-8e3f-fc99be4e1d75,jacqueline.hill@conocophillips.com,CMP_PAST_ASSET_OPTIMIZATION,Click,https://example.com?utm_source=mailchimp&utm_campaign=email-asset_optimization-4,2025-08-17 16:36:42.971412
9deedf5c-842e-4be5-b839-c2ac26c2687b,jacqueline.hill@conocophillips.com,CMP_PAST_ASSET_OPTIMIZATION,Open,https://example.com?utm_source=mailchimp&utm_campaign=email-asset_optimization-5,2025-10-07 02:11:57.971412
1cb2c8e1-d72a-41f0-97a7-48eca66ff83d,alejandro.vaughan@conocophillips.com,CMP_LIVE_DECARBONIZATION_25_26,Open,https://example.com?utm_source=mailchimp&utm_campaign=email-live_decarbonization_25_26-4,2026-09-08 08:38:16.971412
2a35316a-1517-4902-854b-95de9059408e,alejandro.vaughan@conocophillips.com,CMP_LIVE_DECARBONIZATION_25_26,Click,https://example.com?utm_source=mailchimp&utm_campaign=email-live_decarbonization_25_26-4,2026-09-08 01:47:12.971412
deedaf0a-d0c8-4ce3-bc48-aede9d529af0,alejandro.vaughan@conocophillips.com,CMP_LIVE_DECARBONIZATION_25_26,Open,https://example.com?utm_source=mailchimp&utm_campaign=email-live_decarbonization_25_26-2,2026-05-21 14:45:00.971412
c2ed6a60-d6a6-487f-90e2-70d7a03a2275,alejandro.vaughan@conocophillips.com,CMP_LIVE_DECARBONIZATION_25_26,Open,https://example.com?utm_source=mailchimp&utm_campaign=email-live_decarbonization_25_26-3,2026-07-19 01:36:16.971412
df9592bf-87f3-45f1-8966-e71e5c04b93c,alejandro.vaughan@conocophillips.com,CMP_LIVE_DECARBONIZATION_25_26,Click,https://example.com?utm_source=mailchimp&utm_campaign=email-live_decarbonization_25_26-3,2026-07-19 01:37:08.971412
58dbb0d5-3842-4024-aae7-17e719b40d8f,alejandro.vaughan@conocophillips.com,CMP_LIVE_DECARBONIZATION_25_26,Open,https://example.com?utm_source=mailchimp&utm_campaign=email-live_decarbonization_25_26-1,2026-03-15 09:51:33.971412
53901eca-c220-465a-92f4-813ce8a5ec15,christopher.cortez@conocophillips.com,CMP_LIVE_DIGITAL_TWIN,Open,https://example.com?utm_source=mailchimp&utm_campaign=email-digital_twin-6,2026-08-29 02:37:11.971412
e23348f8-1200-449e-b15c-58e4cfd0fd02,christopher.cortez@conocophillips.com,CMP_LIVE_DIGITAL_TWIN,Open,https://example.com?utm_source=mailchimp&utm_campaign=email-digital_twin-6,2026-08-30 04:37:11.971412
481c81fa-54a7-4bec-80f9-699c979c197c,christopher.cortez@conocophillips.com,CMP_LIVE_DIGITAL_TWIN,Open,https://example.com?utm_source=mailchimp&utm_campaign=email-digital_twin-6,2026-08-29 12:37:11.971412
1d9986c5-73f4-4bf1-b251-8e4855e72179,christopher.cortez@conocophillips.com,CMP_LIVE_DIGITAL_TWIN,Open,https://example.com?utm_source=mailchimp&utm_campaign=email-digital_twin-4,2026-05-20 18:55:12.971412
bdfb055d-5af6-42b3-82fa-9ca6ffe609e4,christopher.cortez@conocophillips.com,CMP_LIVE_DIGITAL_TWIN,Open,https://example.com?utm_source=mailchimp&utm_campaign=email-digital_twin-1,2025-12-16 04:23:43.971412
e9db537c-30f0-414d-b281-2e886f71160b,christopher.cortez@conocophillips.com,CMP_LIVE_DIGITAL_TWIN,Open,https://example.com?utm_source=mailchimp&utm_campaign=email-digital_twin-3,2026-04-09 20:03:34.971412
7df987a5-3d9b-48a9-984b-fbb261f26547,travis.mcguire@conocophillips.com,CMP_LIVE_DECARBONIZATION_25_26,Open,https://example.com?utm_source=mailchimp&utm_campaign=email-live_decarbonization_25_26-3,2026-07-17 06:09:52.971412
e78e7fad-6206-48e1-9186-30332a519f7b,travis.mcguire@conocophillips.com,CMP_LIVE_DECARBONIZATION_25_26,Click,https://example.com?utm_source=mailchimp&utm_campaign=email-live_decarbonization_25_26-3,2026-07-17 06:10:13.971412
465b7e25-9450-4c06-83b0-4b507bc8ef17,travis.mcguire@conocophillips.com,CMP_LIVE_DECARBONIZATION_25_26,Open,https://example.com?utm_source=mailchimp&utm_campaign=email-live_decarbonization_25_26-4,2026-09-08 01:47:25.971412
86f3075a-629f-41bd-bad1-bade1495eaee,travis.mcguire@conocophillips.com,CMP_LIVE_DECARBONIZATION_25_26,Open,https://example.com?utm_source=mailchimp&utm_campaign=email-live_decarbonization_25_26-4,2026-09-08 01:47:12.971412
ced5168a-65ed-4e04-9537-33d152b0515d,christopher.walker@conocophillips.com,CMP_LIVE_DECARBONIZATION_25_26,Open,https://example.com?utm_source=mailchimp&utm_campaign=email-live_decarbonization_25_26-1,2026-03-13 01:49:25.971412
05a9f1c3-467b-454d-90ea-913ed8d4ece1,christopher.walker@conocophillips.com,CMP_LIVE_DECARBONIZATION_25_26,Click,https://example.com?utm_source=mailchimp&utm_campaign=email-live_decarbonization_25_26-1,2026-03-13 01:52:23.971412
fb8d0e27-02f5-4652-b44c-044ce3a5d647,christopher.walker@conocophillips.com,CMP_LIVE_DECARBONIZATION_25_26,Open,https://example.com?utm_source=mailchimp&utm_campaign=email-live_decarbonization_25_26-2,2026-05-13 00:45:46.971412
48a7890e-80cc-4ef9-86a9-92b5dbc30108,christopher.walker@conocophillips.com,CMP_LIVE_DECARBONIZATION_25_26,Open,https://example.com?utm_source=mailchimp&utm_campaign=email-live_decarbonization_25_26-2,2026-05-13 07:45:46.971412
12a7b1d3-2648-4015-bf3d-2848d39e5636,christopher.walker@conocophillips.com,CMP_LIVE_DECARBONIZATION_25_26,Open,https://example.com?utm_source=mailchimp&utm_campaign=email-live_decarbonization_25_26-2,2026-05-13 23:45:46.971412
21a15ee2-ae98-4333-90db-9f3ae31d9d4d,christopher.walker@conocophillips.com,CMP_LIVE_DECARBONIZATION_25_26,Open,https://example.com?utm_source=mailchimp&utm_campaign=email-live_decarbonization_25_26-4,2026-09-08 02:24:20.971412
817456ba-a4ed-4b70-900f-ab6a64ab9f7c,alyssa.coleman@conocophillips.com,CMP_LIVE_DECARBONIZATION_25_26,Open,https://example.com?utm_source=mailchimp&utm_campaign=email-live_decarbonization_25_26-4,2026-09-08 18:13:34.971412
bcd9855d-1cb3-4600-a8bc-cdaa45167b09,alyssa.coleman@conocophillips.com,CMP_LIVE_DECARBONIZATION_25_26,Open,https://example.com?utm_source=mailchimp&utm_campaign=email-live_decarbonization_25_26-4,2026-09-08 01:47:12.971412
ba62d77c-28f7-4b01-a060-735bffa4be5d,alyssa.coleman@conocophillips.com,CMP_LIVE_DECARBONIZATION_25_26,Click,https://example.com?utm_source=mailchimp&utm_campaign=email-live_decarbonization_25_26-4,2026-09-08 01:47:12.971412
b2eeb241-0cf1-4f17-8bb4-6d42867dca0f,julie.rivera@conocophillips.com,CMP_PAST_ASSET_OPTIMIZATION,Open,https://example.com?utm_source=mailchimp&utm_campaign=email-asset_optimization-5,2025-10-28 02:54:18.971412
a16cf346-c123-452c-8b3d-7db84488916a,john.martinez@conocophillips.com,CMP_PAST_ASSET_OPTIMIZATION,Open,https://example.com?utm_source=mailchimp&utm_campaign=email-asset_optimization-5,2025-11-15 12:57:33.971412
cd6000c5-6a9d-43cd-8293-e1ccdbfc679d,john.martinez@conocophillips.com,CMP_PAST_ASSET_OPTIMIZATION,Open,https://example.com?utm_source=mailchimp&utm_campaign=email-asset_optimization-6,2025-11-20 15:14:17.971412
c8e8fbef-b246-409d-b848-b8ff70e22036,john.martinez@conocophillips.com,CMP_PAST_ASSET_OPTIMIZATION,Open,https://example.com?utm_source=mailchimp&utm_campaign=email-asset_optimization-6,2025-11-20 18:14:17.971412
0072225d-e8e2-4f1b-9ede-355cebc9e497,john.martinez@conocophillips.com,CMP_PAST_ASSET_OPTIMIZATION,Open,https://example.com?utm_source=mailchimp&utm_campaign=email-asset_optimization-6,2025-11-21 11:14:17.971412
737e9a4e-c8c6-40ab-b30e-fa1e50367598,john.martinez@conocophillips.com,CMP_PAST_ASSET_OPTIMIZATION,Open,https://example.com?utm_source=mailchimp&utm_campaign=email-asset_optimization-4,2025-08-21 04:39:50.971412
dc3ab361-eb77-43aa-a965-0dac5fa3a14a,john.martinez@conocophillips.com,CMP_PAST_ASSET_OPTIMIZATION,Click,https://example.com?utm_source=mailchimp&utm_campaign=email-asset_optimization-4,2025-08-21 04:42:38.971412
6465d8de-dd44-4c3b-9b7f-565a77433b71,james.wilson@conocophillips.com,CMP_LIVE_DIGITAL_TWIN,Open,https://example.com?utm_source=mailchimp&utm_campaign=email-digital_twin-3,2026-04-12 00:51:51.971412
690f45d3-30d7-4a87-8141-bd2e5a671e3c,james.wilson@conocophillips.com,CMP_LIVE_DIGITAL_TWIN,Open,https://example.com?utm_source=mailchimp&utm_campaign=email-digital_twin-1,2025-12-17 01:06:41.971412
2126c373-8fdf-4312-9fc6-100f662d8424,james.wilson@conocophillips.com,CMP_LIVE_DIGITAL_TWIN,Open,https://example.com?utm_source=mailchimp&utm_campaign=email-digital_twin-1,2025-12-18 05:06:41.971412
d2b67c46-f6ac-46c7-802b-9be552b76d97,james.wilson@conocophillips.com,CMP_LIVE_DIGITAL_TWIN,Open,https://example.com?utm_source=mailchimp&utm_campaign=email-digital_twin-4,2026-05-15 02:11:05.971412
a657c940-caf8-486f-a941-c7a217d9984b,james.wilson@conocophillips.com,CMP_LIVE_DIGITAL_TWIN,Open,https://example.com?utm_source=mailchimp&utm_campaign=email-digital_twin-6,2026-08-29 08:29:16.971412
df9458d3-228c-4252-b597-72ad55f8c0bd,james.wilson@conocophillips.com,CMP_LIVE_DIGITAL_TWIN,Open,https://example.com?utm_source=mailchimp&utm_campaign=email-digital_twin-5,2026-07-02 06:06:01.971412
16172cc8-533c-4515-bbd9-a4f039e54e7f,james.wilson@conocophillips.com,CMP_LIVE_DIGITAL_TWIN,Open,https://example.com?utm_source=mailchimp&utm_campaign=email-digital_twin-5,2026-07-02 18:06:01.971412
e0996055-076d-4012-90d5-a7becce1c425,james.wilson@conocophillips.com,CMP_LIVE_DIGITAL_TWIN,Open,https://example.com?utm_source=mailchimp&utm_campaign=email-digital_twin-2,2026-01-30 02:48:16.971412
4ac55a78-546b-4c0f-b285-6a9331478634,james.wilson@conocophillips.com,CMP_LIVE_DIGITAL_TWIN,Open,https://example.com?utm_source=mailchimp&utm_campaign=email-digital_twin-2,2026-01-30 16:48:16.971412
fb92f6fb-79ec-4ab1-92b1-5f0ce1ffa115,james.wilson@conocophillips.com,CMP_LIVE_DIGITAL_TWIN,Open,https://example.com?utm_source=mailchimp&utm_campaign=email-digital_twin-2,2026-01-31 00:48:16.971412
78f5e941-4e2e-42d4-b1a6-1b4e217b3683,james.wilson@conocophillips.com,CMP_LIVE_DIGITAL_TWIN,Click,https://example.com?utm_source=mailchimp&utm_campaign=email-digital_twin-2,2026-01-30 02:48:47.971412
945c3668-9810-4cc7-b5bb-52db3be54b23,amanda.gill@conocophillips.com,CMP_PAST_SUSTAINABLE_ENGINEERING,Open,https://example.com?utm_source=mailchimp&utm_campaign=email-sustainable_engineering-7,2026-05-22 08:00:55.971412
c3e5cbc7-914b-4401-b32c-8b30101bf7d1,amanda.gill@conocophillips.com,CMP_PAST_SUSTAINABLE_ENGINEERING,Open,https://example.com?utm_source=mailchimp&utm_campaign=email-sustainable_engineering-5,2026-01-04 23:08:36.971412
170e19ef-8b96-4756-87d2-ae92b577a422,amanda.gill@conocophillips.com,CMP_PAST_SUSTAINABLE_ENGINEERING,Click,https://example.com?utm_source=mailchimp&utm_campaign=email-sustainable_engineering-5,2026-01-04 23:10:54.971412
c31b5cc5-57e2-4ef6-8425-dd91049eb59b,amanda.gill@conocophillips.com,CMP_PAST_SUSTAINABLE_ENGINEERING,Open,https://example.com?utm_source=mailchimp&utm_campaign=email-sustainable_engineering-1,2025-06-12 09:44:32.971412
cb598cba-1ea2-41af-9a34-7c82a23e533b,jacob.robinson@conocophillips.com,CMP_LIVE_DECARBONIZATION_25_26,Open,https://example.com?utm_source=mailchimp&utm_campaign=email-live_decarbonization_25_26-4,2026-09-08 02:35:47.971412
2618a416-8a3c-4380-bae7-a2e7df037ba7,jacob.robinson@conocophillips.com,CMP_LIVE_DECARBONIZATION_25_26,Click,https://example.com?utm_source=mailchimp&utm_campaign=email-live_decarbonization_25_26-4,2026-09-08 01:47:12.971412
5450ec54-1296-4c81-a386-df4d9391e275,jacob.robinson@conocophillips.com,CMP_LIVE_DECARBONIZATION_25_26,Open,https://example.com?utm_source=mailchimp&utm_campaign=email-live_decarbonization_25_26-3,2026-07-31 14:04:22.971412
a1384744-f29a-4a0d-a2d4-89954369c373,jacob.robinson@conocophillips.com,CMP_LIVE_DECARBONIZATION_25_26,Click,https://example.com?utm_source=mailchimp&utm_campaign=email-live_decarbonization_25_26-3,2026-07-31 14:06:22.971412
d1f50f8d-5bee-4745-946b-a0cc05fe3b5c,jacob.robinson@conocophillips.com,CMP_LIVE_DECARBONIZATION_25_26,Open,https://example.com?utm_source=mailchimp&utm_campaign=email-live_decarbonization_25_26-1,2026-04-13 08:07:38.971412
de753d7c-f4bd-47e0-a08b-797b61e52c8e,jacob.robinson@conocophillips.com,CMP_LIVE_DECARBONIZATION_25_26,Open,https://example.com?utm_source=mailchimp&utm_campaign=email-live_decarbonization_25_26-1,2026-04-13 23:07:38.971412
cd1b0779-e06b-4b06-b585-990dbe96fe5d,jacob.robinson@conocophillips.com,CMP_LIVE_DECARBONIZATION_25_26,Click,https://example.com?utm_source=mailchimp&utm_campaign=email-live_decarbonization_25_26-1,2026-04-13 08:09:17.971412
54e77052-095e-48f5-8706-cf145831ccb8,jacob.robinson@conocophillips.com,CMP_LIVE_DECARBONIZATION_25_26,Open,https://example.com?utm_source=mailchimp&utm_campaign=email-live_decarbonization_25_26-2,2026-05-14 01:24:29.971412
45037461-b77d-4753-9962-56608dd57e18,jacob.robinson@conocophillips.com,CMP_LIVE_DECARBONIZATION_25_26,Open,https://example.com?utm_source=mailchimp&utm_campaign=email-live_decarbonization_25_26-2,2026-05-14 18:24:29.971412
c84b5bec-0ee7-45c6-902c-278ba61a9d5b,todd.hardy@conocophillips.com,CMP_LIVE_DIGITAL_TWIN,Open,https://example.com?utm_source=mailchimp&utm_campaign=email-digital_twin-1,2025-12-24 02:34:10.971412
8f404de6-cfd5-4343-8c03-45c20d922b05,todd.hardy@conocophillips.com,CMP_LIVE_DIGITAL_TWIN,Open,https://example.com?utm_source=mailchimp&utm_campaign=email-digital_twin-6,2026-09-04 13:56:57.971412
5f9e795e-1488-4d54-abfd-0b7f5e74de7d,todd.hardy@conocophillips.com,CMP_LIVE_DIGITAL_TWIN,Open,https://example.com?utm_source=mailchimp&utm_campaign=email-digital_twin-6,2026-09-05 14:56:57.971412
fe84ef42-d84e-471b-b641-c4065ff17ad1,tiffany.warren@conocophillips.com,CMP_LIVE_HYDROGEN_INFRASTRUCTURE,Open,https://example.com?utm_source=mailchimp&utm_campaign=email-hydrogen_infrastructure-2,2025-11-01 03:23:39.971412
ea6934e3-5669-4a22-9350-3499c987d0d0,tiffany.warren@conocophillips.com,CMP_LIVE_HYDROGEN_INFRASTRUCTURE,Click,https://example.com?utm_source=mailchimp&utm_campaign=email-hydrogen_infrastructure-2,2025-11-01 03:24:44.971412
38759a96-452c-4e3b-a8f8-9e82e72fa7ff,james.perez@conocophillips.com,CMP_PAST_SUSTAINABLE_ENGINEERING,Open,https://example.com?utm_source=mailchimp&utm_campaign=email-sustainable_engineering-6,2026-02-25 11:41:47.971412
c09f1ece-181e-4fed-8e2f-d8e9b3777e37,james.perez@conocophillips.com,CMP_PAST_SUSTAINABLE_ENGINEERING,Click,https://example.com?utm_source=mailchimp&utm_campaign=email-sustainable_engineering-6,2026-02-25 11:43:46.971412
c4907df7-d8a5-48d3-93b0-d34fbb9a3eac,james.perez@conocophillips.com,CMP_PAST_SUSTAINABLE_ENGINEERING,Open,https://example.com?utm_source=mailchimp&utm_campaign=email-sustainable_engineering-4,2025-11-25 05:08:26.971412
7cad422a-8aa2-404a-9a92-010b2403b36a,amanda.hill@conocophillips.com,CMP_LIVE_DECARBONIZATION_25_26,Open,https://example.com?utm_source=mailchimp&utm_campaign=email-live_decarbonization_25_26-1,2026-04-15 01:27:30.971412
d67ba3b5-ddc6-4061-ac3f-ead71e2427ab,amanda.hill@conocophillips.com,CMP_LIVE_DECARBONIZATION_25_26,Open,https://example.com?utm_source=mailchimp&utm_campaign=email-live_decarbonization_25_26-2,2026-05-12 13:56:13.971412
4449acd8-024a-496c-af9e-f81303f67a88,amanda.hill@conocophillips.com,CMP_LIVE_DECARBONIZATION_25_26,Open,https://example.com?utm_source=mailchimp&utm_campaign=email-live_decarbonization_25_26-4,2026-09-08 10:39:32.971412
05d1387e-bf11-487d-8f98-ba3c113cd292,terri.tran@conocophillips.com,CMP_LIVE_DIGITAL_TWIN,Open,https://example.com?utm_source=mailchimp&utm_campaign=email-digital_twin-6,2026-08-29 02:09:59.971412
7e11602a-8a97-4b50-a219-4c7bee36d7b3,terri.tran@conocophillips.com,CMP_LIVE_DIGITAL_TWIN,Open,https://example.com?utm_source=mailchimp&utm_campaign=email-digital_twin-5,2026-06-30 06:25:47.971412
7407ddb3-f569-4a1c-be12-fb0884bb9a19,terri.tran@conocophillips.com,CMP_LIVE_DIGITAL_TWIN,Open,https://example.com?utm_source=mailchimp&utm_campaign=email-digital_twin-5,2026-06-30 10:25:47.971412
6de71a5f-04c2-4736-967e-1f2ebe6fc937,terri.tran@conocophillips.com,CMP_LIVE_DIGITAL_TWIN,Open,https://example.com?utm_source=mailchimp&utm_campaign=email-digital_twin-5,2026-07-02 02:25:47.971412
8f1890b1-a261-4b40-bfa1-0ae01767752a,terri.tran@conocophillips.com,CMP_LIVE_DIGITAL_TWIN,Open,https://example.com?utm_source=mailchimp&utm_campaign=email-digital_twin-1,2025-12-16 01:54:03.971412
f3abb77b-3900-450e-bb70-384a4cd0ead9,terri.tran@conocophillips.com,CMP_LIVE_DIGITAL_TWIN,Click,https://example.com?utm_source=mailchimp&utm_campaign=email-digital_twin-1,2025-12-16 01:55:52.971412
53966488-c5e2-479b-a49e-efed911b3530,miranda.henry@conocophillips.com,CMP_PAST_SUSTAINABLE_ENGINEERING,Open,https://example.com?utm_source=mailchimp&utm_campaign=email-sustainable_engineering-4,2025-11-18 05:41:32.971412
04e49d9a-bfe8-49b0-b63c-7f35bf23582a,miranda.henry@conocophillips.com,CMP_PAST_SUSTAINABLE_ENGINEERING,Open,https://example.com?utm_source=mailchimp&utm_campaign=email-sustainable_engineering-7,2026-05-01 14:24:29.971412
cdcd2e07-06de-4670-956a-ebd1bc5aed7b,taylor.alexander@conocophillips.com,CMP_PAST_ASSET_OPTIMIZATION,Open,https://example.com?utm_source=mailchimp&utm_campaign=email-asset_optimization-5,2025-10-07 01:51:52.971412
3ac584db-406e-44c3-9ef0-5cc4e0ad4308,taylor.alexander@conocophillips.com,CMP_PAST_ASSET_OPTIMIZATION,Click,https://example.com?utm_source=mailchimp&utm_campaign=email-asset_optimization-5,2025-10-07 01:52:47.971412
654b5db4-87a2-4a0e-8d99-cc08a8c02715,taylor.alexander@conocophillips.com,CMP_PAST_ASSET_OPTIMIZATION,Open,https://example.com?utm_source=mailchimp&utm_campaign=email-asset_optimization-1,2025-03-16 22:57:51.971412
95465ebb-e537-4f62-98ef-1a4f17e24386,taylor.alexander@conocophillips.com,CMP_PAST_ASSET_OPTIMIZATION,Open,https://example.com?utm_source=mailchimp&utm_campaign=email-asset_optimization-6,2025-12-17 05:34:05.971412
e4e967fd-c08d-4aef-9161-6bdae543feb6,taylor.alexander@conocophillips.com,CMP_PAST_ASSET_OPTIMIZATION,Click,https://example.com?utm_source=mailchimp&utm_campaign=email-asset_optimization-6,2025-12-17 05:36:59.971412
aebe62bb-fde4-44d3-b21a-b50305dfd391,taylor.alexander@conocophillips.com,CMP_PAST_ASSET_OPTIMIZATION,Open,https://example.com?utm_source=mailchimp&utm_campaign=email-asset_optimization-2,2025-05-02 01:47:12.971412
b86a48dd-c0b3-4578-be5a-cb5761c249f6,taylor.alexander@conocophillips.com,CMP_PAST_ASSET_OPTIMIZATION,Click,https://example.com?utm_source=mailchimp&utm_campaign=email-asset_optimization-2,2025-05-02 01:48:24.971412
17874966-f61f-4986-bad3-45b2abf65d57,taylor.alexander@conocophillips.com,CMP_PAST_ASSET_OPTIMIZATION,Open,https://example.com?utm_source=mailchimp&utm_campaign=email-asset_optimization-4,2025-08-20 16:32:04.971412
373509c1-6d47-437c-bd36-6bb862931ea5,taylor.alexander@conocophillips.com,CMP_PAST_ASSET_OPTIMIZATION,Open,https://example.com?utm_source=mailchimp&utm_campaign=email-asset_optimization-4,2025-08-21 06:32:04.971412
b5380fc3-274f-4b3e-9f14-7e2638b62129,taylor.alexander@conocophillips.com,CMP_PAST_ASSET_OPTIMIZATION,Open,https://example.com?utm_source=mailchimp&utm_campaign=email-asset_optimization-7,2026-02-06 17:20:06.971412
417b6a1c-4ef6-41fb-848b-ab6bd4ee191d,taylor.alexander@conocophillips.com,CMP_PAST_ASSET_OPTIMIZATION,Open,https://example.com?utm_source=mailchimp&utm_campaign=email-asset_optimization-7,2026-02-08 07:20:06.971412
ee1b255e-8f1e-4571-9dd1-4dd19bff22a2,taylor.alexander@conocophillips.com,CMP_PAST_ASSET_OPTIMIZATION,Click,https://example.com?utm_source=mailchimp&utm_campaign=email-asset_optimization-7,2026-02-06 17:20:58.971412
c56a1f1f-04f9-4931-a45d-4d90eae23fc8,jack.williams@conocophillips.com,CMP_LIVE_HYDROGEN_INFRASTRUCTURE,Open,https://example.com?utm_source=mailchimp&utm_campaign=email-hydrogen_infrastructure-5,2026-04-04 04:46:31.971412
42e87848-60f4-4ec1-8a11-bca0683ad6aa,jack.williams@conocophillips.com,CMP_LIVE_HYDROGEN_INFRASTRUCTURE,Open,https://example.com?utm_source=mailchimp&utm_campaign=email-hydrogen_infrastructure-5,2026-04-05 23:46:31.971412
5598ecb5-981c-4ac3-9370-cb0009e3b86c,jack.williams@conocophillips.com,CMP_LIVE_HYDROGEN_INFRASTRUCTURE,Open,https://example.com?utm_source=mailchimp&utm_campaign=email-hydrogen_infrastructure-2,2025-11-04 07:55:06.971412
80a8138c-8b08-4589-952d-0dbca4c4d271,lynn.morales@conocophillips.com,CMP_PAST_SUSTAINABLE_ENGINEERING,Open,https://example.com?utm_source=mailchimp&utm_campaign=email-sustainable_engineering-6,2026-02-22 11:57:40.971412
ede9dd29-ba73-4089-93c5-5ad668073fa3,lynn.morales@conocophillips.com,CMP_PAST_SUSTAINABLE_ENGINEERING,Click,https://example.com?utm_source=mailchimp&utm_campaign=email-sustainable_engineering-6,2026-02-22 11:58:52.971412
c5223400-98e2-4dee-ad80-39c726d6c31d,brian.hernandez@conocophillips.com,CMP_LIVE_DECARBONIZATION_25_26,Open,https://example.com?utm_source=mailchimp&utm_campaign=email-live_decarbonization_25_26-4,2026-09-08 06:34:32.971412
d04793b5-cb46-4aeb-84df-4a2deea01905,anna.torres@conocophillips.com,CMP_PAST_SUSTAINABLE_ENGINEERING,Open,https://example.com?utm_source=mailchimp&utm_campaign=email-sustainable_engineering-7,2026-05-08 00:42:16.971412
07fabece-6c40-4d8b-a0ea-8788cb8515ec,victoria.wilson@conocophillips.com,CMP_PAST_SUSTAINABLE_ENGINEERING,Open,https://example.com?utm_source=mailchimp&utm_campaign=email-sustainable_engineering-7,2026-05-30 00:58:51.971412
0ee94403-5dd3-4b6a-ab0d-cdacb9a916f7,victoria.wilson@conocophillips.com,CMP_PAST_SUSTAINABLE_ENGINEERING,Open,https://example.com?utm_source=mailchimp&utm_campaign=email-sustainable_engineering-6,2026-03-15 06:13:19.971412
70c5166f-fcb7-4ab5-9aed-87cf06f499b1,victoria.wilson@conocophillips.com,CMP_PAST_SUSTAINABLE_ENGINEERING,Open,https://example.com?utm_source=mailchimp&utm_campaign=email-sustainable_engineering-6,2026-03-16 00:13:19.971412
16588116-f7a9-47d5-bd17-92893ac5a595,victoria.wilson@conocophillips.com,CMP_PAST_SUSTAINABLE_ENGINEERING,Click,https://example.com?utm_source=mailchimp&utm_campaign=email-sustainable_engineering-6,2026-03-15 06:15:07.971412
5e01b3f4-d5d4-4fce-a197-56a91358dcbb,kathy.obrien@conocophillips.com,CMP_PAST_SUSTAINABLE_ENGINEERING,Open,https://example.com?utm_source=mailchimp&utm_campaign=email-sustainable_engineering-2,2025-08-28 09:13:58.971412
a2fb0be6-0323-4eeb-85c9-cb68495c3f0e,alexandra.hayes@conocophillips.com,CMP_PAST_SUSTAINABLE_ENGINEERING,Open,https://example.com?utm_source=mailchimp&utm_campaign=email-sustainable_engineering-7,2026-04-20 03:35:30.971412
eed5d02e-a097-4188-9b63-30c30b4cf961,scott.dalton@conocophillips.com,CMP_LIVE_DIGITAL_TWIN,Open,https://example.com?utm_source=mailchimp&utm_campaign=email-digital_twin-2,2026-01-30 02:14:54.971412
d4832028-b679-46f1-8bb4-d1dba938081d,scott.dalton@conocophillips.com,CMP_LIVE_DIGITAL_TWIN,Open,https://example.com?utm_source=mailchimp&utm_campaign=email-digital_twin-2,2026-01-30 19:14:54.971412
2493d494-2627-45f4-b9f2-2957116308ee,scott.dalton@conocophillips.com,CMP_LIVE_DIGITAL_TWIN,Open,https://example.com?utm_source=mailchimp&utm_campaign=email-digital_twin-4,2026-05-15 01:47:12.971412
6f11aa32-f61c-42ec-8957-d468260ad060,scott.dalton@conocophillips.com,CMP_LIVE_DIGITAL_TWIN,Open,https://example.com?utm_source=mailchimp&utm_campaign=email-digital_twin-6,2026-08-29 01:55:13.971412
412c0d9a-0f01-4766-b8ce-d38b52b3f824,scott.dalton@conocophillips.com,CMP_LIVE_DIGITAL_TWIN,Open,https://example.com?utm_source=mailchimp&utm_campaign=email-digital_twin-6,2026-08-31 01:55:13.971412
94c02138-f0a9-4289-b39e-d4a1dad3d691,christine.lynch@eni.com,CMP_LIVE_DIGITAL_TWIN,Open,https://example.com?utm_source=mailchimp&utm_campaign=email-digital_twin-3,2026-03-22 01:50:17.971412
e8b3027b-ba90-4f38-8ca8-80d1eee9fef6,christine.lynch@eni.com,CMP_LIVE_DIGITAL_TWIN,Open,https://example.com?utm_source=mailchimp&utm_campaign=email-digital_twin-1,2025-12-21 00:21:32.971412
ac7a78b2-de77-4850-b1be-5af6fe994806,christine.lynch@eni.com,CMP_LIVE_DIGITAL_TWIN,Open,https://example.com?utm_source=mailchimp&utm_campaign=email-digital_twin-5,2026-07-05 23:08:32.971412
5337af43-8dc8-40de-8c79-d7781c9c0f0b,donna.moore@eni.com,CMP_LIVE_HYDROGEN_INFRASTRUCTURE,Open,https://example.com?utm_source=mailchimp&utm_campaign=email-hydrogen_infrastructure-6,2026-06-17 19:32:16.971412
c2f28f06-3f70-4962-8b4e-c9168921f20b,aaron.hayes@eni.com,CMP_LIVE_HYDROGEN_INFRASTRUCTURE,Open,https://example.com?utm_source=mailchimp&utm_campaign=email-hydrogen_infrastructure-6,2026-06-02 04:32:55.971412
a15f8f7b-56d2-43fe-b1d6-d4156503e2ec,aaron.hayes@eni.com,CMP_LIVE_HYDROGEN_INFRASTRUCTURE,Open,https://example.com?utm_source=mailchimp&utm_campaign=email-hydrogen_infrastructure-6,2026-06-02 12:32:55.971412
2c66e6a5-a4d9-40a5-b668-ebb4287844bc,aaron.hayes@eni.com,CMP_LIVE_HYDROGEN_INFRASTRUCTURE,Open,https://example.com?utm_source=mailchimp&utm_campaign=email-hydrogen_infrastructure-6,2026-06-03 00:32:55.971412
d0daaa6d-bd52-4c09-beb1-323f2f99771c,aaron.hayes@eni.com,CMP_LIVE_HYDROGEN_INFRASTRUCTURE,Open,https://example.com?utm_source=mailchimp&utm_campaign=email-hydrogen_infrastructure-5,2026-04-05 05:19:43.971412
41efa3fc-c24d-4c93-ae11-c3af4de1a628,brittney.carter@eni.com,CMP_PAST_ASSET_OPTIMIZATION,Open,https://example.com?utm_source=mailchimp&utm_campaign=email-asset_optimization-6,2025-11-24 19:39:22.971412
9a336b8b-4c9f-404b-9964-c81ac7c9960c,brittney.carter@eni.com,CMP_PAST_ASSET_OPTIMIZATION,Open,https://example.com?utm_source=mailchimp&utm_campaign=email-asset_optimization-3,2025-06-21 04:56:45.971412
935b124c-e50f-46bf-acd1-3424cfce5f50,brittney.carter@eni.com,CMP_PAST_ASSET_OPTIMIZATION,Open,https://example.com?utm_source=mailchimp&utm_campaign=email-asset_optimization-3,2025-06-22 14:56:45.971412
1338df96-280b-4eab-9b40-30d59d0d3fb5,brittney.carter@eni.com,CMP_PAST_ASSET_OPTIMIZATION,Open,https://example.com?utm_source=mailchimp&utm_campaign=email-asset_optimization-1,2025-03-20 01:52:15.971412
e80fef0e-adfc-4523-9a70-ae76e46456e5,brittney.carter@eni.com,CMP_PAST_ASSET_OPTIMIZATION,Click,https://example.com?utm_source=mailchimp&utm_campaign=email-asset_optimization-1,2025-03-20 01:52:52.971412
ff796078-d3cf-4e0f-a87a-11c46a17228b,grace.bradshaw@eni.com,CMP_LIVE_HYDROGEN_INFRASTRUCTURE,Open,https://example.com?utm_source=mailchimp&utm_campaign=email-hydrogen_infrastructure-6,2026-07-05 21:11:39.971412
71500b14-a211-48e1-a59e-1d3fc2e9e697,grace.bradshaw@eni.com,CMP_LIVE_HYDROGEN_INFRASTRUCTURE,Open,https://example.com?utm_source=mailchimp&utm_campaign=email-hydrogen_infrastructure-6,2026-07-07 10:11:39.971412
049946c9-58c9-4f9a-9809-eb60c2e9480e,grace.bradshaw@eni.com,CMP_LIVE_HYDROGEN_INFRASTRUCTURE,Open,https://example.com?utm_source=mailchimp&utm_campaign=email-hydrogen_infrastructure-6,2026-07-06 23:11:39.971412
eb8dd149-f4c6-4878-8327-afbc11fe4315,donna.peck@eni.com,CMP_LIVE_DECARBONIZATION_25_26,Open,https://example.com?utm_source=mailchimp&utm_campaign=email-live_decarbonization_25_26-4,2026-09-08 09:39:53.971412
208dce4c-3323-4f15-8a71-ca5bffdd8004,donna.peck@eni.com,CMP_LIVE_DECARBONIZATION_25_26,Click,https://example.com?utm_source=mailchimp&utm_campaign=email-live_decarbonization_25_26-4,2026-09-08 01:47:12.971412
118e02c6-eaaf-4886-9919-9c62e0b9c07f,donna.peck@eni.com,CMP_LIVE_DECARBONIZATION_25_26,Open,https://example.com?utm_source=mailchimp&utm_campaign=email-live_decarbonization_25_26-3,2026-08-07 13:26:56.971412
9d6b7b83-5139-437f-912b-b47c6aa1f489,donna.peck@eni.com,CMP_LIVE_DECARBONIZATION_25_26,Click,https://example.com?utm_source=mailchimp&utm_campaign=email-live_decarbonization_25_26-3,2026-08-07 13:29:41.971412
0e8d9db7-c65a-403b-bc37-f38fcfcb2a1c,donna.peck@eni.com,CMP_LIVE_DECARBONIZATION_25_26,Open,https://example.com?utm_source=mailchimp&utm_campaign=email-live_decarbonization_25_26-1,2026-03-20 16:02:19.971412
e9fd8ed2-357b-4ed9-9a1d-efea380f92f4,donna.peck@eni.com,CMP_LIVE_DECARBONIZATION_25_26,Open,https://example.com?utm_source=mailchimp&utm_campaign=email-live_decarbonization_25_26-1,2026-03-22 04:02:19.971412
f5e56a1c-33ee-4778-90d0-80bf0add87e8,donna.peck@eni.com,CMP_LIVE_DECARBONIZATION_25_26,Click,https://example.com?utm_source=mailchimp&utm_campaign=email-live_decarbonization_25_26-1,2026-03-20 16:03:51.971412
1d894d42-71a7-45c4-9b0b-f7290f68943e,donna.peck@eni.com,CMP_LIVE_DECARBONIZATION_25_26,Open,https://example.com?utm_source=mailchimp&utm_campaign=email-live_decarbonization_25_26-2,2026-05-25 11:05:36.971412
ba785b17-52b3-435f-8993-1d4f8828f6bc,donna.peck@eni.com,CMP_LIVE_DECARBONIZATION_25_26,Click,https://example.com?utm_source=mailchimp&utm_campaign=email-live_decarbonization_25_26-2,2026-05-25 11:07:25.971412
830f325a-d09a-4c3c-88f4-f94cfd8846ce,ronald.stephens@eni.com,CMP_LIVE_DIGITAL_TWIN,Open,https://example.com?utm_source=mailchimp&utm_campaign=email-digital_twin-6,2026-09-03 15:22:09.971412
47299569-e4e4-4915-8834-0e8fe5d2f34c,ronald.stephens@eni.com,CMP_LIVE_DIGITAL_TWIN,Click,https://example.com?utm_source=mailchimp&utm_campaign=email-digital_twin-6,2026-09-03 15:23:33.971412
2b0f90a3-a500-4448-86e4-8f6715388f8b,margaret.jones@eni.com,CMP_PAST_SUSTAINABLE_ENGINEERING,Open,https://example.com?utm_source=mailchimp&utm_campaign=email-sustainable_engineering-2,2025-09-17 18:13:40.971412
f42e1820-e974-40eb-a9e5-296eb2e197bc,margaret.jones@eni.com,CMP_PAST_SUSTAINABLE_ENGINEERING,Open,https://example.com?utm_source=mailchimp&utm_campaign=email-sustainable_engineering-3,2025-10-04 16:47:44.971412
df0f007a-e887-4331-81df-8e3ed0453d30,margaret.jones@eni.com,CMP_PAST_SUSTAINABLE_ENGINEERING,Open,https://example.com?utm_source=mailchimp&utm_campaign=email-sustainable_engineering-4,2025-12-03 18:35:10.971412
7c0b9b01-5fda-49e8-98bf-7defa9932ea8,margaret.jones@eni.com,CMP_PAST_SUSTAINABLE_ENGINEERING,Open,https://example.com?utm_source=mailchimp&utm_campaign=email-sustainable_engineering-4,2025-12-03 22:35:10.971412
e737c4d6-5e9e-4435-95c4-e929b609d8c8,margaret.jones@eni.com,CMP_PAST_SUSTAINABLE_ENGINEERING,Open,https://example.com?utm_source=mailchimp&utm_campaign=email-sustainable_engineering-1,2025-07-08 00:19:44.971412
9e14e1e8-351a-4743-b1ef-3e8460745d1b,margaret.jones@eni.com,CMP_PAST_SUSTAINABLE_ENGINEERING,Click,https://example.com?utm_source=mailchimp&utm_campaign=email-sustainable_engineering-1,2025-07-08 00:22:14.971412
b87f0251-1484-4c4a-8ed5-7e3381d4e4ad,margaret.jones@eni.com,CMP_PAST_SUSTAINABLE_ENGINEERING,Open,https://example.com?utm_source=mailchimp&utm_campaign=email-sustainable_engineering-6,2026-02-22 07:34:21.971412
0233997f-c551-4d6e-9e9b-d83d3a452a63,margaret.jones@eni.com,CMP_PAST_SUSTAINABLE_ENGINEERING,Open,https://example.com?utm_source=mailchimp&utm_campaign=email-sustainable_engineering-7,2026-04-20 22:06:32.971412
9868ebf2-8ee9-4cc5-ba99-b160b9f24703,margaret.jones@eni.com,CMP_PAST_SUSTAINABLE_ENGINEERING,Click,https://example.com?utm_source=mailchimp&utm_campaign=email-sustainable_engineering-7,2026-04-20 22:07:46.971412
9f1bfb39-654a-4274-a2eb-e551de6737ad,margaret.jones@eni.com,CMP_PAST_SUSTAINABLE_ENGINEERING,Open,https://example.com?utm_source=mailchimp&utm_campaign=email-sustainable_engineering-5,2026-01-21 08:21:48.971412
38e3f97d-2ddd-410b-bb2c-9e05e6591c57,margaret.jones@eni.com,CMP_PAST_SUSTAINABLE_ENGINEERING,Open,https://example.com?utm_source=mailchimp&utm_campaign=email-sustainable_engineering-5,2026-01-21 12:21:48.971412
0350967b-e46b-402d-bc71-964a4caba14a,gabriel.parker@eni.com,CMP_LIVE_HYDROGEN_INFRASTRUCTURE,Open,https://example.com?utm_source=mailchimp&utm_campaign=email-hydrogen_infrastructure-3,2026-01-14 09:23:40.971412
fda43c33-1a26-41f4-83e3-c1be30d107d2,gabriel.parker@eni.com,CMP_LIVE_HYDROGEN_INFRASTRUCTURE,Click,https://example.com?utm_source=mailchimp&utm_campaign=email-hydrogen_infrastructure-3,2026-01-14 09:24:43.971412
7e384f77-5bea-48c7-be20-7be2b6e6e044,gabriel.parker@eni.com,CMP_LIVE_HYDROGEN_INFRASTRUCTURE,Open,https://example.com?utm_source=mailchimp&utm_campaign=email-hydrogen_infrastructure-8,2026-08-31 21:41:02.971412
ced702b2-dd47-423f-b6a3-700a59f5a544,gabriel.parker@eni.com,CMP_LIVE_HYDROGEN_INFRASTRUCTURE,Open,https://example.com?utm_source=mailchimp&utm_campaign=email-hydrogen_infrastructure-8,2026-09-01 22:41:02.971412
be70db4b-ef70-4064-8a21-c3dea686d8e9,kaitlyn.carroll@eni.com,CMP_LIVE_DIGITAL_TWIN,Open,https://example.com?utm_source=mailchimp&utm_campaign=email-digital_twin-2,2026-01-30 07:48:49.971412
91792ce8-8706-4287-b86a-b6c75971a4e2,kaitlyn.carroll@eni.com,CMP_LIVE_DIGITAL_TWIN,Open,https://example.com?utm_source=mailchimp&utm_campaign=email-digital_twin-2,2026-01-31 21:48:49.971412
31897f1c-4db3-4ff5-83ed-3136512fca84,kaitlyn.carroll@eni.com,CMP_LIVE_DIGITAL_TWIN,Open,https://example.com?utm_source=mailchimp&utm_campaign=email-digital_twin-6,2026-09-01 19:28:21.971412
da31416d-bc68-4bd7-89ac-e91151fde7d6,kaitlyn.carroll@eni.com,CMP_LIVE_DIGITAL_TWIN,Open,https://example.com?utm_source=mailchimp&utm_campaign=email-digital_twin-3,2026-03-22 11:27:02.971412
cd3fd697-2455-414c-8b55-55a0445a210d,kaitlyn.carroll@eni.com,CMP_LIVE_DIGITAL_TWIN,Open,https://example.com?utm_source=mailchimp&utm_campaign=email-digital_twin-1,2025-12-16 02:33:13.971412
5e0cf767-8c5d-4dbe-9046-a1793203c912,keith.martinez@eni.com,CMP_LIVE_DIGITAL_TWIN,Open,https://example.com?utm_source=mailchimp&utm_campaign=email-digital_twin-1,2025-12-16 18:53:02.971412
045508a3-6494-4f57-817e-439cd2caba2a,keith.martinez@eni.com,CMP_LIVE_DIGITAL_TWIN,Open,https://example.com?utm_source=mailchimp&utm_campaign=email-digital_twin-1,2025-12-18 03:53:02.971412
a07eaf4d-6598-4597-af6d-5719e822a5c5,keith.martinez@eni.com,CMP_LIVE_DIGITAL_TWIN,Open,https://example.com?utm_source=mailchimp&utm_campaign=email-digital_twin-1,2025-12-16 21:53:02.971412
ce4d2cdc-cbec-4085-8595-21277488ad44,keith.martinez@eni.com,CMP_LIVE_DIGITAL_TWIN,Open,https://example.com?utm_source=mailchimp&utm_campaign=email-digital_twin-3,2026-03-22 21:00:03.971412
f8c335fe-0bb9-4cd5-ac4b-f912ef466186,sherri.mason@eni.com,CMP_PAST_ASSET_OPTIMIZATION,Open,https://example.com?utm_source=mailchimp&utm_campaign=email-asset_optimization-2,2025-05-28 02:20:23.971412
0f84e489-2368-4590-ba21-b7c40a1f40bd,sherri.mason@eni.com,CMP_PAST_ASSET_OPTIMIZATION,Open,https://example.com?utm_source=mailchimp&utm_campaign=email-asset_optimization-2,2025-05-28 04:20:23.971412
a7528159-ea36-4aec-8029-0bec2990b8ff,sherri.mason@eni.com,CMP_PAST_ASSET_OPTIMIZATION,Open,https://example.com?utm_source=mailchimp&utm_campaign=email-asset_optimization-2,2025-05-29 16:20:23.971412
1fca16bf-b2ed-48a9-a3b0-56cdb3571e69,sherri.mason@eni.com,CMP_PAST_ASSET_OPTIMIZATION,Click,https://example.com?utm_source=mailchimp&utm_campaign=email-asset_optimization-2,2025-05-28 02:22:15.971412
6f28fd5c-11fb-4fd8-9f3b-d4a994c56455,troy.miller@eni.com,CMP_LIVE_DIGITAL_TWIN,Open,https://example.com?utm_source=mailchimp&utm_campaign=email-digital_twin-4,2026-05-16 07:28:41.971412
3978cb98-d31c-42a9-8366-aa4254546e45,troy.miller@eni.com,CMP_LIVE_DIGITAL_TWIN,Open,https://example.com?utm_source=mailchimp&utm_campaign=email-digital_twin-6,2026-08-29 02:07:08.971412
345f5d73-630c-4374-b8ca-bae74c79f0c3,troy.miller@eni.com,CMP_LIVE_DIGITAL_TWIN,Click,https://example.com?utm_source=mailchimp&utm_campaign=email-digital_twin-6,2026-08-29 02:09:18.971412
4e70d195-502d-4c44-982c-683937bfc249,troy.miller@eni.com,CMP_LIVE_DIGITAL_TWIN,Open,https://example.com?utm_source=mailchimp&utm_campaign=email-digital_twin-2,2026-01-30 01:49:11.971412
b48b77db-b40c-4ccd-947b-0f4582865c9a,troy.miller@eni.com,CMP_LIVE_DIGITAL_TWIN,Click,https://example.com?utm_source=mailchimp&utm_campaign=email-digital_twin-2,2026-01-30 01:50:26.971412
8fbd89b3-10dd-4047-a514-9b16f9f27d5c,troy.miller@eni.com,CMP_LIVE_DIGITAL_TWIN,Open,https://example.com?utm_source=mailchimp&utm_campaign=email-digital_twin-1,2025-12-16 01:47:12.971412
1cdd6bdc-82ef-488d-b42d-d0e53e711844,troy.miller@eni.com,CMP_LIVE_DIGITAL_TWIN,Open,https://example.com?utm_source=mailchimp&utm_campaign=email-digital_twin-3,2026-03-22 01:47:50.971412
ee8fbfc5-65ae-49eb-be86-84e544b09a55,bill.reynolds@eni.com,CMP_PAST_SUSTAINABLE_ENGINEERING,Open,https://example.com?utm_source=mailchimp&utm_campaign=email-sustainable_engineering-6,2026-04-02 22:34:44.971412
6bfa97f2-4f07-4513-8e87-73b840e7139f,bill.reynolds@eni.com,CMP_PAST_SUSTAINABLE_ENGINEERING,Click,https://example.com?utm_source=mailchimp&utm_campaign=email-sustainable_engineering-6,2026-04-02 22:36:12.971412
3537bcb8-8a61-4df6-a7ce-97c7fb2c6705,bill.reynolds@eni.com,CMP_PAST_SUSTAINABLE_ENGINEERING,Open,https://example.com?utm_source=mailchimp&utm_campaign=email-sustainable_engineering-5,2026-01-22 06:26:15.971412
c41383c6-da32-48c1-ba14-21f55a563050,bill.reynolds@eni.com,CMP_PAST_SUSTAINABLE_ENGINEERING,Click,https://example.com?utm_source=mailchimp&utm_campaign=email-sustainable_engineering-5,2026-01-22 06:26:31.971412
eacd28a5-1411-45cb-966c-4ecc636bb207,bill.reynolds@eni.com,CMP_PAST_SUSTAINABLE_ENGINEERING,Open,https://example.com?utm_source=mailchimp&utm_campaign=email-sustainable_engineering-2,2025-08-22 21:02:44.971412
1f7f57cf-4472-43f8-9678-58a22f34d988,bill.reynolds@eni.com,CMP_PAST_SUSTAINABLE_ENGINEERING,Open,https://example.com?utm_source=mailchimp&utm_campaign=email-sustainable_engineering-2,2025-08-23 03:02:44.971412
339ca64f-298e-4d7e-9b26-9da3c2bf6161,bill.reynolds@eni.com,CMP_PAST_SUSTAINABLE_ENGINEERING,Click,https://example.com?utm_source=mailchimp&utm_campaign=email-sustainable_engineering-2,2025-08-22 21:04:21.971412
3ea2545b-f62f-434e-b48f-22e1fa6cd8c5,bill.reynolds@eni.com,CMP_PAST_SUSTAINABLE_ENGINEERING,Open,https://example.com?utm_source=mailchimp&utm_campaign=email-sustainable_engineering-3,2025-10-03 02:32:17.971412
e5129741-79d2-449f-8acd-7de67fb62db4,bill.reynolds@eni.com,CMP_PAST_SUSTAINABLE_ENGINEERING,Open,https://example.com?utm_source=mailchimp&utm_campaign=email-sustainable_engineering-7,2026-04-27 15:39:19.971412
ce064c76-aa0b-4124-9a7e-807b010bfc3c,bill.reynolds@eni.com,CMP_PAST_SUSTAINABLE_ENGINEERING,Click,https://example.com?utm_source=mailchimp&utm_campaign=email-sustainable_engineering-7,2026-04-27 15:41:02.971412
058a2ce8-aaf0-4616-8bb7-cd83408d4cdb,marcus.wright@eni.com,CMP_LIVE_HYDROGEN_INFRASTRUCTURE,Open,https://example.com?utm_source=mailchimp&utm_campaign=email-hydrogen_infrastructure-7,2026-07-13 01:49:50.971412
3bd037f8-87ff-4bb7-94e6-f2f716f85b83,marcus.wright@eni.com,CMP_LIVE_HYDROGEN_INFRASTRUCTURE,Open,https://example.com?utm_source=mailchimp&utm_campaign=email-hydrogen_infrastructure-7,2026-07-15 00:49:50.971412
183d2948-7aa3-4e79-92ae-4e5a14f13544,christopher.hayden@eni.com,CMP_LIVE_HYDROGEN_INFRASTRUCTURE,Open,https://example.com?utm_source=mailchimp&utm_campaign=email-hydrogen_infrastructure-1,2025-09-30 07:49:15.971412
250a54cb-ba2a-47d2-b027-53cdcf322cb1,mary.johnston@eni.com,CMP_LIVE_DIGITAL_TWIN,Open,https://example.com?utm_source=mailchimp&utm_campaign=email-digital_twin-4,2026-06-20 16:05:56.971412
5043af6b-dd4c-4f24-80d1-0db9430e871c,mary.johnston@eni.com,CMP_LIVE_DIGITAL_TWIN,Open,https://example.com?utm_source=mailchimp&utm_campaign=email-digital_twin-4,2026-06-21 14:05:56.971412
f8928563-d104-4fdb-b194-2e4396073ede,stephanie.key@eni.com,CMP_PAST_ASSET_OPTIMIZATION,Open,https://example.com?utm_source=mailchimp&utm_campaign=email-asset_optimization-2,2025-05-02 04:10:52.971412
05cd49ef-7daa-4172-9c2a-038ccde5ce10,stephanie.key@eni.com,CMP_PAST_ASSET_OPTIMIZATION,Open,https://example.com?utm_source=mailchimp&utm_campaign=email-asset_optimization-5,2025-10-08 15:42:02.971412
02cadb9b-bcc3-40c2-8fd7-c64405c2e3b0,stephanie.key@eni.com,CMP_PAST_ASSET_OPTIMIZATION,Open,https://example.com?utm_source=mailchimp&utm_campaign=email-asset_optimization-5,2025-10-09 03:42:02.971412
acb8a783-6e96-45e5-a83e-01941fa9661b,stephanie.key@eni.com,CMP_PAST_ASSET_OPTIMIZATION,Open,https://example.com?utm_source=mailchimp&utm_campaign=email-asset_optimization-5,2025-10-10 00:42:02.971412
ee8b03ad-e071-446e-a96c-6758a82fcc21,stephanie.key@eni.com,CMP_PAST_ASSET_OPTIMIZATION,Open,https://example.com?utm_source=mailchimp&utm_campaign=email-asset_optimization-3,2025-06-21 05:05:20.971412
7897bf16-d068-485f-9dc5-f08fe822677a,stephanie.key@eni.com,CMP_PAST_ASSET_OPTIMIZATION,Open,https://example.com?utm_source=mailchimp&utm_campaign=email-asset_optimization-3,2025-06-21 20:05:20.971412
efef348c-1a09-48f0-b0fd-4c780477b873,stephanie.key@eni.com,CMP_PAST_ASSET_OPTIMIZATION,Open,https://example.com?utm_source=mailchimp&utm_campaign=email-asset_optimization-3,2025-06-22 09:05:20.971412
4b69befa-e6b1-4d20-ae5d-4bb66e6fa22d,stephanie.key@eni.com,CMP_PAST_ASSET_OPTIMIZATION,Open,https://example.com?utm_source=mailchimp&utm_campaign=email-asset_optimization-7,2026-01-15 08:55:23.971412
eb4a1235-1e25-4a8f-b773-a1ddeb60801b,stephanie.key@eni.com,CMP_PAST_ASSET_OPTIMIZATION,Open,https://example.com?utm_source=mailchimp&utm_campaign=email-asset_optimization-1,2025-03-14 15:19:54.971412
e164c3ad-6208-4325-adda-ddbb00be9b33,stephanie.key@eni.com,CMP_PAST_ASSET_OPTIMIZATION,Click,https://example.com?utm_source=mailchimp&utm_campaign=email-asset_optimization-1,2025-03-14 15:22:19.971412
6769ae79-7b4b-43e2-88eb-c4b400416b53,emily.adams@eni.com,CMP_LIVE_HYDROGEN_INFRASTRUCTURE,Open,https://example.com?utm_source=mailchimp&utm_campaign=email-hydrogen_infrastructure-6,2026-06-01 19:09:59.971412
ad1e981e-8957-4292-81c4-6ef1657d8a31,billy.avila@eni.com,CMP_LIVE_DIGITAL_TWIN,Open,https://example.com?utm_source=mailchimp&utm_campaign=email-digital_twin-2,2026-03-08 22:25:09.971412
70ef216e-1d4f-473b-97ac-6ad0642a9aa1,billy.avila@eni.com,CMP_LIVE_DIGITAL_TWIN,Click,https://example.com?utm_source=mailchimp&utm_campaign=email-digital_twin-2,2026-03-08 22:25:39.971412
105ee4b0-1c6b-4c10-8336-ef9ca01eae87,billy.avila@eni.com,CMP_LIVE_DIGITAL_TWIN,Open,https://example.com?utm_source=mailchimp&utm_campaign=email-digital_twin-3,2026-03-25 10:54:03.971412
2f184244-1a42-4c29-93e5-d25995d7c813,billy.avila@eni.com,CMP_LIVE_DIGITAL_TWIN,Click,https://example.com?utm_source=mailchimp&utm_campaign=email-digital_twin-3,2026-03-25 10:55:54.971412
7ffdcb28-f303-40a6-8143-6f20ff16c07d,billy.avila@eni.com,CMP_LIVE_DIGITAL_TWIN,Open,https://example.com?utm_source=mailchimp&utm_campaign=email-digital_twin-5,2026-06-28 02:32:49.971412
c1d39e0c-e0e9-4c95-bf4a-a0a5f9e80588,thomas.pearson@eni.com,CMP_LIVE_HYDROGEN_INFRASTRUCTURE,Open,https://example.com?utm_source=mailchimp&utm_campaign=email-hydrogen_infrastructure-6,2026-06-01 02:13:21.971412
3e467ba9-f4e3-496a-b490-1f30eb69ec51,thomas.pearson@eni.com,CMP_LIVE_HYDROGEN_INFRASTRUCTURE,Open,https://example.com?utm_source=mailchimp&utm_campaign=email-hydrogen_infrastructure-6,2026-06-02 04:13:21.971412
092ef8f5-5da4-43e0-9d61-0aea4b781239,thomas.pearson@eni.com,CMP_LIVE_HYDROGEN_INFRASTRUCTURE,Open,https://example.com?utm_source=mailchimp&utm_campaign=email-hydrogen_infrastructure-7,2026-07-13 13:40:16.971412
a7376a0c-3b4a-4e51-aa0c-d9824773a15e,thomas.pearson@eni.com,CMP_LIVE_HYDROGEN_INFRASTRUCTURE,Open,https://example.com?utm_source=mailchimp&utm_campaign=email-hydrogen_infrastructure-8,2026-08-29 03:19:26.971412
371f3d9a-a2c5-4f09-88e0-9ba99e946aff,thomas.pearson@eni.com,CMP_LIVE_HYDROGEN_INFRASTRUCTURE,Open,https://example.com?utm_source=mailchimp&utm_campaign=email-hydrogen_infrastructure-5,2026-04-24 16:53:32.971412
a671d547-c5c8-485a-a8d1-2d5e01d1cfe0,thomas.pearson@eni.com,CMP_LIVE_HYDROGEN_INFRASTRUCTURE,Open,https://example.com?utm_source=mailchimp&utm_campaign=email-hydrogen_infrastructure-5,2026-04-25 22:53:32.971412
565a6477-f17c-4cbf-bab3-647c192e371f,thomas.pearson@eni.com,CMP_LIVE_HYDROGEN_INFRASTRUCTURE,Click,https://example.com?utm_source=mailchimp&utm_campaign=email-hydrogen_infrastructure-5,2026-04-24 16:54:53.971412
a3789298-ad38-4890-a00a-415478f84d92,thomas.pearson@eni.com,CMP_LIVE_HYDROGEN_INFRASTRUCTURE,Open,https://example.com?utm_source=mailchimp&utm_campaign=email-hydrogen_infrastructure-2,2025-11-03 10:29:44.971412
d00bf6d9-5ad6-4d77-ab9e-d3d7e780c059,thomas.pearson@eni.com,CMP_LIVE_HYDROGEN_INFRASTRUCTURE,Open,https://example.com?utm_source=mailchimp&utm_campaign=email-hydrogen_infrastructure-3,2026-01-02 01:47:13.971412
7ba11218-b342-4f3c-bcec-ccbe7e48700a,thomas.pearson@eni.com,CMP_LIVE_HYDROGEN_INFRASTRUCTURE,Open,https://example.com?utm_source=mailchimp&utm_campaign=email-hydrogen_infrastructure-3,2026-01-03 05:47:13.971412
a091fced-dae1-4580-bc8b-70eea2269257,thomas.pearson@eni.com,CMP_LIVE_HYDROGEN_INFRASTRUCTURE,Open,https://example.com?utm_source=mailchimp&utm_campaign=email-hydrogen_infrastructure-4,2026-02-15 02:21:51.971412
f7e21453-8cea-4dd4-9c96-81e4ba190376,thomas.pearson@eni.com,CMP_LIVE_HYDROGEN_INFRASTRUCTURE,Open,https://example.com?utm_source=mailchimp&utm_campaign=email-hydrogen_infrastructure-4,2026-02-16 05:21:51.971412
6d0934b3-ce35-4d82-ba69-b81558ecc919,thomas.pearson@eni.com,CMP_LIVE_HYDROGEN_INFRASTRUCTURE,Click,https://example.com?utm_source=mailchimp&utm_campaign=email-hydrogen_infrastructure-4,2026-02-15 02:24:23.971412
61aa2751-8127-4d1b-9fc6-434974f6f061,thomas.pearson@eni.com,CMP_LIVE_HYDROGEN_INFRASTRUCTURE,Open,https://example.com?utm_source=mailchimp&utm_campaign=email-hydrogen_infrastructure-1,2025-09-20 01:47:14.971412
f3112234-2f2e-4426-a913-dcfdb5a9bd88,sabrina.white@eni.com,CMP_PAST_SUSTAINABLE_ENGINEERING,Open,https://example.com?utm_source=mailchimp&utm_campaign=email-sustainable_engineering-4,2025-12-30 07:15:10.971412
b159ae93-3aca-42da-98bf-af6d88313dc3,sabrina.white@eni.com,CMP_PAST_SUSTAINABLE_ENGINEERING,Click,https://example.com?utm_source=mailchimp&utm_campaign=email-sustainable_engineering-4,2025-12-30 07:17:30.971412
7edb3bd4-d711-4c35-af6d-8b13a66b7d70,elizabeth.hodge@eni.com,CMP_LIVE_DECARBONIZATION_25_26,Open,https://example.com?utm_source=mailchimp&utm_campaign=email-live_decarbonization_25_26-4,2026-09-08 01:49:37.971412
ceea78a0-2d44-4920-910c-b5fa1feea3f0,mark.steele@eni.com,CMP_LIVE_HYDROGEN_INFRASTRUCTURE,Open,https://example.com?utm_source=mailchimp&utm_campaign=email-hydrogen_infrastructure-3,2026-01-21 20:28:23.971412
32472bdc-734d-4f86-8a2a-45b72d8bfc37,mark.steele@eni.com,CMP_LIVE_HYDROGEN_INFRASTRUCTURE,Open,https://example.com?utm_source=mailchimp&utm_campaign=email-hydrogen_infrastructure-3,2026-01-23 05:28:23.971412
c822b1a5-2f5a-410a-95c6-d7bfd3c79ae5,keith.landry@eni.com,CMP_PAST_ASSET_OPTIMIZATION,Open,https://example.com?utm_source=mailchimp&utm_campaign=email-asset_optimization-2,2025-05-02 15:02:07.971412
d20940ec-dd4b-4b2e-b47d-a3849edfea96,keith.landry@eni.com,CMP_PAST_ASSET_OPTIMIZATION,Open,https://example.com?utm_source=mailchimp&utm_campaign=email-asset_optimization-7,2026-01-09 02:34:23.971412
68dd762e-6fe8-4e6d-a33d-9a0af6285369,keith.landry@eni.com,CMP_PAST_ASSET_OPTIMIZATION,Open,https://example.com?utm_source=mailchimp&utm_campaign=email-asset_optimization-3,2025-07-14 16:28:18.971412
6412ae09-7190-456e-9a28-63d214f22603,keith.landry@eni.com,CMP_PAST_ASSET_OPTIMIZATION,Open,https://example.com?utm_source=mailchimp&utm_campaign=email-asset_optimization-6,2025-11-19 01:50:05.971412
23f52c7b-a902-4306-94aa-7818d0622821,keith.landry@eni.com,CMP_PAST_ASSET_OPTIMIZATION,Click,https://example.com?utm_source=mailchimp&utm_campaign=email-asset_optimization-6,2025-11-19 01:52:28.971412
d52c0af1-c640-48d1-aff8-438062e8b102,keith.landry@eni.com,CMP_PAST_ASSET_OPTIMIZATION,Open,https://example.com?utm_source=mailchimp&utm_campaign=email-asset_optimization-4,2025-08-19 15:37:50.971412
4b28df86-5ccf-43aa-a2e9-7a647482ac19,keith.landry@eni.com,CMP_PAST_ASSET_OPTIMIZATION,Open,https://example.com?utm_source=mailchimp&utm_campaign=email-asset_optimization-5,2025-10-17 03:29:08.971412
3724d02d-f9d1-416e-9d31-e1fdca9ce18b,keith.landry@eni.com,CMP_PAST_ASSET_OPTIMIZATION,Open,https://example.com?utm_source=mailchimp&utm_campaign=email-asset_optimization-5,2025-10-17 19:29:08.971412
b049986a-d2e8-4061-827b-6f3a3b633310,keith.landry@eni.com,CMP_PAST_ASSET_OPTIMIZATION,Open,https://example.com?utm_source=mailchimp&utm_campaign=email-asset_optimization-5,2025-10-18 21:29:08.971412
a78eee68-f5dc-4cdd-aee6-7707ad48cb7b,shawn.edwards@eni.com,CMP_PAST_SUSTAINABLE_ENGINEERING,Open,https://example.com?utm_source=mailchimp&utm_campaign=email-sustainable_engineering-1,2025-06-14 21:17:01.971412
4a07973a-7a31-49a8-aafa-e8eeab0761f5,shawn.edwards@eni.com,CMP_PAST_SUSTAINABLE_ENGINEERING,Click,https://example.com?utm_source=mailchimp&utm_campaign=email-sustainable_engineering-1,2025-06-14 21:19:17.971412
e4c5903c-3a11-42aa-a3c5-96ccfc3c3bbf,shawn.edwards@eni.com,CMP_PAST_SUSTAINABLE_ENGINEERING,Open,https://example.com?utm_source=mailchimp&utm_campaign=email-sustainable_engineering-5,2025-12-28 04:09:42.971412
5759c1a9-5899-4fa4-8ea2-a8ac9f5234a6,shawn.edwards@eni.com,CMP_PAST_SUSTAINABLE_ENGINEERING,Click,https://example.com?utm_source=mailchimp&utm_campaign=email-sustainable_engineering-5,2025-12-28 04:10:29.971412
51097da7-d78a-47ac-a18d-e7a6da163d94,richard.robertson@eni.com,CMP_PAST_ASSET_OPTIMIZATION,Open,https://example.com?utm_source=mailchimp&utm_campaign=email-asset_optimization-7,2026-01-09 01:49:27.971412
ce7db811-8510-4951-9977-64aa61a2871f,richard.robertson@eni.com,CMP_PAST_ASSET_OPTIMIZATION,Click,https://example.com?utm_source=mailchimp&utm_campaign=email-asset_optimization-7,2026-01-09 01:51:21.971412
cf6627fd-f43b-4477-9bee-ad39705de7bf,vanessa.sandoval@petrobras.com,CMP_PAST_SUSTAINABLE_ENGINEERING,Open,https://example.com?utm_source=mailchimp&utm_campaign=email-sustainable_engineering-1,2025-06-12 10:48:11.971412
ece344f7-ee79-4598-b108-23c7e7721120,vanessa.sandoval@petrobras.com,CMP_PAST_SUSTAINABLE_ENGINEERING,Open,https://example.com?utm_source=mailchimp&utm_campaign=email-sustainable_engineering-5,2025-12-28 04:44:34.971412
69cda52c-ee36-4e05-adaf-62e29d604cf7,katherine.garrett@petrobras.com,CMP_PAST_ASSET_OPTIMIZATION,Open,https://example.com?utm_source=mailchimp&utm_campaign=email-asset_optimization-2,2025-05-02 03:36:02.971412
2cb3f48d-1af9-4cd9-b2ff-1edc3959fdf5,katherine.garrett@petrobras.com,CMP_PAST_ASSET_OPTIMIZATION,Open,https://example.com?utm_source=mailchimp&utm_campaign=email-asset_optimization-6,2025-11-22 15:20:18.971412
31cb8cb9-c823-4609-9df5-4515f6d1e520,kathleen.harris@petrobras.com,CMP_PAST_SUSTAINABLE_ENGINEERING,Open,https://example.com?utm_source=mailchimp&utm_campaign=email-sustainable_engineering-6,2026-02-22 22:34:39.971412
df44f593-9694-40fc-93ea-1035d37f7c4a,kathleen.harris@petrobras.com,CMP_PAST_SUSTAINABLE_ENGINEERING,Open,https://example.com?utm_source=mailchimp&utm_campaign=email-sustainable_engineering-6,2026-02-23 09:34:39.971412
09f91104-29fe-403e-b4f7-6ad0b7d64022,samuel.wolfe@petrobras.com,CMP_PAST_SUSTAINABLE_ENGINEERING,Open,https://example.com?utm_source=mailchimp&utm_campaign=email-sustainable_engineering-4,2025-11-18 01:48:01.971412
5a3ddddc-f6cd-4155-a68e-80befb2d90f9,samuel.wolfe@petrobras.com,CMP_PAST_SUSTAINABLE_ENGINEERING,Open,https://example.com?utm_source=mailchimp&utm_campaign=email-sustainable_engineering-1,2025-06-12 03:16:22.971412
585c612a-aa54-4eb0-bd51-eda3e0e6e3bd,samuel.wolfe@petrobras.com,CMP_PAST_SUSTAINABLE_ENGINEERING,Open,https://example.com?utm_source=mailchimp&utm_campaign=email-sustainable_engineering-1,2025-06-13 04:16:22.971412
62f7e5ad-30f8-4649-880f-d25c39b54fc6,chelsea.allen@petrobras.com,CMP_PAST_SUSTAINABLE_ENGINEERING,Open,https://example.com?utm_source=mailchimp&utm_campaign=email-sustainable_engineering-3,2025-10-05 19:45:07.971412
c7ca9f4f-1d18-43d0-a3da-3f3d03083b63,eric.pierce@petrobras.com,CMP_PAST_SUSTAINABLE_ENGINEERING,Open,https://example.com?utm_source=mailchimp&utm_campaign=email-sustainable_engineering-1,2025-06-12 21:55:22.971412
424eb561-da48-4ca3-b63f-becde695056c,eric.pierce@petrobras.com,CMP_PAST_SUSTAINABLE_ENGINEERING,Open,https://example.com?utm_source=mailchimp&utm_campaign=email-sustainable_engineering-4,2025-11-18 10:56:59.971412
b4f71e71-f337-4d27-bd8d-6da3c9ff4925,eric.pierce@petrobras.com,CMP_PAST_SUSTAINABLE_ENGINEERING,Open,https://example.com?utm_source=mailchimp&utm_campaign=email-sustainable_engineering-7,2026-04-30 14:07:37.971412
86db2ffb-2605-47ed-b4cc-a3d99d6b3672,eric.pierce@petrobras.com,CMP_PAST_SUSTAINABLE_ENGINEERING,Open,https://example.com?utm_source=mailchimp&utm_campaign=email-sustainable_engineering-7,2026-05-02 06:07:37.971412
efaa2645-2706-4924-869e-73c8c6f1e6f9,eric.pierce@petrobras.com,CMP_PAST_SUSTAINABLE_ENGINEERING,Open,https://example.com?utm_source=mailchimp&utm_campaign=email-sustainable_engineering-7,2026-05-02 06:07:37.971412
b5adc840-482a-4e26-afc7-373c7d57bf76,eric.pierce@petrobras.com,CMP_PAST_SUSTAINABLE_ENGINEERING,Open,https://example.com?utm_source=mailchimp&utm_campaign=email-sustainable_engineering-6,2026-02-19 15:43:43.971412
040057f4-9022-499c-96aa-870ce648f4c2,eric.pierce@petrobras.com,CMP_PAST_SUSTAINABLE_ENGINEERING,Open,https://example.com?utm_source=mailchimp&utm_campaign=email-sustainable_engineering-6,2026-02-20 14:43:43.971412
8fff44c6-180b-4a5f-bddd-6997e727e1cf,eric.pierce@petrobras.com,CMP_PAST_SUSTAINABLE_ENGINEERING,Open,https://example.com?utm_source=mailchimp&utm_campaign=email-sustainable_engineering-2,2025-08-12 06:06:50.971412
41679832-0ac8-4f74-9c85-dcdf247485bf,eric.pierce@petrobras.com,CMP_PAST_SUSTAINABLE_ENGINEERING,Click,https://example.com?utm_source=mailchimp&utm_campaign=email-sustainable_engineering-2,2025-08-12 06:08:18.971412
e66c6f89-f30b-4354-8bae-39cf61a40ffe,eric.pierce@petrobras.com,CMP_PAST_SUSTAINABLE_ENGINEERING,Open,https://example.com?utm_source=mailchimp&utm_campaign=email-sustainable_engineering-3,2025-10-03 12:09:33.971412
3a434604-ab44-46e8-bf62-11fbabe290e8,eric.pierce@petrobras.com,CMP_PAST_SUSTAINABLE_ENGINEERING,Open,https://example.com?utm_source=mailchimp&utm_campaign=email-sustainable_engineering-3,2025-10-04 05:09:33.971412
61b8bba6-2400-49c7-a3b7-835ea08446eb,eric.pierce@petrobras.com,CMP_PAST_SUSTAINABLE_ENGINEERING,Open,https://example.com?utm_source=mailchimp&utm_campaign=email-sustainable_engineering-3,2025-10-05 02:09:33.971412
69915210-3db7-4302-adf3-d1663181d780,eric.pierce@petrobras.com,CMP_PAST_SUSTAINABLE_ENGINEERING,Click,https://example.com?utm_source=mailchimp&utm_campaign=email-sustainable_engineering-3,2025-10-03 12:11:06.971412
657c808a-25af-4227-8526-c1fc92c5b0e8,eric.pierce@petrobras.com,CMP_PAST_SUSTAINABLE_ENGINEERING,Open,https://example.com?utm_source=mailchimp&utm_campaign=email-sustainable_engineering-5,2025-12-28 03:11:35.971412
2edb4cd6-1849-4689-ab6e-5ae75e499445,eric.pierce@petrobras.com,CMP_PAST_SUSTAINABLE_ENGINEERING,Open,https://example.com?utm_source=mailchimp&utm_campaign=email-sustainable_engineering-5,2025-12-30 02:11:35.971412
02fa6357-2a92-4d70-bdf4-77fc89bdbc14,andrea.davis@petrobras.com,CMP_LIVE_DECARBONIZATION_25_26,Open,https://example.com?utm_source=mailchimp&utm_campaign=email-live_decarbonization_25_26-3,2026-08-19 10:05:06.971412
4f40ea07-db65-4948-a4bc-58660c222ee8,andrea.davis@petrobras.com,CMP_LIVE_DECARBONIZATION_25_26,Open,https://example.com?utm_source=mailchimp&utm_campaign=email-live_decarbonization_25_26-2,2026-05-15 03:29:37.971412
8d0bba80-ab28-45d8-9025-d30ecd08eafc,andrea.davis@petrobras.com,CMP_LIVE_DECARBONIZATION_25_26,Click,https://example.com?utm_source=mailchimp&utm_campaign=email-live_decarbonization_25_26-2,2026-05-15 03:31:41.971412
4befc03e-8d5f-4f80-92e9-71f0235ab3a2,andrea.davis@petrobras.com,CMP_LIVE_DECARBONIZATION_25_26,Open,https://example.com?utm_source=mailchimp&utm_campaign=email-live_decarbonization_25_26-4,2026-09-08 04:48:00.971412
444fcd6d-b492-4a2d-a5fb-2ffccc4afc99,victoria.durham@petrobras.com,CMP_LIVE_DIGITAL_TWIN,Open,https://example.com?utm_source=mailchimp&utm_campaign=email-digital_twin-4,2026-06-07 15:06:38.971412
6f6e0f45-90bc-4673-a30d-e9261968533b,victoria.durham@petrobras.com,CMP_LIVE_DIGITAL_TWIN,Open,https://example.com?utm_source=mailchimp&utm_campaign=email-digital_twin-4,2026-06-07 18:06:38.971412
c6623c57-0a8f-4237-85a6-a1c7655f8f4b,victoria.durham@petrobras.com,CMP_LIVE_DIGITAL_TWIN,Open,https://example.com?utm_source=mailchimp&utm_campaign=email-digital_twin-5,2026-06-28 02:39:17.971412
b1cd74c1-58ec-4ca5-bbb0-e65f64e20cd4,victoria.durham@petrobras.com,CMP_LIVE_DIGITAL_TWIN,Click,https://example.com?utm_source=mailchimp&utm_campaign=email-digital_twin-5,2026-06-28 02:41:02.971412
72410b82-12e7-4688-bf38-af93963930ec,victoria.durham@petrobras.com,CMP_LIVE_DIGITAL_TWIN,Open,https://example.com?utm_source=mailchimp&utm_campaign=email-digital_twin-1,2025-12-17 22:57:50.971412
46dd513c-49e4-40e3-8996-5b073bc16e5e,victoria.durham@petrobras.com,CMP_LIVE_DIGITAL_TWIN,Open,https://example.com?utm_source=mailchimp&utm_campaign=email-digital_twin-1,2025-12-19 00:57:50.971412
6d27f0d2-0778-44e2-87ef-5ef660301cd7,steven.wilson@petrobras.com,CMP_LIVE_HYDROGEN_INFRASTRUCTURE,Open,https://example.com?utm_source=mailchimp&utm_campaign=email-hydrogen_infrastructure-3,2026-01-02 09:14:30.971412
b41978e9-db76-4905-a9ba-2d94e7964d52,steven.wilson@petrobras.com,CMP_LIVE_HYDROGEN_INFRASTRUCTURE,Open,https://example.com?utm_source=mailchimp&utm_campaign=email-hydrogen_infrastructure-4,2026-03-04 03:39:16.971412
b0f44806-77c1-463c-9122-ff089725df18,steven.wilson@petrobras.com,CMP_LIVE_HYDROGEN_INFRASTRUCTURE,Click,https://example.com?utm_source=mailchimp&utm_campaign=email-hydrogen_infrastructure-4,2026-03-04 03:41:29.971412
afc7500e-64dc-4829-bd4f-dff3366d4d9f,steven.wilson@petrobras.com,CMP_LIVE_HYDROGEN_INFRASTRUCTURE,Open,https://example.com?utm_source=mailchimp&utm_campaign=email-hydrogen_infrastructure-5,2026-04-16 09:13:56.971412
59f9f0ae-efed-44a6-a87e-ce3b6a73a7dd,marilyn.jimenez@petrobras.com,CMP_LIVE_HYDROGEN_INFRASTRUCTURE,Open,https://example.com?utm_source=mailchimp&utm_campaign=email-hydrogen_infrastructure-5,2026-04-06 03:09:45.971412
028a5b69-9452-4dc7-98ba-e26f81a77bcd,jennifer.hicks@petrobras.com,CMP_PAST_ASSET_OPTIMIZATION,Open,https://example.com?utm_source=mailchimp&utm_campaign=email-asset_optimization-6,2025-12-03 15:19:58.971412
d38256b9-8e0e-409f-81c7-7b7e29e70591,joshua.tyler@petrobras.com,CMP_LIVE_DECARBONIZATION_25_26,Open,https://example.com?utm_source=mailchimp&utm_campaign=email-live_decarbonization_25_26-3,2026-07-17 21:35:11.971412
5da38406-658b-4775-8a6f-f75175ae5f90,joshua.tyler@petrobras.com,CMP_LIVE_DECARBONIZATION_25_26,Open,https://example.com?utm_source=mailchimp&utm_campaign=email-live_decarbonization_25_26-3,2026-07-19 12:35:11.971412
b1fee043-9ac0-4194-b2dd-cc8d69a73004,joshua.tyler@petrobras.com,CMP_LIVE_DECARBONIZATION_25_26,Click,https://example.com?utm_source=mailchimp&utm_campaign=email-live_decarbonization_25_26-3,2026-07-17 21:37:18.971412
aa3d72bc-7a9b-49f3-8edb-df02402b3ef0,joshua.tyler@petrobras.com,CMP_LIVE_DECARBONIZATION_25_26,Open,https://example.com?utm_source=mailchimp&utm_campaign=email-live_decarbonization_25_26-2,2026-05-27 09:03:00.971412
0341c157-53dd-4254-aa41-768489768fe6,joshua.tyler@petrobras.com,CMP_LIVE_DECARBONIZATION_25_26,Open,https://example.com?utm_source=mailchimp&utm_campaign=email-live_decarbonization_25_26-1,2026-04-26 19:56:34.971412
caf6f1e1-f255-45be-9c58-60ce2bd820d8,joshua.tyler@petrobras.com,CMP_LIVE_DECARBONIZATION_25_26,Open,https://example.com?utm_source=mailchimp&utm_campaign=email-live_decarbonization_25_26-4,2026-09-08 11:35:28.971412
03747ecb-9b47-4481-adbd-3ceda15a7c00,joshua.tyler@petrobras.com,CMP_LIVE_DECARBONIZATION_25_26,Open,https://example.com?utm_source=mailchimp&utm_campaign=email-live_decarbonization_25_26-4,2026-09-08 01:47:12.971412
cee86d17-1eaf-4d46-9ef8-1c52830eb370,william.hoover@petrobras.com,CMP_LIVE_DECARBONIZATION_25_26,Open,https://example.com?utm_source=mailchimp&utm_campaign=email-live_decarbonization_25_26-2,2026-06-24 14:57:11.971412
9b974898-7b9c-4b2e-b3bd-5e6ed13fd868,william.hoover@petrobras.com,CMP_LIVE_DECARBONIZATION_25_26,Click,https://example.com?utm_source=mailchimp&utm_campaign=email-live_decarbonization_25_26-2,2026-06-24 14:58:00.971412
70717086-4f7c-4ccf-bed1-cecfc2c5d7a1,william.hoover@petrobras.com,CMP_LIVE_DECARBONIZATION_25_26,Open,https://example.com?utm_source=mailchimp&utm_campaign=email-live_decarbonization_25_26-1,2026-03-19 11:38:46.971412
67b1bd60-7609-4064-a090-5ebee70c7673,william.hoover@petrobras.com,CMP_LIVE_DECARBONIZATION_25_26,Open,https://example.com?utm_source=mailchimp&utm_campaign=email-live_decarbonization_25_26-1,2026-03-20 01:38:46.971412
e6e6832d-13e2-4b72-9b75-8f759b2d2ce9,william.hoover@petrobras.com,CMP_LIVE_DECARBONIZATION_25_26,Open,https://example.com?utm_source=mailchimp&utm_campaign=email-live_decarbonization_25_26-3,2026-08-07 14:48:09.971412
1d631425-e232-4e77-af4f-6a58517fde2d,william.hoover@petrobras.com,CMP_LIVE_DECARBONIZATION_25_26,Click,https://example.com?utm_source=mailchimp&utm_campaign=email-live_decarbonization_25_26-3,2026-08-07 14:50:59.971412
cdac44ae-60f6-4dc6-a066-10e09bc1b129,justin.evans@petrobras.com,CMP_PAST_SUSTAINABLE_ENGINEERING,Open,https://example.com?utm_source=mailchimp&utm_campaign=email-sustainable_engineering-1,2025-06-13 03:39:10.971412
b3d36d7c-9754-4469-a149-2913518fb10c,justin.evans@petrobras.com,CMP_PAST_SUSTAINABLE_ENGINEERING,Click,https://example.com?utm_source=mailchimp&utm_campaign=email-sustainable_engineering-1,2025-06-13 03:41:26.971412
79f1cfd4-fd78-4f6c-86cf-0955b2da37e9,justin.evans@petrobras.com,CMP_PAST_SUSTAINABLE_ENGINEERING,Open,https://example.com?utm_source=mailchimp&utm_campaign=email-sustainable_engineering-4,2025-12-24 23:47:02.971412
8c1b3ad1-182c-40a8-84f0-56bc0488852c,justin.evans@petrobras.com,CMP_PAST_SUSTAINABLE_ENGINEERING,Open,https://example.com?utm_source=mailchimp&utm_campaign=email-sustainable_engineering-6,2026-03-10 03:45:52.971412
44a82805-6a51-4e41-ab08-027dd17b05f4,justin.evans@petrobras.com,CMP_PAST_SUSTAINABLE_ENGINEERING,Open,https://example.com?utm_source=mailchimp&utm_campaign=email-sustainable_engineering-5,2026-01-31 19:50:01.971412
880b0365-4676-4682-bb7f-dabdc8e2bdd7,justin.evans@petrobras.com,CMP_PAST_SUSTAINABLE_ENGINEERING,Open,https://example.com?utm_source=mailchimp&utm_campaign=email-sustainable_engineering-3,2025-10-04 02:39:32.971412
a0d90590-67b3-4837-8346-f8e7bc23cebd,justin.evans@petrobras.com,CMP_PAST_SUSTAINABLE_ENGINEERING,Open,https://example.com?utm_source=mailchimp&utm_campaign=email-sustainable_engineering-3,2025-10-05 09:39:32.971412
7f676bb0-c2cb-4362-861d-5c2deb675e57,justin.evans@petrobras.com,CMP_PAST_SUSTAINABLE_ENGINEERING,Open,https://example.com?utm_source=mailchimp&utm_campaign=email-sustainable_engineering-7,2026-05-01 14:20:59.971412
5d07e23f-ea8f-41df-8fc5-833293e5a49b,justin.evans@petrobras.com,CMP_PAST_SUSTAINABLE_ENGINEERING,Open,https://example.com?utm_source=mailchimp&utm_campaign=email-sustainable_engineering-7,2026-05-02 15:20:59.971412
21de300c-d1b4-41a5-b714-3d2c0a276c30,brenda.duarte@petrobras.com,CMP_LIVE_HYDROGEN_INFRASTRUCTURE,Open,https://example.com?utm_source=mailchimp&utm_campaign=email-hydrogen_infrastructure-7,2026-08-15 14:22:52.971412
062704da-6a47-4820-9c10-8bc5d29f6186,brenda.duarte@petrobras.com,CMP_LIVE_HYDROGEN_INFRASTRUCTURE,Open,https://example.com?utm_source=mailchimp&utm_campaign=email-hydrogen_infrastructure-7,2026-08-17 06:22:52.971412
fbc57bfb-c491-42f3-b33f-d3c0e4f92f9d,brenda.duarte@petrobras.com,CMP_LIVE_HYDROGEN_INFRASTRUCTURE,Open,https://example.com?utm_source=mailchimp&utm_campaign=email-hydrogen_infrastructure-7,2026-08-17 04:22:52.971412
3af62262-dc32-4c26-bc1f-7f5619948a3d,brenda.duarte@petrobras.com,CMP_LIVE_HYDROGEN_INFRASTRUCTURE,Click,https://example.com?utm_source=mailchimp&utm_campaign=email-hydrogen_infrastructure-7,2026-08-15 14:24:27.971412
35981047-1c05-4706-a87c-469c4e4bd322,amanda.reed@petrobras.com,CMP_PAST_ASSET_OPTIMIZATION,Open,https://example.com?utm_source=mailchimp&utm_campaign=email-asset_optimization-6,2025-11-19 01:47:38.971412
474174af-6b82-4ff8-bd93-9581d91a8eed,amanda.reed@petrobras.com,CMP_PAST_ASSET_OPTIMIZATION,Open,https://example.com?utm_source=mailchimp&utm_campaign=email-asset_optimization-6,2025-11-19 16:47:38.971412
4e927869-803b-4a46-8e52-1066d3f5346e,amanda.reed@petrobras.com,CMP_PAST_ASSET_OPTIMIZATION,Open,https://example.com?utm_source=mailchimp&utm_campaign=email-asset_optimization-6,2025-11-20 13:47:38.971412
2ecc0225-3aa7-4499-ae44-0f943a418730,amanda.reed@petrobras.com,CMP_PAST_ASSET_OPTIMIZATION,Open,https://example.com?utm_source=mailchimp&utm_campaign=email-asset_optimization-2,2025-05-06 01:06:45.971412
7c3e69d1-064c-4c08-ac6c-cea87487478c,andrea.daniels@petrobras.com,CMP_LIVE_HYDROGEN_INFRASTRUCTURE,Open,https://example.com?utm_source=mailchimp&utm_campaign=email-hydrogen_infrastructure-7,2026-07-13 02:31:40.971412
b51cd3c0-6c5f-46e8-aef3-70adb06831c3,stanley.morris@petrobras.com,CMP_LIVE_HYDROGEN_INFRASTRUCTURE,Open,https://example.com?utm_source=mailchimp&utm_campaign=email-hydrogen_infrastructure-5,2026-05-13 02:53:56.971412
2799c5ef-89fd-46ec-9283-553138012d58,stanley.morris@petrobras.com,CMP_LIVE_HYDROGEN_INFRASTRUCTURE,Open,https://example.com?utm_source=mailchimp&utm_campaign=email-hydrogen_infrastructure-3,2026-01-19 04:56:17.971412
518c229f-78f5-408c-91ef-e5febd0a696b,stanley.morris@petrobras.com,CMP_LIVE_HYDROGEN_INFRASTRUCTURE,Click,https://example.com?utm_source=mailchimp&utm_campaign=email-hydrogen_infrastructure-3,2026-01-19 04:57:17.971412
178e4686-48ad-4e31-a2e4-3977f9a6e14e,stanley.morris@petrobras.com,CMP_LIVE_HYDROGEN_INFRASTRUCTURE,Open,https://example.com?utm_source=mailchimp&utm_campaign=email-hydrogen_infrastructure-1,2025-11-02 16:09:28.971412
ed0f5154-314d-4f89-a9f4-fe1fc2d5ee22,stanley.morris@petrobras.com,CMP_LIVE_HYDROGEN_INFRASTRUCTURE,Open,https://example.com?utm_source=mailchimp&utm_campaign=email-hydrogen_infrastructure-2,2025-11-01 16:14:59.971412
89c16d76-60fd-4393-8582-2a654aa765cd,stanley.morris@petrobras.com,CMP_LIVE_HYDROGEN_INFRASTRUCTURE,Open,https://example.com?utm_source=mailchimp&utm_campaign=email-hydrogen_infrastructure-8,2026-09-01 15:40:55.971412
5cc68bee-8411-4323-926f-4b6b66f93ed6,stanley.morris@petrobras.com,CMP_LIVE_HYDROGEN_INFRASTRUCTURE,Open,https://example.com?utm_source=mailchimp&utm_campaign=email-hydrogen_infrastructure-8,2026-09-01 21:40:55.971412
d9f8a7f5-5292-49cb-9eb6-55d7e0f70929,stanley.morris@petrobras.com,CMP_LIVE_HYDROGEN_INFRASTRUCTURE,Open,https://example.com?utm_source=mailchimp&utm_campaign=email-hydrogen_infrastructure-7,2026-08-16 06:57:18.971412
070da444-e8e2-470c-98c9-5ce4f3857a69,stanley.morris@petrobras.com,CMP_LIVE_HYDROGEN_INFRASTRUCTURE,Open,https://example.com?utm_source=mailchimp&utm_campaign=email-hydrogen_infrastructure-7,2026-08-17 19:57:18.971412
82e852da-1af8-4a2a-8e09-adc856a46e7d,jacob.terry@petrobras.com,CMP_LIVE_DIGITAL_TWIN,Open,https://example.com?utm_source=mailchimp&utm_campaign=email-digital_twin-5,2026-07-10 13:39:40.971412
411688e4-d574-4463-808e-9b9ffdebb586,ashley.hall@petrobras.com,CMP_PAST_ASSET_OPTIMIZATION,Open,https://example.com?utm_source=mailchimp&utm_campaign=email-asset_optimization-4,2025-08-17 01:47:13.971412
8d87ba47-91dd-4cdf-b9f2-5be8f75e5de1,ashley.hall@petrobras.com,CMP_PAST_ASSET_OPTIMIZATION,Open,https://example.com?utm_source=mailchimp&utm_campaign=email-asset_optimization-4,2025-08-17 23:47:13.971412
e7b2b2e7-79ac-4e46-b9c5-4a42b10d46d5,ashley.hall@petrobras.com,CMP_PAST_ASSET_OPTIMIZATION,Open,https://example.com?utm_source=mailchimp&utm_campaign=email-asset_optimization-4,2025-08-17 14:47:13.971412
69e45a05-066a-4512-88ec-1f291bb06803,kimberly.williams@petrobras.com,CMP_LIVE_HYDROGEN_INFRASTRUCTURE,Open,https://example.com?utm_source=mailchimp&utm_campaign=email-hydrogen_infrastructure-2,2025-11-08 04:49:35.971412
df8b877e-774f-43eb-ace5-99708f00cb4c,kimberly.williams@petrobras.com,CMP_LIVE_HYDROGEN_INFRASTRUCTURE,Click,https://example.com?utm_source=mailchimp&utm_campaign=email-hydrogen_infrastructure-2,2025-11-08 04:50:22.971412
d608086b-e748-4e45-a055-31f1e8578c0c,kimberly.williams@petrobras.com,CMP_LIVE_HYDROGEN_INFRASTRUCTURE,Open,https://example.com?utm_source=mailchimp&utm_campaign=email-hydrogen_infrastructure-8,2026-08-29 02:05:01.971412
d85582ce-2f44-418d-84e6-5ceb644ad44a,kimberly.williams@petrobras.com,CMP_LIVE_HYDROGEN_INFRASTRUCTURE,Click,https://example.com?utm_source=mailchimp&utm_campaign=email-hydrogen_infrastructure-8,2026-08-29 02:06:10.971412
f9acd9a5-7af2-4891-bd22-ddd2491a116b,kimberly.williams@petrobras.com,CMP_LIVE_HYDROGEN_INFRASTRUCTURE,Open,https://example.com?utm_source=mailchimp&utm_campaign=email-hydrogen_infrastructure-5,2026-04-04 03:16:07.971412
d973d23f-3344-4ff1-80fb-6a5f082e3203,julie.thornton@petrobras.com,CMP_LIVE_DIGITAL_TWIN,Open,https://example.com?utm_source=mailchimp&utm_campaign=email-digital_twin-6,2026-08-29 02:42:21.971412
677731ac-5713-4060-a11b-efdbe7d3af14,julie.thornton@petrobras.com,CMP_LIVE_DIGITAL_TWIN,Open,https://example.com?utm_source=mailchimp&utm_campaign=email-digital_twin-6,2026-08-29 18:42:21.971412
bebfdd15-1259-4025-aeb2-2c75556c200d,julie.thornton@petrobras.com,CMP_LIVE_DIGITAL_TWIN,Open,https://example.com?utm_source=mailchimp&utm_campaign=email-digital_twin-1,2025-12-25 22:16:52.971412
4ebeba66-b685-4982-a4c6-eee739b8a623,julie.thornton@petrobras.com,CMP_LIVE_DIGITAL_TWIN,Click,https://example.com?utm_source=mailchimp&utm_campaign=email-digital_twin-1,2025-12-25 22:17:35.971412
9b8bccfe-1776-4a8f-9cf5-75b4e00425d1,julie.thornton@petrobras.com,CMP_LIVE_DIGITAL_TWIN,Open,https://example.com?utm_source=mailchimp&utm_campaign=email-digital_twin-3,2026-04-02 23:35:38.971412
5bab1edc-4eb7-44c0-b0d0-a50d72f4cd6e,julie.thornton@petrobras.com,CMP_LIVE_DIGITAL_TWIN,Open,https://example.com?utm_source=mailchimp&utm_campaign=email-digital_twin-3,2026-04-03 01:35:38.971412
54bb19f1-e3f5-42cb-8bd2-890b175fd0a0,lisa.hughes@petrobras.com,CMP_PAST_SUSTAINABLE_ENGINEERING,Open,https://example.com?utm_source=mailchimp&utm_campaign=email-sustainable_engineering-7,2026-04-20 02:02:08.971412
9ec31754-b360-4c20-b84b-c43eb96dd693,lisa.hughes@petrobras.com,CMP_PAST_SUSTAINABLE_ENGINEERING,Open,https://example.com?utm_source=mailchimp&utm_campaign=email-sustainable_engineering-2,2025-08-13 02:34:12.971412
64d164b3-d5db-4ddc-aef3-2ae71b9ceac6,elizabeth.hoover@petrobras.com,CMP_LIVE_HYDROGEN_INFRASTRUCTURE,Open,https://example.com?utm_source=mailchimp&utm_campaign=email-hydrogen_infrastructure-2,2025-11-06 09:33:46.971412
8697a951-9656-4d5b-8665-eea0a9e1e61e,benjamin.shaw@petrobras.com,CMP_LIVE_DECARBONIZATION_25_26,Open,https://example.com?utm_source=mailchimp&utm_campaign=email-live_decarbonization_25_26-3,2026-07-17 01:47:12.971412
effb6357-3a48-4593-984c-efb36ae7c098,benjamin.shaw@petrobras.com,CMP_LIVE_DECARBONIZATION_25_26,Click,https://example.com?utm_source=mailchimp&utm_campaign=email-live_decarbonization_25_26-3,2026-07-17 01:48:45.971412
8334d6c4-7b1c-488f-a8fb-ad475a997241,benjamin.shaw@petrobras.com,CMP_LIVE_DECARBONIZATION_25_26,Open,https://example.com?utm_source=mailchimp&utm_campaign=email-live_decarbonization_25_26-2,2026-05-12 06:05:05.971412
774c5fc0-877e-485f-b72b-7c2eedb8c28b,benjamin.shaw@petrobras.com,CMP_LIVE_DECARBONIZATION_25_26,Open,https://example.com?utm_source=mailchimp&utm_campaign=email-live_decarbonization_25_26-2,2026-05-13 21:05:05.971412
2a392f91-6fd8-4ec5-930e-731f572435ee,benjamin.shaw@petrobras.com,CMP_LIVE_DECARBONIZATION_25_26,Click,https://example.com?utm_source=mailchimp&utm_campaign=email-live_decarbonization_25_26-2,2026-05-12 06:07:02.971412
4a6879b0-22ad-4915-9547-1e7c2b266854,benjamin.shaw@petrobras.com,CMP_LIVE_DECARBONIZATION_25_26,Open,https://example.com?utm_source=mailchimp&utm_campaign=email-live_decarbonization_25_26-4,2026-09-08 01:47:19.971412
c0265d64-e0e1-40d6-bedd-dea7684c1ab7,benjamin.shaw@petrobras.com,CMP_LIVE_DECARBONIZATION_25_26,Click,https://example.com?utm_source=mailchimp&utm_campaign=email-live_decarbonization_25_26-4,2026-09-08 01:47:12.971412
1fef88cb-e7a4-49ec-a16f-57c4f2a4939e,morgan.alexander@petrobras.com,CMP_PAST_ASSET_OPTIMIZATION,Open,https://example.com?utm_source=mailchimp&utm_campaign=email-asset_optimization-5,2025-10-08 18:44:22.971412
d2417516-1de2-4173-94aa-ee70e9fcfab5,morgan.alexander@petrobras.com,CMP_PAST_ASSET_OPTIMIZATION,Open,https://example.com?utm_source=mailchimp&utm_campaign=email-asset_optimization-6,2025-12-03 01:01:24.971412
200c5c56-599a-46c2-8743-7f72a90c1636,morgan.alexander@petrobras.com,CMP_PAST_ASSET_OPTIMIZATION,Open,https://example.com?utm_source=mailchimp&utm_campaign=email-asset_optimization-6,2025-12-03 18:01:24.971412
33f14503-489f-43de-9384-b688491b83d1,morgan.alexander@petrobras.com,CMP_PAST_ASSET_OPTIMIZATION,Open,https://example.com?utm_source=mailchimp&utm_campaign=email-asset_optimization-6,2025-12-03 05:01:24.971412
20f3a90a-a6aa-4f1c-910f-7c7d5c2756c6,diana.moore@schlumberger.com,CMP_LIVE_DIGITAL_TWIN,Open,https://example.com?utm_source=mailchimp&utm_campaign=email-digital_twin-2,2026-02-01 08:10:48.971412
a602d359-a1c7-4caa-913c-5179c54d9186,norman.stewart@schlumberger.com,CMP_PAST_SUSTAINABLE_ENGINEERING,Open,https://example.com?utm_source=mailchimp&utm_campaign=email-sustainable_engineering-1,2025-06-13 12:04:38.971412
c8d6e4dc-2169-4508-b31f-72a395197ea4,norman.stewart@schlumberger.com,CMP_PAST_SUSTAINABLE_ENGINEERING,Click,https://example.com?utm_source=mailchimp&utm_campaign=email-sustainable_engineering-1,2025-06-13 12:06:15.971412
769a61c2-8164-497b-a982-ede7561bea80,jennifer.malone@schlumberger.com,CMP_PAST_ASSET_OPTIMIZATION,Open,https://example.com?utm_source=mailchimp&utm_campaign=email-asset_optimization-1,2025-03-29 09:04:32.971412
4b00099f-b32f-420c-ab19-adfc0dff5797,jennifer.malone@schlumberger.com,CMP_PAST_ASSET_OPTIMIZATION,Open,https://example.com?utm_source=mailchimp&utm_campaign=email-asset_optimization-1,2025-03-31 01:04:32.971412
c3267f7b-e9db-4ebb-9519-b71c29a6887a,jennifer.malone@schlumberger.com,CMP_PAST_ASSET_OPTIMIZATION,Click,https://example.com?utm_source=mailchimp&utm_campaign=email-asset_optimization-1,2025-03-29 09:05:25.971412
c21790cc-7175-493f-b0ee-4abd6723d193,monique.johnson@schlumberger.com,CMP_LIVE_DECARBONIZATION_25_26,Open,https://example.com?utm_source=mailchimp&utm_campaign=email-live_decarbonization_25_26-3,2026-07-17 06:47:00.971412
b3cff14b-136d-45f4-bcb2-eddc636246a7,monique.johnson@schlumberger.com,CMP_LIVE_DECARBONIZATION_25_26,Open,https://example.com?utm_source=mailchimp&utm_campaign=email-live_decarbonization_25_26-4,2026-09-08 03:49:39.971412
ae69e806-9c65-460a-9102-451fb260cc03,monique.johnson@schlumberger.com,CMP_LIVE_DECARBONIZATION_25_26,Open,https://example.com?utm_source=mailchimp&utm_campaign=email-live_decarbonization_25_26-1,2026-03-13 02:48:59.971412
defcf51f-84f6-411e-84c5-a89e45da2068,monique.johnson@schlumberger.com,CMP_LIVE_DECARBONIZATION_25_26,Open,https://example.com?utm_source=mailchimp&utm_campaign=email-live_decarbonization_25_26-1,2026-03-14 12:48:59.971412
3ce132ec-7ff8-4b1b-a006-70da04b26b4d,casey.welch@schlumberger.com,CMP_LIVE_HYDROGEN_INFRASTRUCTURE,Open,https://example.com?utm_source=mailchimp&utm_campaign=email-hydrogen_infrastructure-5,2026-04-07 15:01:35.971412
8992b34b-ea0e-490e-a1ec-590da8dbfdec,samantha.bright@schlumberger.com,CMP_LIVE_DECARBONIZATION_25_26,Open,https://example.com?utm_source=mailchimp&utm_campaign=email-live_decarbonization_25_26-4,2026-09-08 08:35:14.971412
a30bc815-b55c-4419-b4af-704850391806,samantha.bright@schlumberger.com,CMP_LIVE_DECARBONIZATION_25_26,Click,https://example.com?utm_source=mailchimp&utm_campaign=email-live_decarbonization_25_26-4,2026-09-08 01:47:12.971412
0619dcb3-9ea4-4268-8323-bc2c42653121,samantha.bright@schlumberger.com,CMP_LIVE_DECARBONIZATION_25_26,Open,https://example.com?utm_source=mailchimp&utm_campaign=email-live_decarbonization_25_26-3,2026-08-23 05:00:43.971412
fada7ef1-785b-4701-90d7-1f6ba36b3ee0,samantha.bright@schlumberger.com,CMP_LIVE_DECARBONIZATION_25_26,Open,https://example.com?utm_source=mailchimp&utm_campaign=email-live_decarbonization_25_26-3,2026-08-24 16:00:43.971412
ba63c56c-2446-4b5e-a7fd-aa0468ab3192,samantha.bright@schlumberger.com,CMP_LIVE_DECARBONIZATION_25_26,Click,https://example.com?utm_source=mailchimp&utm_campaign=email-live_decarbonization_25_26-3,2026-08-23 05:01:14.971412
8b228081-e216-4f31-9e05-823d1c4dfa9c,samantha.bright@schlumberger.com,CMP_LIVE_DECARBONIZATION_25_26,Open,https://example.com?utm_source=mailchimp&utm_campaign=email-live_decarbonization_25_26-1,2026-03-13 06:50:42.971412
943e4dbf-6d57-4d9e-9fd7-85e6066f00fb,samantha.bright@schlumberger.com,CMP_LIVE_DECARBONIZATION_25_26,Open,https://example.com?utm_source=mailchimp&utm_campaign=email-live_decarbonization_25_26-1,2026-03-15 01:50:42.971412
e1ac0db2-f7fc-4d44-b690-02b21fce30a0,samantha.bright@schlumberger.com,CMP_LIVE_DECARBONIZATION_25_26,Click,https://example.com?utm_source=mailchimp&utm_campaign=email-live_decarbonization_25_26-1,2026-03-13 06:52:58.971412
28d61c7b-c29d-4ff4-bfb6-366805ab31cc,julie.hamilton@schlumberger.com,CMP_LIVE_DECARBONIZATION_25_26,Open,https://example.com?utm_source=mailchimp&utm_campaign=email-live_decarbonization_25_26-2,2026-05-15 09:48:15.971412
f622356e-98e6-4a64-9d9b-54f3c022a963,julie.hamilton@schlumberger.com,CMP_LIVE_DECARBONIZATION_25_26,Open,https://example.com?utm_source=mailchimp&utm_campaign=email-live_decarbonization_25_26-3,2026-07-29 07:40:06.971412
1eaf4bde-46a7-4d0c-a430-c5a56a7d5b07,julie.hamilton@schlumberger.com,CMP_LIVE_DECARBONIZATION_25_26,Open,https://example.com?utm_source=mailchimp&utm_campaign=email-live_decarbonization_25_26-3,2026-07-30 12:40:06.971412
af4e395c-4bbc-4a12-acca-4561fb787ad6,julie.hamilton@schlumberger.com,CMP_LIVE_DECARBONIZATION_25_26,Click,https://example.com?utm_source=mailchimp&utm_campaign=email-live_decarbonization_25_26-3,2026-07-29 07:41:40.971412
ed5b8078-38e4-46da-bba0-9138e08495f2,julie.hamilton@schlumberger.com,CMP_LIVE_DECARBONIZATION_25_26,Open,https://example.com?utm_source=mailchimp&utm_campaign=email-live_decarbonization_25_26-4,2026-09-08 20:57:47.971412
9d85302d-f024-4cfc-bb14-c7473bef8cdf,julie.hamilton@schlumberger.com,CMP_LIVE_DECARBONIZATION_25_26,Click,https://example.com?utm_source=mailchimp&utm_campaign=email-live_decarbonization_25_26-4,2026-09-08 01:47:12.971412
6274f395-7161-4a9e-b312-0c03571f5c44,monique.wallace@schlumberger.com,CMP_PAST_SUSTAINABLE_ENGINEERING,Open,https://example.com?utm_source=mailchimp&utm_campaign=email-sustainable_engineering-3,2025-10-03 05:27:24.971412
f9e6a50f-d76c-4ea9-aa7e-d67f378f6c0a,monique.wallace@schlumberger.com,CMP_PAST_SUSTAINABLE_ENGINEERING,Open,https://example.com?utm_source=mailchimp&utm_campaign=email-sustainable_engineering-3,2025-10-04 16:27:24.971412
955c5f91-8c48-4896-955a-d31131232fd8,monique.wallace@schlumberger.com,CMP_PAST_SUSTAINABLE_ENGINEERING,Click,https://example.com?utm_source=mailchimp&utm_campaign=email-sustainable_engineering-3,2025-10-03 05:28:49.971412
c4be5c89-c2bd-4f91-bcdf-f2fdb820ed45,heather.berger@schlumberger.com,CMP_LIVE_DIGITAL_TWIN,Open,https://example.com?utm_source=mailchimp&utm_campaign=email-digital_twin-6,2026-08-29 01:47:24.971412
5f97d769-71ac-47a6-93a2-09a1853adeca,heather.berger@schlumberger.com,CMP_LIVE_DIGITAL_TWIN,Open,https://example.com?utm_source=mailchimp&utm_campaign=email-digital_twin-6,2026-08-29 05:47:24.971412
523cf3eb-7f4e-478f-ace5-978da362371c,heather.berger@schlumberger.com,CMP_LIVE_DIGITAL_TWIN,Click,https://example.com?utm_source=mailchimp&utm_campaign=email-digital_twin-6,2026-08-29 01:50:22.971412
d7b98737-d4ba-4dcd-9852-fe18895f7e1e,dustin.schmidt@schlumberger.com,CMP_PAST_ASSET_OPTIMIZATION,Open,https://example.com?utm_source=mailchimp&utm_campaign=email-asset_optimization-2,2025-05-02 05:26:08.971412
2d127a6b-d9c0-4ba8-9e19-df97b74bb6eb,ashlee.sparks@schlumberger.com,CMP_LIVE_DECARBONIZATION_25_26,Open,https://example.com?utm_source=mailchimp&utm_campaign=email-live_decarbonization_25_26-4,2026-09-08 09:43:34.971412
21825fbf-c8ef-41e3-8027-47732ec8fab1,ashlee.sparks@schlumberger.com,CMP_LIVE_DECARBONIZATION_25_26,Open,https://example.com?utm_source=mailchimp&utm_campaign=email-live_decarbonization_25_26-1,2026-03-18 09:13:10.971412
4428c616-a96f-490f-a846-22d0954b8d21,ashlee.sparks@schlumberger.com,CMP_LIVE_DECARBONIZATION_25_26,Open,https://example.com?utm_source=mailchimp&utm_campaign=email-live_decarbonization_25_26-3,2026-07-17 02:08:02.971412
e9196b54-dda7-462c-b287-58bff06adf34,ashlee.sparks@schlumberger.com,CMP_LIVE_DECARBONIZATION_25_26,Open,https://example.com?utm_source=mailchimp&utm_campaign=email-live_decarbonization_25_26-2,2026-05-12 03:20:19.971412
7b47306b-2f19-461a-95bd-247e6c47d79c,ashlee.sparks@schlumberger.com,CMP_LIVE_DECARBONIZATION_25_26,Open,https://example.com?utm_source=mailchimp&utm_campaign=email-live_decarbonization_25_26-2,2026-05-12 15:20:19.971412
a2d2f6a4-ce23-4aae-ac9c-207f944bb4ca,george.miller@schlumberger.com,CMP_LIVE_HYDROGEN_INFRASTRUCTURE,Open,https://example.com?utm_source=mailchimp&utm_campaign=email-hydrogen_infrastructure-8,2026-09-01 18:44:01.971412
e81a1e25-f80c-4616-b4fe-e1acf7c0389b,george.miller@schlumberger.com,CMP_LIVE_HYDROGEN_INFRASTRUCTURE,Click,https://example.com?utm_source=mailchimp&utm_campaign=email-hydrogen_infrastructure-8,2026-09-01 18:46:36.971412
41420180-1c08-4f8a-ac63-b729c427db72,george.miller@schlumberger.com,CMP_LIVE_HYDROGEN_INFRASTRUCTURE,Open,https://example.com?utm_source=mailchimp&utm_campaign=email-hydrogen_infrastructure-5,2026-04-04 02:09:41.971412
54de16d3-44d7-46a4-85e5-2e0440710276,george.miller@schlumberger.com,CMP_LIVE_HYDROGEN_INFRASTRUCTURE,Click,https://example.com?utm_source=mailchimp&utm_campaign=email-hydrogen_infrastructure-5,2026-04-04 02:11:31.971412
05b2e7ce-dea0-41f9-b314-60fad7821346,george.miller@schlumberger.com,CMP_LIVE_HYDROGEN_INFRASTRUCTURE,Open,https://example.com?utm_source=mailchimp&utm_campaign=email-hydrogen_infrastructure-1,2025-09-20 01:47:43.971412
c680f6ab-e57e-4531-9519-1de5eb3b27cf,george.miller@schlumberger.com,CMP_LIVE_HYDROGEN_INFRASTRUCTURE,Open,https://example.com?utm_source=mailchimp&utm_campaign=email-hydrogen_infrastructure-1,2025-09-21 07:47:43.971412
2121fc9f-89c8-4151-82f2-4b6c8f124d25,george.miller@schlumberger.com,CMP_LIVE_HYDROGEN_INFRASTRUCTURE,Open,https://example.com?utm_source=mailchimp&utm_campaign=email-hydrogen_infrastructure-7,2026-07-19 21:17:38.971412
e551b66a-69da-4021-9c29-392c34e9ea21,george.miller@schlumberger.com,CMP_LIVE_HYDROGEN_INFRASTRUCTURE,Open,https://example.com?utm_source=mailchimp&utm_campaign=email-hydrogen_infrastructure-6,2026-06-26 19:19:19.971412
ab48f2d6-07de-42d4-8f68-85f883365677,george.miller@schlumberger.com,CMP_LIVE_HYDROGEN_INFRASTRUCTURE,Open,https://example.com?utm_source=mailchimp&utm_campaign=email-hydrogen_infrastructure-6,2026-06-28 08:19:19.971412
27d8febf-c71b-4ca2-a0ef-0313dd0f4b2d,john.durham@schlumberger.com,CMP_PAST_SUSTAINABLE_ENGINEERING,Open,https://example.com?utm_source=mailchimp&utm_campaign=email-sustainable_engineering-4,2025-11-19 06:37:03.971412
f0478926-4cf1-4605-a95c-503b5bca19d7,douglas.murray@schlumberger.com,CMP_PAST_SUSTAINABLE_ENGINEERING,Open,https://example.com?utm_source=mailchimp&utm_campaign=email-sustainable_engineering-7,2026-05-10 07:09:43.971412
ee85d504-6b75-461a-9b01-e42c84361723,douglas.murray@schlumberger.com,CMP_PAST_SUSTAINABLE_ENGINEERING,Click,https://example.com?utm_source=mailchimp&utm_campaign=email-sustainable_engineering-7,2026-05-10 07:11:26.971412
ace43095-9b07-454f-bc78-68deb6c39f2f,albert.ballard@schlumberger.com,CMP_LIVE_DIGITAL_TWIN,Open,https://example.com?utm_source=mailchimp&utm_campaign=email-digital_twin-3,2026-03-26 00:43:10.971412
b87ba9f8-cdb8-4f34-a99e-ad96169ae98a,rachel.byrd@schlumberger.com,CMP_LIVE_DECARBONIZATION_25_26,Open,https://example.com?utm_source=mailchimp&utm_campaign=email-live_decarbonization_25_26-4,2026-09-08 01:47:20.971412
f6afac32-2125-40bc-8bc3-3a1dbdc21d3c,rachel.byrd@schlumberger.com,CMP_LIVE_DECARBONIZATION_25_26,Open,https://example.com?utm_source=mailchimp&utm_campaign=email-live_decarbonization_25_26-4,2026-09-08 01:47:12.971412
dc4e8eef-4c71-47bb-8087-edb1ec8eeffc,eric.alexander@schlumberger.com,CMP_LIVE_HYDROGEN_INFRASTRUCTURE,Open,https://example.com?utm_source=mailchimp&utm_campaign=email-hydrogen_infrastructure-5,2026-04-10 23:40:57.971412
03669a2c-bf30-4e0b-a101-1de22d91b9cb,eric.alexander@schlumberger.com,CMP_LIVE_HYDROGEN_INFRASTRUCTURE,Click,https://example.com?utm_source=mailchimp&utm_campaign=email-hydrogen_infrastructure-5,2026-04-10 23:41:54.971412
d9f40e55-41c6-452f-a4ac-9095789ace70,michael.matthews@schlumberger.com,CMP_PAST_ASSET_OPTIMIZATION,Open,https://example.com?utm_source=mailchimp&utm_campaign=email-asset_optimization-5,2025-10-08 16:11:26.971412
bca47ba6-318d-4d91-b1ca-39372bb1fbe7,timothy.young@schlumberger.com,CMP_PAST_SUSTAINABLE_ENGINEERING,Open,https://example.com?utm_source=mailchimp&utm_campaign=email-sustainable_engineering-7,2026-05-15 00:53:14.971412
5a6ef12d-58f7-4281-b4aa-37226e6faa3a,timothy.young@schlumberger.com,CMP_PAST_SUSTAINABLE_ENGINEERING,Open,https://example.com?utm_source=mailchimp&utm_campaign=email-sustainable_engineering-7,2026-05-16 16:53:14.971412
03fee1b8-7886-4fe5-a828-49ce0c0b486e,timothy.young@schlumberger.com,CMP_PAST_SUSTAINABLE_ENGINEERING,Click,https://example.com?utm_source=mailchimp&utm_campaign=email-sustainable_engineering-7,2026-05-15 00:53:33.971412
d068c50e-36bf-4069-99cf-24e2c674f12a,timothy.young@schlumberger.com,CMP_PAST_SUSTAINABLE_ENGINEERING,Open,https://example.com?utm_source=mailchimp&utm_campaign=email-sustainable_engineering-1,2025-06-26 00:01:40.971412
e3b384ff-4d32-4e16-b526-83e848ac2840,timothy.young@schlumberger.com,CMP_PAST_SUSTAINABLE_ENGINEERING,Open,https://example.com?utm_source=mailchimp&utm_campaign=email-sustainable_engineering-6,2026-02-19 01:48:29.971412
58635b3d-b1c3-4a1b-b8f0-87f58d9a7114,timothy.young@schlumberger.com,CMP_PAST_SUSTAINABLE_ENGINEERING,Open,https://example.com?utm_source=mailchimp&utm_campaign=email-sustainable_engineering-6,2026-02-19 04:48:29.971412
ef016c33-0a34-4c05-9536-b8c9dc28767d,ashley.andrews@schlumberger.com,CMP_LIVE_DIGITAL_TWIN,Open,https://example.com?utm_source=mailchimp&utm_campaign=email-digital_twin-4,2026-05-23 23:54:05.971412
0b74baad-f778-4db3-b478-7c879bea83a6,ashley.andrews@schlumberger.com,CMP_LIVE_DIGITAL_TWIN,Click,https://example.com?utm_source=mailchimp&utm_campaign=email-digital_twin-4,2026-05-23 23:54:23.971412
1afb4fca-5a51-460c-822a-cc288cb13025,ashley.andrews@schlumberger.com,CMP_LIVE_DIGITAL_TWIN,Open,https://example.com?utm_source=mailchimp&utm_campaign=email-digital_twin-1,2026-01-11 20:07:14.971412
274f66a7-4fd2-423f-9b80-0dbc0bfb4b16,ashley.andrews@schlumberger.com,CMP_LIVE_DIGITAL_TWIN,Open,https://example.com?utm_source=mailchimp&utm_campaign=email-digital_twin-1,2026-01-13 11:07:14.971412
ad66d5ac-c9a9-49b2-b494-2096c9d4ec08,tiffany.barrett@schlumberger.com,CMP_PAST_SUSTAINABLE_ENGINEERING,Open,https://example.com?utm_source=mailchimp&utm_campaign=email-sustainable_engineering-2,2025-09-05 16:49:59.971412
0dbf2477-fe23-47e6-a9b0-d50b1bd570b9,tiffany.barrett@schlumberger.com,CMP_PAST_SUSTAINABLE_ENGINEERING,Open,https://example.com?utm_source=mailchimp&utm_campaign=email-sustainable_engineering-4,2025-11-27 08:30:28.971412
b7cdf055-becd-4154-809b-ef3a3743569e,joshua.knight@schlumberger.com,CMP_LIVE_HYDROGEN_INFRASTRUCTURE,Open,https://example.com?utm_source=mailchimp&utm_campaign=email-hydrogen_infrastructure-3,2026-01-02 01:49:00.971412
bfb747ed-ff60-4020-b2a8-881e72c40772,gina.garner@schlumberger.com,CMP_LIVE_DECARBONIZATION_25_26,Open,https://example.com?utm_source=mailchimp&utm_campaign=email-live_decarbonization_25_26-3,2026-08-03 00:27:35.971412
fa33b440-9eca-4f69-b29c-8fa19ba4e7b2,gina.garner@schlumberger.com,CMP_LIVE_DECARBONIZATION_25_26,Open,https://example.com?utm_source=mailchimp&utm_campaign=email-live_decarbonization_25_26-3,2026-08-03 12:27:35.971412
2db19165-bc62-41d9-9a84-93904ae95095,gina.garner@schlumberger.com,CMP_LIVE_DECARBONIZATION_25_26,Click,https://example.com?utm_source=mailchimp&utm_campaign=email-live_decarbonization_25_26-3,2026-08-03 00:27:59.971412
155208c7-c485-4dbc-8f67-7aab075e10f2,gina.garner@schlumberger.com,CMP_LIVE_DECARBONIZATION_25_26,Open,https://example.com?utm_source=mailchimp&utm_campaign=email-live_decarbonization_25_26-4,2026-09-08 22:57:07.971412
930a171b-ed5a-4e6c-b7e6-8fe22ad2c12c,gina.garner@schlumberger.com,CMP_LIVE_DECARBONIZATION_25_26,Click,https://example.com?utm_source=mailchimp&utm_campaign=email-live_decarbonization_25_26-4,2026-09-08 01:47:12.971412
94495ed9-8c45-48dc-b0c6-038023aa2f0a,gina.garner@schlumberger.com,CMP_LIVE_DECARBONIZATION_25_26,Open,https://example.com?utm_source=mailchimp&utm_campaign=email-live_decarbonization_25_26-1,2026-03-23 14:10:18.971412
2b0c554d-256f-47d5-af4b-6d1ded2ccf26,catherine.gomez@halliburton.com,CMP_LIVE_DIGITAL_TWIN,Open,https://example.com?utm_source=mailchimp&utm_campaign=email-digital_twin-1,2025-12-25 07:21:27.971412
88d859a3-44d9-4845-9fdc-cd2a39da2c13,dana.oliver@halliburton.com,CMP_PAST_SUSTAINABLE_ENGINEERING,Open,https://example.com?utm_source=mailchimp&utm_campaign=email-sustainable_engineering-6,2026-03-27 23:32:34.971412
45eab717-b6b9-4474-91ee-b37f127683bd,dana.oliver@halliburton.com,CMP_PAST_SUSTAINABLE_ENGINEERING,Open,https://example.com?utm_source=mailchimp&utm_campaign=email-sustainable_engineering-6,2026-03-29 13:32:34.971412
f0e84cd0-8f33-44e4-83ed-291c7913d2e7,dana.oliver@halliburton.com,CMP_PAST_SUSTAINABLE_ENGINEERING,Open,https://example.com?utm_source=mailchimp&utm_campaign=email-sustainable_engineering-2,2025-09-06 10:02:07.971412
219db9bd-9b81-446b-b5d6-71af9b2af4bd,dana.oliver@halliburton.com,CMP_PAST_SUSTAINABLE_ENGINEERING,Open,https://example.com?utm_source=mailchimp&utm_campaign=email-sustainable_engineering-5,2025-12-28 02:52:06.971412
475de54b-0376-4b38-bbb7-0ea2681dab60,dana.oliver@halliburton.com,CMP_PAST_SUSTAINABLE_ENGINEERING,Open,https://example.com?utm_source=mailchimp&utm_campaign=email-sustainable_engineering-5,2025-12-29 04:52:06.971412
176db2cc-6559-43e1-9875-5694d7c9be03,dana.oliver@halliburton.com,CMP_PAST_SUSTAINABLE_ENGINEERING,Open,https://example.com?utm_source=mailchimp&utm_campaign=email-sustainable_engineering-5,2025-12-28 14:52:06.971412
3a65d828-c6de-48eb-9286-6a42b75431fb,erica.le@halliburton.com,CMP_LIVE_DECARBONIZATION_25_26,Open,https://example.com?utm_source=mailchimp&utm_campaign=email-live_decarbonization_25_26-1,2026-04-15 04:57:59.971412
b2c1169d-2ca1-4b76-a76e-a9a25c833521,erica.le@halliburton.com,CMP_LIVE_DECARBONIZATION_25_26,Open,https://example.com?utm_source=mailchimp&utm_campaign=email-live_decarbonization_25_26-4,2026-09-08 01:47:19.971412
2c12df66-8578-4fbf-9287-0304afc1f4fe,erica.le@halliburton.com,CMP_LIVE_DECARBONIZATION_25_26,Open,https://example.com?utm_source=mailchimp&utm_campaign=email-live_decarbonization_25_26-4,2026-09-08 01:47:12.971412
0c62588b-f65f-4a1b-b3c3-3d1a6470ab76,courtney.berger@halliburton.com,CMP_PAST_ASSET_OPTIMIZATION,Open,https://example.com?utm_source=mailchimp&utm_campaign=email-asset_optimization-5,2025-10-09 07:47:39.971412
6e83d7d3-5dfc-42d1-8ebe-4e399a841f52,courtney.berger@halliburton.com,CMP_PAST_ASSET_OPTIMIZATION,Open,https://example.com?utm_source=mailchimp&utm_campaign=email-asset_optimization-4,2025-08-17 01:47:57.971412
c7ccc140-1869-4af1-8810-c1d350949b5f,courtney.berger@halliburton.com,CMP_PAST_ASSET_OPTIMIZATION,Open,https://example.com?utm_source=mailchimp&utm_campaign=email-asset_optimization-6,2025-12-28 00:32:19.971412
d91be83e-b254-4871-899d-d0ceb753bd77,courtney.berger@halliburton.com,CMP_PAST_ASSET_OPTIMIZATION,Open,https://example.com?utm_source=mailchimp&utm_campaign=email-asset_optimization-6,2025-12-28 22:32:19.971412
e545b9a7-ab02-4c50-a848-cfbd7b685686,courtney.berger@halliburton.com,CMP_PAST_ASSET_OPTIMIZATION,Open,https://example.com?utm_source=mailchimp&utm_campaign=email-asset_optimization-3,2025-06-21 02:51:55.971412
bcf5ae77-7ad5-457d-8c2d-abd7e5837c34,debbie.parker@halliburton.com,CMP_PAST_SUSTAINABLE_ENGINEERING,Open,https://example.com?utm_source=mailchimp&utm_campaign=email-sustainable_engineering-2,2025-08-12 01:49:00.971412
e1898ca8-5a32-4ed1-9d27-cdeda8974ea8,debbie.parker@halliburton.com,CMP_PAST_SUSTAINABLE_ENGINEERING,Open,https://example.com?utm_source=mailchimp&utm_campaign=email-sustainable_engineering-1,2025-06-30 10:38:06.971412
bec803b2-31cb-4d05-801e-741bc883078c,debbie.parker@halliburton.com,CMP_PAST_SUSTAINABLE_ENGINEERING,Open,https://example.com?utm_source=mailchimp&utm_campaign=email-sustainable_engineering-1,2025-06-30 16:38:06.971412
d02fd1d9-85d5-4601-8794-9a2a7768f96b,debbie.parker@halliburton.com,CMP_PAST_SUSTAINABLE_ENGINEERING,Click,https://example.com?utm_source=mailchimp&utm_campaign=email-sustainable_engineering-1,2025-06-30 10:39:43.971412
0d865a63-c3a1-43a3-a40f-7d75067fa038,scott.riley@halliburton.com,CMP_PAST_SUSTAINABLE_ENGINEERING,Open,https://example.com?utm_source=mailchimp&utm_campaign=email-sustainable_engineering-4,2025-11-22 08:39:37.971412
0f993a0b-c7e6-4278-b9a1-fe6d5b6ae3fb,scott.riley@halliburton.com,CMP_PAST_SUSTAINABLE_ENGINEERING,Click,https://example.com?utm_source=mailchimp&utm_campaign=email-sustainable_engineering-4,2025-11-22 08:41:09.971412
33af2b78-f06b-44ef-be44-b25bb02336ae,scott.riley@halliburton.com,CMP_PAST_SUSTAINABLE_ENGINEERING,Open,https://example.com?utm_source=mailchimp&utm_campaign=email-sustainable_engineering-2,2025-08-13 12:23:13.971412
8c0c7108-028d-4acc-a1c5-4545fc2b0437,scott.riley@halliburton.com,CMP_PAST_SUSTAINABLE_ENGINEERING,Open,https://example.com?utm_source=mailchimp&utm_campaign=email-sustainable_engineering-2,2025-08-14 18:23:13.971412
d4d5df0c-d3df-4ad5-a827-55e38144e8a0,scott.riley@halliburton.com,CMP_PAST_SUSTAINABLE_ENGINEERING,Open,https://example.com?utm_source=mailchimp&utm_campaign=email-sustainable_engineering-7,2026-05-09 05:29:58.971412
e9f260f2-a2b0-47b2-b400-648d762e12bd,scott.riley@halliburton.com,CMP_PAST_SUSTAINABLE_ENGINEERING,Click,https://example.com?utm_source=mailchimp&utm_campaign=email-sustainable_engineering-7,2026-05-09 05:30:29.971412
c7a38950-23fd-496f-a6dc-c5b433e298ff,scott.riley@halliburton.com,CMP_PAST_SUSTAINABLE_ENGINEERING,Open,https://example.com?utm_source=mailchimp&utm_campaign=email-sustainable_engineering-6,2026-02-22 07:57:14.971412
9a0735ab-aef3-48a9-8f80-610b0d6dfc55,jessica.davis@halliburton.com,CMP_LIVE_DIGITAL_TWIN,Open,https://example.com?utm_source=mailchimp&utm_campaign=email-digital_twin-4,2026-05-15 02:09:09.971412
85647142-5786-44c7-bbe3-c629fe8a740c,jessica.davis@halliburton.com,CMP_LIVE_DIGITAL_TWIN,Open,https://example.com?utm_source=mailchimp&utm_campaign=email-digital_twin-5,2026-06-29 00:53:00.971412
0e8cd428-2271-46be-a9f6-ef76617816ce,jessica.davis@halliburton.com,CMP_LIVE_DIGITAL_TWIN,Open,https://example.com?utm_source=mailchimp&utm_campaign=email-digital_twin-5,2026-06-29 17:53:00.971412
3f61c897-4782-4029-ae4d-e503c13d3a00,jessica.davis@halliburton.com,CMP_LIVE_DIGITAL_TWIN,Open,https://example.com?utm_source=mailchimp&utm_campaign=email-digital_twin-2,2026-01-30 01:48:14.971412
5d89c626-bcc3-40e7-b443-a562d26a7653,jessica.davis@halliburton.com,CMP_LIVE_DIGITAL_TWIN,Open,https://example.com?utm_source=mailchimp&utm_campaign=email-digital_twin-2,2026-01-30 15:48:14.971412
d1aa5e62-7675-4b7a-b05f-d15bda3a611a,jessica.davis@halliburton.com,CMP_LIVE_DIGITAL_TWIN,Open,https://example.com?utm_source=mailchimp&utm_campaign=email-digital_twin-1,2026-01-18 03:10:11.971412
6713758b-42a6-4316-9f99-94fa6a577e29,jessica.davis@halliburton.com,CMP_LIVE_DIGITAL_TWIN,Open,https://example.com?utm_source=mailchimp&utm_campaign=email-digital_twin-1,2026-01-18 16:10:11.971412
1a3931cf-3b84-4453-8779-492ee956d090,kenneth.burgess@halliburton.com,CMP_LIVE_DIGITAL_TWIN,Open,https://example.com?utm_source=mailchimp&utm_campaign=email-digital_twin-6,2026-09-03 09:21:49.971412
05ed0f6d-e20b-4f48-bcfd-9fafc7b0ef5a,kenneth.burgess@halliburton.com,CMP_LIVE_DIGITAL_TWIN,Open,https://example.com?utm_source=mailchimp&utm_campaign=email-digital_twin-2,2026-01-30 05:09:45.971412
2bdb3b4b-de0b-4e99-821d-b05150bc8fa6,kenneth.burgess@halliburton.com,CMP_LIVE_DIGITAL_TWIN,Open,https://example.com?utm_source=mailchimp&utm_campaign=email-digital_twin-3,2026-04-08 13:04:06.971412
14524ed0-f58d-425d-a809-2009011a91a9,kenneth.burgess@halliburton.com,CMP_LIVE_DIGITAL_TWIN,Open,https://example.com?utm_source=mailchimp&utm_campaign=email-digital_twin-3,2026-04-10 01:04:06.971412
b03a8a76-b3b0-446d-9d0b-b99cbf366351,kenneth.burgess@halliburton.com,CMP_LIVE_DIGITAL_TWIN,Click,https://example.com?utm_source=mailchimp&utm_campaign=email-digital_twin-3,2026-04-08 13:06:43.971412
819c9285-1cb9-4267-bfc9-a5f8de605222,gregory.anderson@halliburton.com,CMP_LIVE_DIGITAL_TWIN,Open,https://example.com?utm_source=mailchimp&utm_campaign=email-digital_twin-4,2026-05-28 08:37:14.971412
152841c2-e04b-4578-9b21-ac7df7ec5f5a,gregory.anderson@halliburton.com,CMP_LIVE_DIGITAL_TWIN,Open,https://example.com?utm_source=mailchimp&utm_campaign=email-digital_twin-4,2026-05-29 00:37:14.971412
206c55d9-3383-4d39-a5ad-7c06593abd06,gregory.anderson@halliburton.com,CMP_LIVE_DIGITAL_TWIN,Click,https://example.com?utm_source=mailchimp&utm_campaign=email-digital_twin-4,2026-05-28 08:39:09.971412
cdde7c6b-ded6-4d53-a200-ced7bb549149,gregory.anderson@halliburton.com,CMP_LIVE_DIGITAL_TWIN,Open,https://example.com?utm_source=mailchimp&utm_campaign=email-digital_twin-5,2026-07-04 08:30:52.971412
91cee5c0-a642-4e20-b024-8f8a904a1e20,gregory.anderson@halliburton.com,CMP_LIVE_DIGITAL_TWIN,Open,https://example.com?utm_source=mailchimp&utm_campaign=email-digital_twin-5,2026-07-04 21:30:52.971412
9962d0d2-4b42-49be-b3b6-70b2872c3f69,gregory.anderson@halliburton.com,CMP_LIVE_DIGITAL_TWIN,Open,https://example.com?utm_source=mailchimp&utm_campaign=email-digital_twin-6,2026-08-29 01:47:12.971412
74a89cb1-269f-4c74-9aa3-c1f88f5d2a41,amber.mata@halliburton.com,CMP_PAST_ASSET_OPTIMIZATION,Open,https://example.com?utm_source=mailchimp&utm_campaign=email-asset_optimization-5,2025-10-07 05:33:14.971412
a47344c1-f26c-4450-8e3b-f3261c3cac7d,amber.mata@halliburton.com,CMP_PAST_ASSET_OPTIMIZATION,Open,https://example.com?utm_source=mailchimp&utm_campaign=email-asset_optimization-1,2025-03-12 02:08:32.971412
822778cb-4eb2-4a0a-83c8-e22bec897029,alyssa.mcintyre@halliburton.com,CMP_PAST_SUSTAINABLE_ENGINEERING,Open,https://example.com?utm_source=mailchimp&utm_campaign=email-sustainable_engineering-6,2026-03-18 15:46:50.971412
a381fc56-0b54-4405-8524-6ebdb3b2b5c7,alyssa.mcintyre@halliburton.com,CMP_PAST_SUSTAINABLE_ENGINEERING,Open,https://example.com?utm_source=mailchimp&utm_campaign=email-sustainable_engineering-3,2025-10-12 21:37:50.971412
e6306937-9ff4-41da-a49f-5f403abd0f3f,alyssa.mcintyre@halliburton.com,CMP_PAST_SUSTAINABLE_ENGINEERING,Open,https://example.com?utm_source=mailchimp&utm_campaign=email-sustainable_engineering-3,2025-10-14 21:37:50.971412
9b5a984a-6fa5-4e4c-8225-5cc41c06096a,maria.scott@halliburton.com,CMP_PAST_SUSTAINABLE_ENGINEERING,Open,https://example.com?utm_source=mailchimp&utm_campaign=email-sustainable_engineering-7,2026-05-05 18:37:28.971412
f8e78763-89cf-4be6-b5c4-ec55c0b7e3f3,maria.scott@halliburton.com,CMP_PAST_SUSTAINABLE_ENGINEERING,Click,https://example.com?utm_source=mailchimp&utm_campaign=email-sustainable_engineering-7,2026-05-05 18:39:00.971412
2d2e67b9-721e-4707-b42a-9d959f6f1579,makayla.olson@halliburton.com,CMP_PAST_ASSET_OPTIMIZATION,Open,https://example.com?utm_source=mailchimp&utm_campaign=email-asset_optimization-7,2026-01-26 23:34:12.971412
57cb4660-5a03-4d31-81de-be19469dc2db,lindsay.francis@halliburton.com,CMP_LIVE_DECARBONIZATION_25_26,Open,https://example.com?utm_source=mailchimp&utm_campaign=email-live_decarbonization_25_26-1,2026-03-13 01:51:56.971412
3e25fa9a-d6a9-4e84-9c3f-46b01898f2d0,lindsay.francis@halliburton.com,CMP_LIVE_DECARBONIZATION_25_26,Click,https://example.com?utm_source=mailchimp&utm_campaign=email-live_decarbonization_25_26-1,2026-03-13 01:54:21.971412
a289b06a-7297-43d3-8228-d31ce76f135d,sydney.taylor@halliburton.com,CMP_LIVE_DIGITAL_TWIN,Open,https://example.com?utm_source=mailchimp&utm_campaign=email-digital_twin-6,2026-08-29 01:48:06.971412
9d1df872-159f-4854-b1c7-74f0a4f0522d,tammy.dalton@halliburton.com,CMP_LIVE_DECARBONIZATION_25_26,Open,https://example.com?utm_source=mailchimp&utm_campaign=email-live_decarbonization_25_26-2,2026-05-12 03:26:41.971412
7c4a4307-d424-4ba9-bb3a-d9892353767d,tammy.dalton@halliburton.com,CMP_LIVE_DECARBONIZATION_25_26,Open,https://example.com?utm_source=mailchimp&utm_campaign=email-live_decarbonization_25_26-1,2026-03-13 02:19:41.971412
dbad4e63-bb99-4f44-9ca7-160c8226b0db,tammy.dalton@halliburton.com,CMP_LIVE_DECARBONIZATION_25_26,Open,https://example.com?utm_source=mailchimp&utm_campaign=email-live_decarbonization_25_26-1,2026-03-13 15:19:41.971412
d6f876bd-c545-4253-b3bb-04fed749e156,tammy.dalton@halliburton.com,CMP_LIVE_DECARBONIZATION_25_26,Click,https://example.com?utm_source=mailchimp&utm_campaign=email-live_decarbonization_25_26-1,2026-03-13 02:21:08.971412
38a842c8-1b69-4970-8703-297a193654f1,tammy.dalton@halliburton.com,CMP_LIVE_DECARBONIZATION_25_26,Open,https://example.com?utm_source=mailchimp&utm_campaign=email-live_decarbonization_25_26-4,2026-09-09 01:16:09.971412
e4407995-8474-4d5e-a3d6-e6d37e84ce41,tammy.dalton@halliburton.com,CMP_LIVE_DECARBONIZATION_25_26,Open,https://example.com?utm_source=mailchimp&utm_campaign=email-live_decarbonization_25_26-3,2026-08-05 00:08:04.971412
ff1c07a1-b02f-481f-a392-1fafaf03f622,jennifer.whitney@halliburton.com,CMP_LIVE_DECARBONIZATION_25_26,Open,https://example.com?utm_source=mailchimp&utm_campaign=email-live_decarbonization_25_26-2,2026-05-22 22:52:43.971412
4e6ba6d0-4c04-498a-9d1d-d64878f8362a,jennifer.whitney@halliburton.com,CMP_LIVE_DECARBONIZATION_25_26,Open,https://example.com?utm_source=mailchimp&utm_campaign=email-live_decarbonization_25_26-2,2026-05-23 02:52:43.971412
2c5e6425-904a-490c-9746-069261a637fe,jennifer.whitney@halliburton.com,CMP_LIVE_DECARBONIZATION_25_26,Click,https://example.com?utm_source=mailchimp&utm_campaign=email-live_decarbonization_25_26-2,2026-05-22 22:53:29.971412
eb76f9b9-02cd-4a9c-8fd5-fa01a92b1d03,tammy.ballard@halliburton.com,CMP_LIVE_DIGITAL_TWIN,Open,https://example.com?utm_source=mailchimp&utm_campaign=email-digital_twin-3,2026-03-22 22:27:43.971412
c5bf41c6-9e40-4802-9555-db13645e940c,tammy.ballard@halliburton.com,CMP_LIVE_DIGITAL_TWIN,Click,https://example.com?utm_source=mailchimp&utm_campaign=email-digital_twin-3,2026-03-22 22:29:01.971412
75f6e3ad-8993-496b-baf2-10dc378e6d34,michael.gibbs@halliburton.com,CMP_PAST_SUSTAINABLE_ENGINEERING,Open,https://example.com?utm_source=mailchimp&utm_campaign=email-sustainable_engineering-3,2025-10-05 02:52:53.971412
1c87d3ed-0d34-434c-8611-9be0118032c2,michael.gibbs@halliburton.com,CMP_PAST_SUSTAINABLE_ENGINEERING,Click,https://example.com?utm_source=mailchimp&utm_campaign=email-sustainable_engineering-3,2025-10-05 02:53:23.971412
2e9095b4-9fc5-4b38-a9b1-3897c2dd1a7c,michael.gibbs@halliburton.com,CMP_PAST_SUSTAINABLE_ENGINEERING,Open,https://example.com?utm_source=mailchimp&utm_campaign=email-sustainable_engineering-6,2026-02-19 02:01:51.971412
605ab2d7-05a7-4f40-afbd-741c67d430be,michael.gibbs@halliburton.com,CMP_PAST_SUSTAINABLE_ENGINEERING,Open,https://example.com?utm_source=mailchimp&utm_campaign=email-sustainable_engineering-5,2026-01-01 07:24:17.971412
1db84e4c-7f56-4880-bab0-5a7764abf36e,michael.gibbs@halliburton.com,CMP_PAST_SUSTAINABLE_ENGINEERING,Open,https://example.com?utm_source=mailchimp&utm_campaign=email-sustainable_engineering-1,2025-06-14 15:31:54.971412
bd65ca8d-2510-42a7-bd06-287fd4e5bda1,michael.gibbs@halliburton.com,CMP_PAST_SUSTAINABLE_ENGINEERING,Click,https://example.com?utm_source=mailchimp&utm_campaign=email-sustainable_engineering-1,2025-06-14 15:32:12.971412
0a936f7c-ca31-449a-914f-3001bcffb1c9,alexander.herrera@halliburton.com,CMP_PAST_ASSET_OPTIMIZATION,Open,https://example.com?utm_source=mailchimp&utm_campaign=email-asset_optimization-3,2025-06-21 20:09:12.971412
daa3437b-2802-4b4a-9548-b19f2d2cd79f,alexander.herrera@halliburton.com,CMP_PAST_ASSET_OPTIMIZATION,Click,https://example.com?utm_source=mailchimp&utm_campaign=email-asset_optimization-3,2025-06-21 20:10:43.971412
d58744ee-8d4f-4fc5-aad9-f54d683ad964,alexander.herrera@halliburton.com,CMP_PAST_ASSET_OPTIMIZATION,Open,https://example.com?utm_source=mailchimp&utm_campaign=email-asset_optimization-2,2025-05-02 17:47:48.971412
23778b64-6830-489f-9cf9-697e3cc0942c,alexander.herrera@halliburton.com,CMP_PAST_ASSET_OPTIMIZATION,Open,https://example.com?utm_source=mailchimp&utm_campaign=email-asset_optimization-2,2025-05-04 14:47:48.971412
74751ae9-4c2a-456f-8926-674822c441dd,alexander.herrera@halliburton.com,CMP_PAST_ASSET_OPTIMIZATION,Open,https://example.com?utm_source=mailchimp&utm_campaign=email-asset_optimization-7,2026-01-10 06:09:17.971412
854fd0c0-16ba-4403-b035-d56e0ef7bcf6,alexander.herrera@halliburton.com,CMP_PAST_ASSET_OPTIMIZATION,Open,https://example.com?utm_source=mailchimp&utm_campaign=email-asset_optimization-7,2026-01-11 12:09:17.971412
4c07d964-dd29-4a6d-9c65-a269e35bbd55,alexander.herrera@halliburton.com,CMP_PAST_ASSET_OPTIMIZATION,Open,https://example.com?utm_source=mailchimp&utm_campaign=email-asset_optimization-6,2025-11-20 17:06:16.971412
17cb085d-9c53-499e-b463-759471957c32,shawn.chambers@halliburton.com,CMP_PAST_ASSET_OPTIMIZATION,Open,https://example.com?utm_source=mailchimp&utm_campaign=email-asset_optimization-6,2025-12-13 10:51:42.971412
3cbd5d2e-481d-42db-a8dd-173ad7197da6,shawn.chambers@halliburton.com,CMP_PAST_ASSET_OPTIMIZATION,Click,https://example.com?utm_source=mailchimp&utm_campaign=email-asset_optimization-6,2025-12-13 10:51:57.971412
b5ca00e6-1775-4b04-beea-83597322648f,shawn.chambers@halliburton.com,CMP_PAST_ASSET_OPTIMIZATION,Open,https://example.com?utm_source=mailchimp&utm_campaign=email-asset_optimization-1,2025-03-12 06:23:26.971412
8840285d-dd23-4414-a985-1ff289540105,shawn.chambers@halliburton.com,CMP_PAST_ASSET_OPTIMIZATION,Click,https://example.com?utm_source=mailchimp&utm_campaign=email-asset_optimization-1,2025-03-12 06:26:11.971412
22e6d793-3255-479f-b6c7-e432ab87b6e3,shawn.chambers@halliburton.com,CMP_PAST_ASSET_OPTIMIZATION,Open,https://example.com?utm_source=mailchimp&utm_campaign=email-asset_optimization-3,2025-06-23 03:31:24.971412
2682b474-1ce6-4efb-a9c8-c3c2370dc27a,shawn.chambers@halliburton.com,CMP_PAST_ASSET_OPTIMIZATION,Click,https://example.com?utm_source=mailchimp&utm_campaign=email-asset_optimization-3,2025-06-23 03:33:25.971412
b30f8485-2cd5-4d20-9760-bdcbaa9ee76d,emily.richards@halliburton.com,CMP_LIVE_HYDROGEN_INFRASTRUCTURE,Open,https://example.com?utm_source=mailchimp&utm_campaign=email-hydrogen_infrastructure-6,2026-06-02 17:08:06.971412
0de16391-199e-4bdc-b352-591a6d78796d,emily.richards@halliburton.com,CMP_LIVE_HYDROGEN_INFRASTRUCTURE,Open,https://example.com?utm_source=mailchimp&utm_campaign=email-hydrogen_infrastructure-3,2026-01-02 02:35:23.971412
59005d45-afc6-4865-8929-65f85634b233,emily.richards@halliburton.com,CMP_LIVE_HYDROGEN_INFRASTRUCTURE,Open,https://example.com?utm_source=mailchimp&utm_campaign=email-hydrogen_infrastructure-1,2025-09-20 04:03:58.971412
32c808e3-d00a-4230-87ad-02c0188dd036,emily.richards@halliburton.com,CMP_LIVE_HYDROGEN_INFRASTRUCTURE,Open,https://example.com?utm_source=mailchimp&utm_campaign=email-hydrogen_infrastructure-5,2026-04-04 01:52:29.971412
f279c129-87f9-4c3c-8cbf-dc488a77b99a,emily.richards@halliburton.com,CMP_LIVE_HYDROGEN_INFRASTRUCTURE,Open,https://example.com?utm_source=mailchimp&utm_campaign=email-hydrogen_infrastructure-5,2026-04-05 13:52:29.971412
3b3b3e59-3307-4f7a-ba75-81bbf3c15eac,emily.richards@halliburton.com,CMP_LIVE_HYDROGEN_INFRASTRUCTURE,Open,https://example.com?utm_source=mailchimp&utm_campaign=email-hydrogen_infrastructure-5,2026-04-04 08:52:29.971412
229bff77-f046-495c-899d-c3a15965553b,emily.richards@halliburton.com,CMP_LIVE_HYDROGEN_INFRASTRUCTURE,Click,https://example.com?utm_source=mailchimp&utm_campaign=email-hydrogen_infrastructure-5,2026-04-04 01:55:21.971412
8ca6d68e-e4ac-4173-83a4-33ff3b268fd7,emily.richards@halliburton.com,CMP_LIVE_HYDROGEN_INFRASTRUCTURE,Open,https://example.com?utm_source=mailchimp&utm_campaign=email-hydrogen_infrastructure-8,2026-09-04 15:50:02.971412
919388c7-c1d9-4c3c-af74-02cbbb5816c3,emily.richards@halliburton.com,CMP_LIVE_HYDROGEN_INFRASTRUCTURE,Open,https://example.com?utm_source=mailchimp&utm_campaign=email-hydrogen_infrastructure-8,2026-09-04 22:50:02.971412
bae13e5e-cc8f-45bd-8917-d642a9da1781,daniel.hall@halliburton.com,CMP_LIVE_DECARBONIZATION_25_26,Open,https://example.com?utm_source=mailchimp&utm_campaign=email-live_decarbonization_25_26-2,2026-06-03 16:56:00.971412
ca0691fb-5ae2-4ea9-9f03-5430983d329a,daniel.hall@halliburton.com,CMP_LIVE_DECARBONIZATION_25_26,Click,https://example.com?utm_source=mailchimp&utm_campaign=email-live_decarbonization_25_26-2,2026-06-03 16:58:47.971412
d6c18d99-6c6f-4f19-a3f5-1d2bb1e6da0a,daniel.hall@halliburton.com,CMP_LIVE_DECARBONIZATION_25_26,Open,https://example.com?utm_source=mailchimp&utm_campaign=email-live_decarbonization_25_26-4,2026-09-08 17:48:05.971412
b69cb733-30dd-4181-b598-8bd2edd0ab1e,daniel.hall@halliburton.com,CMP_LIVE_DECARBONIZATION_25_26,Open,https://example.com?utm_source=mailchimp&utm_campaign=email-live_decarbonization_25_26-3,2026-07-17 01:57:34.971412
90577430-9a2d-45c1-8a99-500237c82953,daniel.hall@halliburton.com,CMP_LIVE_DECARBONIZATION_25_26,Open,https://example.com?utm_source=mailchimp&utm_campaign=email-live_decarbonization_25_26-1,2026-03-13 02:50:50.971412
186aaaba-0bf5-4850-96a2-eb1d983289c5,angel.henson@halliburton.com,CMP_LIVE_HYDROGEN_INFRASTRUCTURE,Open,https://example.com?utm_source=mailchimp&utm_campaign=email-hydrogen_infrastructure-7,2026-07-17 02:19:56.971412
999f1aee-b59a-4793-bcf8-8a546a01cdcc,angel.henson@halliburton.com,CMP_LIVE_HYDROGEN_INFRASTRUCTURE,Open,https://example.com?utm_source=mailchimp&utm_campaign=email-hydrogen_infrastructure-7,2026-07-18 19:19:56.971412
c31b3718-1571-4196-9b8d-1c5906cd5d46,angel.henson@halliburton.com,CMP_LIVE_HYDROGEN_INFRASTRUCTURE,Open,https://example.com?utm_source=mailchimp&utm_campaign=email-hydrogen_infrastructure-1,2025-09-21 01:44:46.971412
b1c6ccbe-0545-4c23-8b03-a90993e5332b,angel.henson@halliburton.com,CMP_LIVE_HYDROGEN_INFRASTRUCTURE,Open,https://example.com?utm_source=mailchimp&utm_campaign=email-hydrogen_infrastructure-3,2026-01-22 23:21:33.971412
eeb69fd7-70bc-4d26-9e79-2fe936c8be62,angel.henson@halliburton.com,CMP_LIVE_HYDROGEN_INFRASTRUCTURE,Open,https://example.com?utm_source=mailchimp&utm_campaign=email-hydrogen_infrastructure-5,2026-04-07 18:00:56.971412
72d4341d-f8d2-4adc-879b-3b2ffb079a58,angel.henson@halliburton.com,CMP_LIVE_HYDROGEN_INFRASTRUCTURE,Open,https://example.com?utm_source=mailchimp&utm_campaign=email-hydrogen_infrastructure-8,2026-08-29 01:52:20.971412
63ab8807-e0de-48d0-a8f1-2da5cc2490a5,anna.herman@halliburton.com,CMP_PAST_ASSET_OPTIMIZATION,Open,https://example.com?utm_source=mailchimp&utm_campaign=email-asset_optimization-7,2026-01-09 02:33:13.971412
a72f54e5-c521-48e2-a6f4-45d668ec89db,anna.herman@halliburton.com,CMP_PAST_ASSET_OPTIMIZATION,Open,https://example.com?utm_source=mailchimp&utm_campaign=email-asset_optimization-7,2026-01-09 17:33:13.971412
f464bc75-45dd-4771-8638-faad65a21525,anna.herman@halliburton.com,CMP_PAST_ASSET_OPTIMIZATION,Open,https://example.com?utm_source=mailchimp&utm_campaign=email-asset_optimization-1,2025-04-11 22:25:40.971412
d786aaf9-7e3e-4ad8-855c-eb2cb3c69042,anna.herman@halliburton.com,CMP_PAST_ASSET_OPTIMIZATION,Open,https://example.com?utm_source=mailchimp&utm_campaign=email-asset_optimization-5,2025-10-07 02:15:33.971412
bfd644bc-1b0e-486b-9504-d4bc9774b261,anna.herman@halliburton.com,CMP_PAST_ASSET_OPTIMIZATION,Click,https://example.com?utm_source=mailchimp&utm_campaign=email-asset_optimization-5,2025-10-07 02:17:09.971412
ddc2fbf3-02c2-4084-8adb-74bd4d5b9ec5,anna.herman@halliburton.com,CMP_PAST_ASSET_OPTIMIZATION,Open,https://example.com?utm_source=mailchimp&utm_campaign=email-asset_optimization-3,2025-07-01 16:41:56.971412
605642a1-fc26-43ca-92e2-9f722721eae1,anna.herman@halliburton.com,CMP_PAST_ASSET_OPTIMIZATION,Open,https://example.com?utm_source=mailchimp&utm_campaign=email-asset_optimization-6,2025-11-19 01:48:22.971412
46f68bf2-cc68-44f8-a3ef-9665d4256373,anna.herman@halliburton.com,CMP_PAST_ASSET_OPTIMIZATION,Open,https://example.com?utm_source=mailchimp&utm_campaign=email-asset_optimization-2,2025-05-06 02:15:57.971412
adaf77d8-2cef-4e28-9649-5d642710edc6,anna.herman@halliburton.com,CMP_PAST_ASSET_OPTIMIZATION,Open,https://example.com?utm_source=mailchimp&utm_campaign=email-asset_optimization-2,2025-05-08 02:15:57.971412
43ff9196-4bbf-4b07-b51b-214c8e857fde,anna.herman@halliburton.com,CMP_PAST_ASSET_OPTIMIZATION,Open,https://example.com?utm_source=mailchimp&utm_campaign=email-asset_optimization-2,2025-05-06 04:15:57.971412
c3833ad7-dcca-4698-8c48-a5413adb9f2a,anna.herman@halliburton.com,CMP_PAST_ASSET_OPTIMIZATION,Open,https://example.com?utm_source=mailchimp&utm_campaign=email-asset_optimization-4,2025-08-27 19:26:24.971412
83220389-f884-4827-9181-577e53996211,madison.blankenship@bakerhughes.com,CMP_PAST_SUSTAINABLE_ENGINEERING,Open,https://example.com?utm_source=mailchimp&utm_campaign=email-sustainable_engineering-5,2025-12-28 10:40:03.971412
0a450941-2cb5-4a5c-9054-97061ab7b7c0,kevin.vasquez@bakerhughes.com,CMP_LIVE_DIGITAL_TWIN,Open,https://example.com?utm_source=mailchimp&utm_campaign=email-digital_twin-3,2026-04-06 17:31:15.971412
eef3c0f7-6630-4590-801a-fe4ac8890bdf,kevin.vasquez@bakerhughes.com,CMP_LIVE_DIGITAL_TWIN,Open,https://example.com?utm_source=mailchimp&utm_campaign=email-digital_twin-3,2026-04-07 07:31:15.971412
5d4870fb-2392-4684-bf01-5d66e4edac17,kevin.vasquez@bakerhughes.com,CMP_LIVE_DIGITAL_TWIN,Open,https://example.com?utm_source=mailchimp&utm_campaign=email-digital_twin-3,2026-04-08 03:31:15.971412
1a1a7757-4248-448d-a368-6016119fd8d9,colton.clay@bakerhughes.com,CMP_LIVE_HYDROGEN_INFRASTRUCTURE,Open,https://example.com?utm_source=mailchimp&utm_campaign=email-hydrogen_infrastructure-6,2026-06-01 04:45:05.971412
22dd5da2-e3f1-4e12-91ef-8cc3d0db54bb,colton.clay@bakerhughes.com,CMP_LIVE_HYDROGEN_INFRASTRUCTURE,Open,https://example.com?utm_source=mailchimp&utm_campaign=email-hydrogen_infrastructure-2,2025-11-25 04:29:29.971412
6b6a4dea-f856-40b8-8ea3-bd499faa5112,colton.clay@bakerhughes.com,CMP_LIVE_HYDROGEN_INFRASTRUCTURE,Click,https://example.com?utm_source=mailchimp&utm_campaign=email-hydrogen_infrastructure-2,2025-11-25 04:30:30.971412
79d7df9e-e43e-4daa-aeca-237a5ccbf751,colton.clay@bakerhughes.com,CMP_LIVE_HYDROGEN_INFRASTRUCTURE,Open,https://example.com?utm_source=mailchimp&utm_campaign=email-hydrogen_infrastructure-5,2026-04-04 11:50:24.971412
0ae590df-d299-499b-b62e-8c7c763c90f0,colton.clay@bakerhughes.com,CMP_LIVE_HYDROGEN_INFRASTRUCTURE,Open,https://example.com?utm_source=mailchimp&utm_campaign=email-hydrogen_infrastructure-7,2026-07-13 02:08:39.971412
2de04063-ed8f-4bba-9639-a6bf4631b91b,colton.clay@bakerhughes.com,CMP_LIVE_HYDROGEN_INFRASTRUCTURE,Open,https://example.com?utm_source=mailchimp&utm_campaign=email-hydrogen_infrastructure-7,2026-07-13 20:08:39.971412
28825b7e-3452-43be-adb0-7bc27babee1d,colton.clay@bakerhughes.com,CMP_LIVE_HYDROGEN_INFRASTRUCTURE,Open,https://example.com?utm_source=mailchimp&utm_campaign=email-hydrogen_infrastructure-8,2026-08-29 01:47:41.971412
fd10b4a8-35cf-4cbc-b4c4-546fa293d763,colton.clay@bakerhughes.com,CMP_LIVE_HYDROGEN_INFRASTRUCTURE,Open,https://example.com?utm_source=mailchimp&utm_campaign=email-hydrogen_infrastructure-8,2026-08-29 13:47:41.971412
8d8e9d32-1567-4f38-85eb-13b46492bf70,colton.clay@bakerhughes.com,CMP_LIVE_HYDROGEN_INFRASTRUCTURE,Click,https://example.com?utm_source=mailchimp&utm_campaign=email-hydrogen_infrastructure-8,2026-08-29 01:50:11.971412
27ecb5dd-2469-40b6-b7f3-1aa12888a2af,ellen.paul@bakerhughes.com,CMP_LIVE_HYDROGEN_INFRASTRUCTURE,Open,https://example.com?utm_source=mailchimp&utm_campaign=email-hydrogen_infrastructure-6,2026-06-14 13:14:05.971412
3560c6c4-6e9a-4fc9-b19a-9f788c53260c,ellen.paul@bakerhughes.com,CMP_LIVE_HYDROGEN_INFRASTRUCTURE,Open,https://example.com?utm_source=mailchimp&utm_campaign=email-hydrogen_infrastructure-6,2026-06-14 19:14:05.971412
b283916f-47b0-4f18-baec-6c8bfd1e7740,ellen.paul@bakerhughes.com,CMP_LIVE_HYDROGEN_INFRASTRUCTURE,Click,https://example.com?utm_source=mailchimp&utm_campaign=email-hydrogen_infrastructure-6,2026-06-14 13:15:09.971412
ff30e9d8-4802-4391-8ec7-723562c70418,ellen.paul@bakerhughes.com,CMP_LIVE_HYDROGEN_INFRASTRUCTURE,Open,https://example.com?utm_source=mailchimp&utm_campaign=email-hydrogen_infrastructure-7,2026-07-25 22:07:29.971412
f4d82a90-c0ad-4599-a4fc-884b88f6d7c8,ellen.paul@bakerhughes.com,CMP_LIVE_HYDROGEN_INFRASTRUCTURE,Open,https://example.com?utm_source=mailchimp&utm_campaign=email-hydrogen_infrastructure-1,2025-09-21 22:22:10.971412
85aff623-434a-4c0c-84cf-9f33822579bf,ellen.paul@bakerhughes.com,CMP_LIVE_HYDROGEN_INFRASTRUCTURE,Open,https://example.com?utm_source=mailchimp&utm_campaign=email-hydrogen_infrastructure-1,2025-09-23 01:22:10.971412
896f33f8-ccb5-4611-a4b9-9f16538af3b3,ellen.paul@bakerhughes.com,CMP_LIVE_HYDROGEN_INFRASTRUCTURE,Open,https://example.com?utm_source=mailchimp&utm_campaign=email-hydrogen_infrastructure-1,2025-09-22 13:22:10.971412
b6afd35d-2e53-439b-9a5b-cc7758d49415,ellen.paul@bakerhughes.com,CMP_LIVE_HYDROGEN_INFRASTRUCTURE,Click,https://example.com?utm_source=mailchimp&utm_campaign=email-hydrogen_infrastructure-1,2025-09-21 22:23:40.971412
c5990a39-57b8-4205-bf71-6d0b55229c45,ellen.paul@bakerhughes.com,CMP_LIVE_HYDROGEN_INFRASTRUCTURE,Open,https://example.com?utm_source=mailchimp&utm_campaign=email-hydrogen_infrastructure-3,2026-01-04 15:41:02.971412
0d50141c-cf5d-450b-a77b-9cfa42de92ea,ellen.paul@bakerhughes.com,CMP_LIVE_HYDROGEN_INFRASTRUCTURE,Open,https://example.com?utm_source=mailchimp&utm_campaign=email-hydrogen_infrastructure-8,2026-08-31 06:39:12.971412
abc43fcd-f05c-4a35-a5cb-a5ab755f7b21,ellen.paul@bakerhughes.com,CMP_LIVE_HYDROGEN_INFRASTRUCTURE,Open,https://example.com?utm_source=mailchimp&utm_campaign=email-hydrogen_infrastructure-8,2026-09-01 14:39:12.971412
8711fff9-e3e1-454a-9afd-250591916ff8,robert.garcia@bakerhughes.com,CMP_PAST_ASSET_OPTIMIZATION,Open,https://example.com?utm_source=mailchimp&utm_campaign=email-asset_optimization-2,2025-05-22 08:46:03.971412
33e4abb3-bf6c-44b3-a6d4-59a04c7476be,robert.garcia@bakerhughes.com,CMP_PAST_ASSET_OPTIMIZATION,Open,https://example.com?utm_source=mailchimp&utm_campaign=email-asset_optimization-2,2025-05-24 06:46:03.971412
785c14f9-2240-426d-8af1-ab6c8dc81778,robert.garcia@bakerhughes.com,CMP_PAST_ASSET_OPTIMIZATION,Click,https://example.com?utm_source=mailchimp&utm_campaign=email-asset_optimization-2,2025-05-22 08:48:52.971412
a9ec386d-77b1-4057-b9d6-aa1fd7d28f27,robert.garcia@bakerhughes.com,CMP_PAST_ASSET_OPTIMIZATION,Open,https://example.com?utm_source=mailchimp&utm_campaign=email-asset_optimization-5,2025-10-18 03:56:35.971412
bab9eafd-c08b-4642-96df-dbab92c2518a,robert.garcia@bakerhughes.com,CMP_PAST_ASSET_OPTIMIZATION,Click,https://example.com?utm_source=mailchimp&utm_campaign=email-asset_optimization-5,2025-10-18 03:58:12.971412
3b0aba25-7f0f-4a3a-91e0-16cde407eb25,robert.garcia@bakerhughes.com,CMP_PAST_ASSET_OPTIMIZATION,Open,https://example.com?utm_source=mailchimp&utm_campaign=email-asset_optimization-7,2026-01-14 03:23:55.971412
dc50e79e-7af4-4584-ba7b-c0d7badbdd55,robert.garcia@bakerhughes.com,CMP_PAST_ASSET_OPTIMIZATION,Open,https://example.com?utm_source=mailchimp&utm_campaign=email-asset_optimization-7,2026-01-15 14:23:55.971412
a1350c31-ba98-499c-8ce1-4f2d411146df,robert.garcia@bakerhughes.com,CMP_PAST_ASSET_OPTIMIZATION,Open,https://example.com?utm_source=mailchimp&utm_campaign=email-asset_optimization-7,2026-01-15 13:23:55.971412
e817ce0c-95bc-4eac-8bc6-fbf68c7f2462,robert.garcia@bakerhughes.com,CMP_PAST_ASSET_OPTIMIZATION,Open,https://example.com?utm_source=mailchimp&utm_campaign=email-asset_optimization-1,2025-03-12 07:53:43.971412
effb5f07-b97d-4ba6-abc4-05ee193bae6a,robert.garcia@bakerhughes.com,CMP_PAST_ASSET_OPTIMIZATION,Click,https://example.com?utm_source=mailchimp&utm_campaign=email-asset_optimization-1,2025-03-12 07:55:34.971412
dde6002e-6d97-4c82-bee1-dde6a1bbdc9b,stephanie.johnson@bakerhughes.com,CMP_LIVE_DIGITAL_TWIN,Open,https://example.com?utm_source=mailchimp&utm_campaign=email-digital_twin-5,2026-07-07 05:20:20.971412
286133e1-b509-47aa-be9e-cba40e2e1be9,mitchell.ramos@bakerhughes.com,CMP_PAST_ASSET_OPTIMIZATION,Open,https://example.com?utm_source=mailchimp&utm_campaign=email-asset_optimization-7,2026-01-09 01:47:31.971412
6ca9178f-01ea-4dc7-bf56-6dc29dded23f,mitchell.ramos@bakerhughes.com,CMP_PAST_ASSET_OPTIMIZATION,Open,https://example.com?utm_source=mailchimp&utm_campaign=email-asset_optimization-5,2025-10-14 16:42:06.971412
3be47f74-a3e8-4efd-bba5-d2b37ea67da0,stephanie.foley@bakerhughes.com,CMP_PAST_ASSET_OPTIMIZATION,Open,https://example.com?utm_source=mailchimp&utm_campaign=email-asset_optimization-5,2025-10-07 07:25:49.971412
aa220247-31cc-4c72-b085-747a5398e7a6,stephanie.foley@bakerhughes.com,CMP_PAST_ASSET_OPTIMIZATION,Click,https://example.com?utm_source=mailchimp&utm_campaign=email-asset_optimization-5,2025-10-07 07:28:41.971412
ca1e31ce-5c69-4285-8ec0-b5ff15603c11,cory.jennings@bakerhughes.com,CMP_LIVE_HYDROGEN_INFRASTRUCTURE,Open,https://example.com?utm_source=mailchimp&utm_campaign=email-hydrogen_infrastructure-7,2026-07-16 17:48:01.971412
5469a4d2-46a6-4f32-9135-1c9c9e00200f,cory.jennings@bakerhughes.com,CMP_LIVE_HYDROGEN_INFRASTRUCTURE,Open,https://example.com?utm_source=mailchimp&utm_campaign=email-hydrogen_infrastructure-5,2026-05-03 07:10:41.971412
ef485c97-af63-4424-8520-e50e4256c0fd,cory.jennings@bakerhughes.com,CMP_LIVE_HYDROGEN_INFRASTRUCTURE,Open,https://example.com?utm_source=mailchimp&utm_campaign=email-hydrogen_infrastructure-6,2026-06-02 23:51:35.971412
58c354d6-ebaa-45ab-bdb9-450823685fd6,amy.levine@bakerhughes.com,CMP_LIVE_DECARBONIZATION_25_26,Open,https://example.com?utm_source=mailchimp&utm_campaign=email-live_decarbonization_25_26-2,2026-05-13 00:20:21.971412
cffc782b-3781-4ce6-8b6d-b0e3f9bac284,amy.levine@bakerhughes.com,CMP_LIVE_DECARBONIZATION_25_26,Click,https://example.com?utm_source=mailchimp&utm_campaign=email-live_decarbonization_25_26-2,2026-05-13 00:20:37.971412
c81acb47-c13c-4282-909a-b4144a111313,amy.levine@bakerhughes.com,CMP_LIVE_DECARBONIZATION_25_26,Open,https://example.com?utm_source=mailchimp&utm_campaign=email-live_decarbonization_25_26-4,2026-09-08 02:13:45.971412
6b52dc29-3df8-4f8c-aaaf-3b90de925c7e,amy.levine@bakerhughes.com,CMP_LIVE_DECARBONIZATION_25_26,Click,https://example.com?utm_source=mailchimp&utm_campaign=email-live_decarbonization_25_26-4,2026-09-08 01:47:12.971412
3637f44a-73df-4c7b-bc5c-7daa6e137b10,michael.sanders@bakerhughes.com,CMP_PAST_ASSET_OPTIMIZATION,Open,https://example.com?utm_source=mailchimp&utm_campaign=email-asset_optimization-4,2025-08-17 10:10:01.971412
fb3cc130-3e36-40f7-85ce-7b58eb35ac29,michael.sanders@bakerhughes.com,CMP_PAST_ASSET_OPTIMIZATION,Open,https://example.com?utm_source=mailchimp&utm_campaign=email-asset_optimization-5,2025-10-07 15:16:12.971412
60e7aedf-b5fa-41d9-8279-c45f7d32b9fd,michael.sanders@bakerhughes.com,CMP_PAST_ASSET_OPTIMIZATION,Open,https://example.com?utm_source=mailchimp&utm_campaign=email-asset_optimization-3,2025-07-03 05:38:59.971412
83efea79-1f78-4f47-9b64-a3264c32da62,michael.sanders@bakerhughes.com,CMP_PAST_ASSET_OPTIMIZATION,Open,https://example.com?utm_source=mailchimp&utm_campaign=email-asset_optimization-1,2025-03-12 12:57:53.971412
30bc3129-ab8c-46a7-a5f8-12d43aea8c54,michael.sanders@bakerhughes.com,CMP_PAST_ASSET_OPTIMIZATION,Open,https://example.com?utm_source=mailchimp&utm_campaign=email-asset_optimization-1,2025-03-12 22:57:53.971412
6d518c77-7f99-498e-a6d0-ebc94d92275a,michael.sanders@bakerhughes.com,CMP_PAST_ASSET_OPTIMIZATION,Click,https://example.com?utm_source=mailchimp&utm_campaign=email-asset_optimization-1,2025-03-12 13:00:35.971412
3ca7056b-706b-4167-97bb-03d55df690d9,james.martinez@bakerhughes.com,CMP_LIVE_HYDROGEN_INFRASTRUCTURE,Open,https://example.com?utm_source=mailchimp&utm_campaign=email-hydrogen_infrastructure-2,2025-11-08 06:13:06.971412
6abfd8f1-a31d-4f06-8fbc-bcf268f7a5d2,james.martinez@bakerhughes.com,CMP_LIVE_HYDROGEN_INFRASTRUCTURE,Open,https://example.com?utm_source=mailchimp&utm_campaign=email-hydrogen_infrastructure-3,2026-01-02 02:30:39.971412
76c74517-1212-4a4a-b9f0-75584b2ada1a,james.martinez@bakerhughes.com,CMP_LIVE_HYDROGEN_INFRASTRUCTURE,Open,https://example.com?utm_source=mailchimp&utm_campaign=email-hydrogen_infrastructure-4,2026-02-12 03:30:04.971412
d3d4ff06-8750-4ac5-a5f7-cb9ff4702432,james.martinez@bakerhughes.com,CMP_LIVE_HYDROGEN_INFRASTRUCTURE,Click,https://example.com?utm_source=mailchimp&utm_campaign=email-hydrogen_infrastructure-4,2026-02-12 03:32:09.971412
17f1b24d-5cb5-41d1-ab94-3c7458058942,james.martinez@bakerhughes.com,CMP_LIVE_HYDROGEN_INFRASTRUCTURE,Open,https://example.com?utm_source=mailchimp&utm_campaign=email-hydrogen_infrastructure-1,2025-09-20 01:47:12.971412
b71a1533-d1a0-4304-ab67-750db72c8d85,james.martinez@bakerhughes.com,CMP_LIVE_HYDROGEN_INFRASTRUCTURE,Open,https://example.com?utm_source=mailchimp&utm_campaign=email-hydrogen_infrastructure-5,2026-04-30 17:25:07.971412
7b770671-74cb-47cf-9127-a3a90698ca3f,james.martinez@bakerhughes.com,CMP_LIVE_HYDROGEN_INFRASTRUCTURE,Open,https://example.com?utm_source=mailchimp&utm_campaign=email-hydrogen_infrastructure-8,2026-08-29 03:33:22.971412
aae219b2-6bfa-4be2-8a5f-30104acd31c9,james.martinez@bakerhughes.com,CMP_LIVE_HYDROGEN_INFRASTRUCTURE,Open,https://example.com?utm_source=mailchimp&utm_campaign=email-hydrogen_infrastructure-8,2026-08-29 14:33:22.971412
09f46738-b8a5-4a1e-82c3-e508571c5393,james.martinez@bakerhughes.com,CMP_LIVE_HYDROGEN_INFRASTRUCTURE,Open,https://example.com?utm_source=mailchimp&utm_campaign=email-hydrogen_infrastructure-7,2026-07-13 17:01:06.971412
8e634c6f-39ed-49d3-b523-8245ce59c9bd,james.martinez@bakerhughes.com,CMP_LIVE_HYDROGEN_INFRASTRUCTURE,Click,https://example.com?utm_source=mailchimp&utm_campaign=email-hydrogen_infrastructure-7,2026-07-13 17:03:21.971412
6db146c7-1ead-41f3-833b-45c88ff86f0d,james.martinez@bakerhughes.com,CMP_LIVE_HYDROGEN_INFRASTRUCTURE,Open,https://example.com?utm_source=mailchimp&utm_campaign=email-hydrogen_infrastructure-6,2026-06-23 02:09:29.971412
5be20420-6c2f-4dc9-aa02-ea6e2cb7ef83,melanie.gibson@bakerhughes.com,CMP_LIVE_HYDROGEN_INFRASTRUCTURE,Open,https://example.com?utm_source=mailchimp&utm_campaign=email-hydrogen_infrastructure-6,2026-06-02 17:28:51.971412
5279f093-7b01-4551-b8a7-fd0ad1ea4ee2,melanie.gibson@bakerhughes.com,CMP_LIVE_HYDROGEN_INFRASTRUCTURE,Open,https://example.com?utm_source=mailchimp&utm_campaign=email-hydrogen_infrastructure-4,2026-02-12 03:18:31.971412
982344d5-2f5e-4e46-be5f-506b54c739f2,melanie.gibson@bakerhughes.com,CMP_LIVE_HYDROGEN_INFRASTRUCTURE,Open,https://example.com?utm_source=mailchimp&utm_campaign=email-hydrogen_infrastructure-7,2026-07-13 01:54:08.971412
5718003e-efc8-45eb-8556-f9ac39ed7aeb,elizabeth.may@bakerhughes.com,CMP_PAST_ASSET_OPTIMIZATION,Open,https://example.com?utm_source=mailchimp&utm_campaign=email-asset_optimization-2,2025-05-02 02:39:03.971412
e3f89935-c01d-46d6-b498-5466bfcc1d97,elizabeth.may@bakerhughes.com,CMP_PAST_ASSET_OPTIMIZATION,Open,https://example.com?utm_source=mailchimp&utm_campaign=email-asset_optimization-1,2025-03-13 17:33:27.971412
6c48fb0c-3f57-487a-9d4c-02a91c599806,elizabeth.may@bakerhughes.com,CMP_PAST_ASSET_OPTIMIZATION,Open,https://example.com?utm_source=mailchimp&utm_campaign=email-asset_optimization-5,2025-10-18 09:36:32.971412
395f01ff-bc21-4106-8ab8-c1f2273d64e5,elizabeth.may@bakerhughes.com,CMP_PAST_ASSET_OPTIMIZATION,Open,https://example.com?utm_source=mailchimp&utm_campaign=email-asset_optimization-6,2025-11-19 01:48:18.971412
fab4f244-4972-4c2a-8c54-79c337504474,elizabeth.may@bakerhughes.com,CMP_PAST_ASSET_OPTIMIZATION,Open,https://example.com?utm_source=mailchimp&utm_campaign=email-asset_optimization-3,2025-07-29 06:29:10.971412
053f56b9-d253-4d0d-a810-35b35003b0e8,carla.smith@bakerhughes.com,CMP_PAST_ASSET_OPTIMIZATION,Open,https://example.com?utm_source=mailchimp&utm_campaign=email-asset_optimization-2,2025-06-15 09:06:17.971412
bfc085d9-c185-4671-872d-31cf35afba13,carla.smith@bakerhughes.com,CMP_PAST_ASSET_OPTIMIZATION,Open,https://example.com?utm_source=mailchimp&utm_campaign=email-asset_optimization-4,2025-09-10 21:45:37.971412
b506d2cc-0db2-4f5d-ae10-87224050024f,carla.smith@bakerhughes.com,CMP_PAST_ASSET_OPTIMIZATION,Open,https://example.com?utm_source=mailchimp&utm_campaign=email-asset_optimization-7,2026-01-20 00:45:13.971412
c5c9c14c-e13d-4439-b71e-ba7c6737dc9a,david.cunningham@bakerhughes.com,CMP_LIVE_DECARBONIZATION_25_26,Open,https://example.com?utm_source=mailchimp&utm_campaign=email-live_decarbonization_25_26-1,2026-03-13 08:34:37.971412
1ce6cdfa-c1ac-4fa7-af08-19c7ffa3d03e,david.cunningham@bakerhughes.com,CMP_LIVE_DECARBONIZATION_25_26,Open,https://example.com?utm_source=mailchimp&utm_campaign=email-live_decarbonization_25_26-1,2026-03-14 15:34:37.971412
ce449f9a-7d6d-4e61-a920-cf7683c6925a,david.cunningham@bakerhughes.com,CMP_LIVE_DECARBONIZATION_25_26,Open,https://example.com?utm_source=mailchimp&utm_campaign=email-live_decarbonization_25_26-2,2026-05-12 01:48:32.971412
b7cc6b76-3ce2-47cd-9578-489417382d6e,david.cunningham@bakerhughes.com,CMP_LIVE_DECARBONIZATION_25_26,Open,https://example.com?utm_source=mailchimp&utm_campaign=email-live_decarbonization_25_26-2,2026-05-13 12:48:32.971412
c8c049e4-fb89-45c3-9328-4d84149f1301,david.cunningham@bakerhughes.com,CMP_LIVE_DECARBONIZATION_25_26,Open,https://example.com?utm_source=mailchimp&utm_campaign=email-live_decarbonization_25_26-2,2026-05-12 10:48:32.971412
5ed5c6c3-c598-4498-9c7f-449d54869b4e,casey.hubbard@bakerhughes.com,CMP_LIVE_HYDROGEN_INFRASTRUCTURE,Open,https://example.com?utm_source=mailchimp&utm_campaign=email-hydrogen_infrastructure-7,2026-07-13 01:55:30.971412
3fd97a93-7656-4129-9cf1-fcb8db4e737e,casey.hubbard@bakerhughes.com,CMP_LIVE_HYDROGEN_INFRASTRUCTURE,Open,https://example.com?utm_source=mailchimp&utm_campaign=email-hydrogen_infrastructure-3,2026-01-06 18:58:25.971412
3e1e7ef9-e1f7-4c6b-b770-a7d1b49c71be,jamie.robinson@bakerhughes.com,CMP_LIVE_HYDROGEN_INFRASTRUCTURE,Open,https://example.com?utm_source=mailchimp&utm_campaign=email-hydrogen_infrastructure-4,2026-02-12 01:48:31.971412
bf6645b5-98be-4df2-bf4d-92285191c678,jamie.robinson@bakerhughes.com,CMP_LIVE_HYDROGEN_INFRASTRUCTURE,Open,https://example.com?utm_source=mailchimp&utm_campaign=email-hydrogen_infrastructure-4,2026-02-13 17:48:31.971412
df1e42be-26cb-4dd5-b440-57e785736bf0,jamie.robinson@bakerhughes.com,CMP_LIVE_HYDROGEN_INFRASTRUCTURE,Open,https://example.com?utm_source=mailchimp&utm_campaign=email-hydrogen_infrastructure-4,2026-02-12 12:48:31.971412
04284a3b-cdef-4450-8490-25fd63461e29,jamie.robinson@bakerhughes.com,CMP_LIVE_HYDROGEN_INFRASTRUCTURE,Open,https://example.com?utm_source=mailchimp&utm_campaign=email-hydrogen_infrastructure-2,2025-11-19 20:24:30.971412
f80af0bf-41c0-4585-8ac0-6195781417d4,jamie.robinson@bakerhughes.com,CMP_LIVE_HYDROGEN_INFRASTRUCTURE,Open,https://example.com?utm_source=mailchimp&utm_campaign=email-hydrogen_infrastructure-6,2026-06-01 02:32:23.971412
9a588efc-2e98-4277-b496-3bd9d2f2f3f5,jamie.robinson@bakerhughes.com,CMP_LIVE_HYDROGEN_INFRASTRUCTURE,Open,https://example.com?utm_source=mailchimp&utm_campaign=email-hydrogen_infrastructure-8,2026-08-29 01:51:00.971412
a4354ff0-3c15-4273-9c8d-fb4510c85f47,jamie.robinson@bakerhughes.com,CMP_LIVE_HYDROGEN_INFRASTRUCTURE,Open,https://example.com?utm_source=mailchimp&utm_campaign=email-hydrogen_infrastructure-8,2026-08-29 17:51:00.971412
1c7a13c0-2f27-4b6b-a23e-c7573c2a5c81,jamie.robinson@bakerhughes.com,CMP_LIVE_HYDROGEN_INFRASTRUCTURE,Open,https://example.com?utm_source=mailchimp&utm_campaign=email-hydrogen_infrastructure-8,2026-08-29 11:51:00.971412
92f51d3b-4121-4097-8b9f-31ee6363b890,jamie.robinson@bakerhughes.com,CMP_LIVE_HYDROGEN_INFRASTRUCTURE,Open,https://example.com?utm_source=mailchimp&utm_campaign=email-hydrogen_infrastructure-3,2026-02-03 22:55:37.971412
92ea8d6b-9bb5-4e73-9bbe-2a101e72adc4,jamie.robinson@bakerhughes.com,CMP_LIVE_HYDROGEN_INFRASTRUCTURE,Open,https://example.com?utm_source=mailchimp&utm_campaign=email-hydrogen_infrastructure-3,2026-02-04 07:55:37.971412
b48c9ea6-1ecc-4323-a9b2-ee4fa7ae0a5a,jamie.robinson@bakerhughes.com,CMP_LIVE_HYDROGEN_INFRASTRUCTURE,Click,https://example.com?utm_source=mailchimp&utm_campaign=email-hydrogen_infrastructure-3,2026-02-03 22:57:24.971412
d294db18-34b8-4c8a-8ac9-f4cf2350b5ea,jamie.robinson@bakerhughes.com,CMP_LIVE_HYDROGEN_INFRASTRUCTURE,Open,https://example.com?utm_source=mailchimp&utm_campaign=email-hydrogen_infrastructure-7,2026-07-13 03:23:23.971412
b7013f0f-7d0b-49c5-ac6d-1a825ed3f5b3,jamie.robinson@bakerhughes.com,CMP_LIVE_HYDROGEN_INFRASTRUCTURE,Click,https://example.com?utm_source=mailchimp&utm_campaign=email-hydrogen_infrastructure-7,2026-07-13 03:26:18.971412
dfff1a1d-3116-4e83-bf8b-368756348903,jamie.robinson@bakerhughes.com,CMP_LIVE_HYDROGEN_INFRASTRUCTURE,Open,https://example.com?utm_source=mailchimp&utm_campaign=email-hydrogen_infrastructure-1,2025-09-20 01:47:18.971412
954d5d7c-35da-4cd2-a698-df9e723ae28d,jamie.robinson@bakerhughes.com,CMP_LIVE_HYDROGEN_INFRASTRUCTURE,Click,https://example.com?utm_source=mailchimp&utm_campaign=email-hydrogen_infrastructure-1,2025-09-20 01:48:11.971412
10255188-47d3-43b3-a6f8-ab85748e8330,molly.murphy@bakerhughes.com,CMP_LIVE_HYDROGEN_INFRASTRUCTURE,Open,https://example.com?utm_source=mailchimp&utm_campaign=email-hydrogen_infrastructure-1,2025-09-20 16:59:12.971412
ae5f7f4d-af22-4fb5-bcc3-f0eea84023a2,molly.murphy@bakerhughes.com,CMP_LIVE_HYDROGEN_INFRASTRUCTURE,Open,https://example.com?utm_source=mailchimp&utm_campaign=email-hydrogen_infrastructure-1,2025-09-21 08:59:12.971412
ad45fc34-7fb8-4c7e-b188-a7fb3c98c431,dylan.lester@bakerhughes.com,CMP_LIVE_DIGITAL_TWIN,Open,https://example.com?utm_source=mailchimp&utm_campaign=email-digital_twin-6,2026-08-29 01:47:12.971412
0a5a446c-65d0-4162-8287-5017eba6202f,dylan.lester@bakerhughes.com,CMP_LIVE_DIGITAL_TWIN,Open,https://example.com?utm_source=mailchimp&utm_campaign=email-digital_twin-5,2026-06-28 04:14:00.971412
49d72547-da2f-48eb-9f7d-cc0990065c81,dylan.lester@bakerhughes.com,CMP_LIVE_DIGITAL_TWIN,Open,https://example.com?utm_source=mailchimp&utm_campaign=email-digital_twin-5,2026-06-28 07:14:00.971412
e50d6906-1dc4-4d0f-ab47-ad9d952106be,dylan.lester@bakerhughes.com,CMP_LIVE_DIGITAL_TWIN,Open,https://example.com?utm_source=mailchimp&utm_campaign=email-digital_twin-5,2026-06-28 22:14:00.971412
5a3adc58-7f64-4c9a-a1d7-f3451b12caa9,dylan.lester@bakerhughes.com,CMP_LIVE_DIGITAL_TWIN,Click,https://example.com?utm_source=mailchimp&utm_campaign=email-digital_twin-5,2026-06-28 04:16:33.971412
01ffb722-008d-4158-ac0b-c3fd06b27edc,dylan.lester@bakerhughes.com,CMP_LIVE_DIGITAL_TWIN,Open,https://example.com?utm_source=mailchimp&utm_campaign=email-digital_twin-1,2025-12-22 17:27:44.971412
a19a1312-3545-4b48-88bc-bb5ee6fb01e3,dylan.lester@bakerhughes.com,CMP_LIVE_DIGITAL_TWIN,Click,https://example.com?utm_source=mailchimp&utm_campaign=email-digital_twin-1,2025-12-22 17:28:19.971412
651991eb-eeb3-4ce4-9b18-50fed811a08e,dylan.lester@bakerhughes.com,CMP_LIVE_DIGITAL_TWIN,Open,https://example.com?utm_source=mailchimp&utm_campaign=email-digital_twin-2,2026-03-06 01:00:19.971412
84fbaf28-dd51-46d8-9cdc-9f8ecfdfef21,dylan.lester@bakerhughes.com,CMP_LIVE_DIGITAL_TWIN,Click,https://example.com?utm_source=mailchimp&utm_campaign=email-digital_twin-2,2026-03-06 01:00:48.971412
a91e8017-b46f-4b92-bfce-384fdc51b417,duane.anderson@bakerhughes.com,CMP_LIVE_HYDROGEN_INFRASTRUCTURE,Open,https://example.com?utm_source=mailchimp&utm_campaign=email-hydrogen_infrastructure-5,2026-04-04 10:35:36.971412
6c3d47b4-d37b-4560-89a7-76066cc288f7,john.thompson@bakerhughes.com,CMP_PAST_SUSTAINABLE_ENGINEERING,Open,https://example.com?utm_source=mailchimp&utm_campaign=email-sustainable_engineering-1,2025-06-25 13:28:33.971412
714bdd0e-6d71-4012-936b-670612882b63,john.thompson@bakerhughes.com,CMP_PAST_SUSTAINABLE_ENGINEERING,Open,https://example.com?utm_source=mailchimp&utm_campaign=email-sustainable_engineering-1,2025-06-26 00:28:33.971412
874f076b-f845-4b9f-a969-230ace8b6729,john.thompson@bakerhughes.com,CMP_PAST_SUSTAINABLE_ENGINEERING,Open,https://example.com?utm_source=mailchimp&utm_campaign=email-sustainable_engineering-1,2025-06-27 07:28:33.971412
0f3ada24-f4ee-471b-9ec5-5b733b8576be,john.thompson@bakerhughes.com,CMP_PAST_SUSTAINABLE_ENGINEERING,Click,https://example.com?utm_source=mailchimp&utm_campaign=email-sustainable_engineering-1,2025-06-25 13:30:07.971412
4a98455d-8e4c-4401-a293-8221654b498c,john.thompson@bakerhughes.com,CMP_PAST_SUSTAINABLE_ENGINEERING,Open,https://example.com?utm_source=mailchimp&utm_campaign=email-sustainable_engineering-4,2025-11-18 04:20:40.971412
9d59b91f-6fd5-4967-b908-dd5caadbf70d,john.thompson@bakerhughes.com,CMP_PAST_SUSTAINABLE_ENGINEERING,Open,https://example.com?utm_source=mailchimp&utm_campaign=email-sustainable_engineering-3,2025-10-03 01:49:32.971412
5a2f2854-f361-46bb-83fa-e5e2b195fcbe,john.thompson@bakerhughes.com,CMP_PAST_SUSTAINABLE_ENGINEERING,Open,https://example.com?utm_source=mailchimp&utm_campaign=email-sustainable_engineering-3,2025-10-04 02:49:32.971412
59647ee3-3afe-4327-a4ed-9ef9230d0d9d,john.thompson@bakerhughes.com,CMP_PAST_SUSTAINABLE_ENGINEERING,Open,https://example.com?utm_source=mailchimp&utm_campaign=email-sustainable_engineering-7,2026-04-20 14:43:23.971412
4a20c266-ceeb-4d75-9313-de2660fed49d,donna.johnson@bakerhughes.com,CMP_LIVE_DECARBONIZATION_25_26,Open,https://example.com?utm_source=mailchimp&utm_campaign=email-live_decarbonization_25_26-4,2026-09-08 22:21:53.971412
80b78212-160b-44ca-a071-c2c5d340ae51,donna.johnson@bakerhughes.com,CMP_LIVE_DECARBONIZATION_25_26,Click,https://example.com?utm_source=mailchimp&utm_campaign=email-live_decarbonization_25_26-4,2026-09-08 01:47:12.971412
ae7d609d-61c7-455d-b36f-6a42c63c30c0,donna.johnson@bakerhughes.com,CMP_LIVE_DECARBONIZATION_25_26,Open,https://example.com?utm_source=mailchimp&utm_campaign=email-live_decarbonization_25_26-2,2026-05-12 10:46:50.971412
a1d24fa6-7b9b-4d2a-b0a0-758802a2afe2,donna.johnson@bakerhughes.com,CMP_LIVE_DECARBONIZATION_25_26,Click,https://example.com?utm_source=mailchimp&utm_campaign=email-live_decarbonization_25_26-2,2026-05-12 10:48:06.971412
25fef4a0-d528-4bdc-9da0-670f800d730f,donna.johnson@bakerhughes.com,CMP_LIVE_DECARBONIZATION_25_26,Open,https://example.com?utm_source=mailchimp&utm_campaign=email-live_decarbonization_25_26-1,2026-03-13 07:10:07.971412
fb61c08d-4666-4ed9-9387-960c30c9db58,alexis.tyler@bakerhughes.com,CMP_PAST_SUSTAINABLE_ENGINEERING,Open,https://example.com?utm_source=mailchimp&utm_campaign=email-sustainable_engineering-1,2025-06-13 23:11:17.971412
4cf0a277-ff86-49f8-9b64-0392cb51e899,john.morris@bakerhughes.com,CMP_PAST_ASSET_OPTIMIZATION,Open,https://example.com?utm_source=mailchimp&utm_campaign=email-asset_optimization-6,2025-12-17 08:17:49.971412
121dd227-f2fc-48b3-a097-6465ba7f6b6f,john.morris@bakerhughes.com,CMP_PAST_ASSET_OPTIMIZATION,Click,https://example.com?utm_source=mailchimp&utm_campaign=email-asset_optimization-6,2025-12-17 08:18:53.971412
62bd7007-3ec6-4c59-a0b9-3babb604a7d3,john.morris@bakerhughes.com,CMP_PAST_ASSET_OPTIMIZATION,Open,https://example.com?utm_source=mailchimp&utm_campaign=email-asset_optimization-2,2025-05-27 19:38:42.971412
5102921d-2806-4657-b165-2923261b300b,john.morris@bakerhughes.com,CMP_PAST_ASSET_OPTIMIZATION,Open,https://example.com?utm_source=mailchimp&utm_campaign=email-asset_optimization-2,2025-05-29 16:38:42.971412
6c598933-e2b2-4f6a-aa4c-05af75a604eb,john.morris@bakerhughes.com,CMP_PAST_ASSET_OPTIMIZATION,Open,https://example.com?utm_source=mailchimp&utm_campaign=email-asset_optimization-2,2025-05-27 22:38:42.971412
9177c46d-9777-4572-84d1-a74140c433a2,john.morris@bakerhughes.com,CMP_PAST_ASSET_OPTIMIZATION,Open,https://example.com?utm_source=mailchimp&utm_campaign=email-asset_optimization-5,2025-10-07 03:08:39.971412
ada6ede2-5180-480c-9b61-b2d4e426288d,john.morris@bakerhughes.com,CMP_PAST_ASSET_OPTIMIZATION,Click,https://example.com?utm_source=mailchimp&utm_campaign=email-asset_optimization-5,2025-10-07 03:09:09.971412
3daf4a42-fb71-4205-ad76-444b0e2ef53c,john.morris@bakerhughes.com,CMP_PAST_ASSET_OPTIMIZATION,Open,https://example.com?utm_source=mailchimp&utm_campaign=email-asset_optimization-1,2025-04-14 00:26:58.971412
e831ab02-50ed-47f9-ba01-822fbb286cad,john.morris@bakerhughes.com,CMP_PAST_ASSET_OPTIMIZATION,Open,https://example.com?utm_source=mailchimp&utm_campaign=email-asset_optimization-3,2025-07-21 11:01:00.971412
34ac241b-1e5b-43f7-9521-a8f1925dd814,john.morris@bakerhughes.com,CMP_PAST_ASSET_OPTIMIZATION,Open,https://example.com?utm_source=mailchimp&utm_campaign=email-asset_optimization-7,2026-01-26 02:00:23.971412
963babc4-35d3-4ba4-ad90-00ac7e2493b2,judy.fox@bakerhughes.com,CMP_LIVE_DECARBONIZATION_25_26,Open,https://example.com?utm_source=mailchimp&utm_campaign=email-live_decarbonization_25_26-1,2026-03-13 09:08:52.971412
aa054b31-dbc3-4a05-b59e-2dc3b9b524fc,judy.fox@bakerhughes.com,CMP_LIVE_DECARBONIZATION_25_26,Open,https://example.com?utm_source=mailchimp&utm_campaign=email-live_decarbonization_25_26-1,2026-03-15 07:08:52.971412
74e825dc-d1f5-45e0-99d5-5dd72dfc4c3f,judy.fox@bakerhughes.com,CMP_LIVE_DECARBONIZATION_25_26,Open,https://example.com?utm_source=mailchimp&utm_campaign=email-live_decarbonization_25_26-2,2026-05-27 10:41:27.971412
ac727cec-a35e-4e74-b6bc-b8a06409ec2d,judy.fox@bakerhughes.com,CMP_LIVE_DECARBONIZATION_25_26,Open,https://example.com?utm_source=mailchimp&utm_campaign=email-live_decarbonization_25_26-2,2026-05-28 00:41:27.971412
04e70ad7-d27e-41cd-8411-2c5d82dec49c,judy.fox@bakerhughes.com,CMP_LIVE_DECARBONIZATION_25_26,Open,https://example.com?utm_source=mailchimp&utm_campaign=email-live_decarbonization_25_26-3,2026-08-14 16:25:36.971412
38104ad5-5b82-4d75-8a23-5b18f138f137,judy.fox@bakerhughes.com,CMP_LIVE_DECARBONIZATION_25_26,Open,https://example.com?utm_source=mailchimp&utm_campaign=email-live_decarbonization_25_26-4,2026-09-08 19:12:31.971412
94cac877-4941-4f64-99f7-2194986258f1,judy.fox@bakerhughes.com,CMP_LIVE_DECARBONIZATION_25_26,Open,https://example.com?utm_source=mailchimp&utm_campaign=email-live_decarbonization_25_26-4,2026-09-08 01:47:12.971412
2ddc329d-3099-401c-978c-282d79d7d710,julie.alvarez@bakerhughes.com,CMP_LIVE_DECARBONIZATION_25_26,Open,https://example.com?utm_source=mailchimp&utm_campaign=email-live_decarbonization_25_26-2,2026-05-23 23:46:57.971412
3bb56978-4ca1-4f9c-b9a6-6f8111e324c9,julie.alvarez@bakerhughes.com,CMP_LIVE_DECARBONIZATION_25_26,Open,https://example.com?utm_source=mailchimp&utm_campaign=email-live_decarbonization_25_26-2,2026-05-25 20:46:57.971412
085eedcd-9286-4ba0-9315-6276561089a3,kimberly.palmer@bakerhughes.com,CMP_PAST_SUSTAINABLE_ENGINEERING,Open,https://example.com?utm_source=mailchimp&utm_campaign=email-sustainable_engineering-4,2025-12-13 04:59:56.971412
adf0246a-805e-4a95-aee1-946856a24f1c,kimberly.palmer@bakerhughes.com,CMP_PAST_SUSTAINABLE_ENGINEERING,Open,https://example.com?utm_source=mailchimp&utm_campaign=email-sustainable_engineering-3,2025-10-19 01:44:15.971412
0c86e544-bd2e-4e10-9abc-c64aa201d9f8,kimberly.palmer@bakerhughes.com,CMP_PAST_SUSTAINABLE_ENGINEERING,Open,https://example.com?utm_source=mailchimp&utm_campaign=email-sustainable_engineering-3,2025-10-19 23:44:15.971412
21f15563-cb33-4775-95dc-99180566a7a4,kimberly.palmer@bakerhughes.com,CMP_PAST_SUSTAINABLE_ENGINEERING,Click,https://example.com?utm_source=mailchimp&utm_campaign=email-sustainable_engineering-3,2025-10-19 01:44:48.971412
3248e0a6-e043-4796-b9e5-2fa2c668a5fc,daniel.gordon@bakerhughes.com,CMP_PAST_ASSET_OPTIMIZATION,Open,https://example.com?utm_source=mailchimp&utm_campaign=email-asset_optimization-6,2025-11-19 16:35:59.971412
27ddd686-a806-491d-8446-65467e263206,daniel.gordon@bakerhughes.com,CMP_PAST_ASSET_OPTIMIZATION,Click,https://example.com?utm_source=mailchimp&utm_campaign=email-asset_optimization-6,2025-11-19 16:36:37.971412
545d6198-3b77-4f3c-9e28-6853b58c595d,sonia.williams@bakerhughes.com,CMP_LIVE_DECARBONIZATION_25_26,Open,https://example.com?utm_source=mailchimp&utm_campaign=email-live_decarbonization_25_26-1,2026-03-15 09:46:22.971412
a3f310e7-36f5-4a4e-b0d3-7070ffccd58e,sonia.williams@bakerhughes.com,CMP_LIVE_DECARBONIZATION_25_26,Click,https://example.com?utm_source=mailchimp&utm_campaign=email-live_decarbonization_25_26-1,2026-03-15 09:47:41.971412
e96970f2-939c-4e7c-853f-0ef8e4fd426f,krista.camacho@bakerhughes.com,CMP_PAST_ASSET_OPTIMIZATION,Open,https://example.com?utm_source=mailchimp&utm_campaign=email-asset_optimization-2,2025-05-02 11:26:25.971412
9c88995b-83d6-4724-a057-6f6e5ad5b029,krista.camacho@bakerhughes.com,CMP_PAST_ASSET_OPTIMIZATION,Open,https://example.com?utm_source=mailchimp&utm_campaign=email-asset_optimization-2,2025-05-04 01:26:25.971412
e110ecc4-d7f1-4f4a-ae43-e8624cc2cde5,krista.camacho@bakerhughes.com,CMP_PAST_ASSET_OPTIMIZATION,Open,https://example.com?utm_source=mailchimp&utm_campaign=email-asset_optimization-2,2025-05-03 04:26:25.971412
b623b269-c8e7-4fb5-a33b-0fc285aff802,krista.camacho@bakerhughes.com,CMP_PAST_ASSET_OPTIMIZATION,Open,https://example.com?utm_source=mailchimp&utm_campaign=email-asset_optimization-5,2025-10-07 01:47:18.971412
c9199603-4303-4f67-b17c-514df6d3af50,krista.camacho@bakerhughes.com,CMP_PAST_ASSET_OPTIMIZATION,Open,https://example.com?utm_source=mailchimp&utm_campaign=email-asset_optimization-5,2025-10-08 09:47:18.971412
6753e1c9-20cf-4cf7-814f-8ae9e4ecb63c,krista.camacho@bakerhughes.com,CMP_PAST_ASSET_OPTIMIZATION,Open,https://example.com?utm_source=mailchimp&utm_campaign=email-asset_optimization-5,2025-10-07 16:47:18.971412
399677f7-b910-40c6-afaf-a2b9368a42c7,krista.camacho@bakerhughes.com,CMP_PAST_ASSET_OPTIMIZATION,Click,https://example.com?utm_source=mailchimp&utm_campaign=email-asset_optimization-5,2025-10-07 01:49:22.971412
da458d26-f8ac-431d-b625-8dd0a86a937f,adrienne.ellis@weatherford.com,CMP_LIVE_HYDROGEN_INFRASTRUCTURE,Open,https://example.com?utm_source=mailchimp&utm_campaign=email-hydrogen_infrastructure-8,2026-08-30 20:17:56.971412
9142e476-044a-4305-836e-6d235863fd9a,adrienne.ellis@weatherford.com,CMP_LIVE_HYDROGEN_INFRASTRUCTURE,Click,https://example.com?utm_source=mailchimp&utm_campaign=email-hydrogen_infrastructure-8,2026-08-30 20:20:54.971412
e50eebdd-d013-4f74-83df-d0cf92e15342,timothy.morales@weatherford.com,CMP_LIVE_HYDROGEN_INFRASTRUCTURE,Open,https://example.com?utm_source=mailchimp&utm_campaign=email-hydrogen_infrastructure-1,2025-09-20 06:29:35.971412
190a0234-4370-4c8c-840d-5c85af2b6e69,timothy.morales@weatherford.com,CMP_LIVE_HYDROGEN_INFRASTRUCTURE,Click,https://example.com?utm_source=mailchimp&utm_campaign=email-hydrogen_infrastructure-1,2025-09-20 06:30:52.971412
7616cefd-b1fc-4da7-900c-e3c0d6749a8b,gina.henry@weatherford.com,CMP_PAST_ASSET_OPTIMIZATION,Open,https://example.com?utm_source=mailchimp&utm_campaign=email-asset_optimization-4,2025-08-17 10:30:03.971412
b0fe85e1-fa6c-4d59-b9f2-c1cd7ffcc865,gina.henry@weatherford.com,CMP_PAST_ASSET_OPTIMIZATION,Open,https://example.com?utm_source=mailchimp&utm_campaign=email-asset_optimization-4,2025-08-18 08:30:03.971412
10292c4b-6ff2-422a-a975-2fd51cf8f28f,gina.henry@weatherford.com,CMP_PAST_ASSET_OPTIMIZATION,Open,https://example.com?utm_source=mailchimp&utm_campaign=email-asset_optimization-4,2025-08-19 03:30:03.971412
11be7e27-8668-4cf0-b154-0f655d4a2636,gina.henry@weatherford.com,CMP_PAST_ASSET_OPTIMIZATION,Click,https://example.com?utm_source=mailchimp&utm_campaign=email-asset_optimization-4,2025-08-17 10:32:32.971412
94281835-e73a-4613-be84-482a29165b72,gina.henry@weatherford.com,CMP_PAST_ASSET_OPTIMIZATION,Open,https://example.com?utm_source=mailchimp&utm_campaign=email-asset_optimization-6,2025-12-11 12:45:31.971412
09e39e91-4bc1-4f8b-a59b-cdc7ade58cdb,gina.henry@weatherford.com,CMP_PAST_ASSET_OPTIMIZATION,Open,https://example.com?utm_source=mailchimp&utm_campaign=email-asset_optimization-6,2025-12-13 05:45:31.971412
b85aa642-4132-424d-8b53-1a02bc56a0b0,gina.henry@weatherford.com,CMP_PAST_ASSET_OPTIMIZATION,Open,https://example.com?utm_source=mailchimp&utm_campaign=email-asset_optimization-2,2025-05-16 12:58:18.971412
88533dcd-55fd-4d53-aff9-84be5ebc8a37,gina.henry@weatherford.com,CMP_PAST_ASSET_OPTIMIZATION,Open,https://example.com?utm_source=mailchimp&utm_campaign=email-asset_optimization-5,2025-11-02 16:53:05.971412
03854e48-b4fa-454b-ad68-882d5291fb4f,gina.henry@weatherford.com,CMP_PAST_ASSET_OPTIMIZATION,Open,https://example.com?utm_source=mailchimp&utm_campaign=email-asset_optimization-7,2026-01-19 20:30:52.971412
fe72a9ac-1f00-4649-89e7-1c297e5c1366,gina.henry@weatherford.com,CMP_PAST_ASSET_OPTIMIZATION,Click,https://example.com?utm_source=mailchimp&utm_campaign=email-asset_optimization-7,2026-01-19 20:33:38.971412
631d1668-6f0b-4b21-81d1-cfc541858e56,renee.jones@weatherford.com,CMP_PAST_SUSTAINABLE_ENGINEERING,Open,https://example.com?utm_source=mailchimp&utm_campaign=email-sustainable_engineering-4,2025-11-30 09:47:03.971412
6d25a910-c63c-4bd8-bdbb-7f279fedeede,renee.jones@weatherford.com,CMP_PAST_SUSTAINABLE_ENGINEERING,Open,https://example.com?utm_source=mailchimp&utm_campaign=email-sustainable_engineering-7,2026-05-05 22:29:59.971412
f0974e42-1457-48e2-9415-51fcfa27ed8e,renee.jones@weatherford.com,CMP_PAST_SUSTAINABLE_ENGINEERING,Open,https://example.com?utm_source=mailchimp&utm_campaign=email-sustainable_engineering-5,2025-12-28 02:05:11.971412
0eced7bd-e847-4c29-b9f7-7f0a66415009,renee.jones@weatherford.com,CMP_PAST_SUSTAINABLE_ENGINEERING,Open,https://example.com?utm_source=mailchimp&utm_campaign=email-sustainable_engineering-5,2025-12-28 11:05:11.971412
2f62343b-418f-4ba2-9f55-2e759a547992,renee.jones@weatherford.com,CMP_PAST_SUSTAINABLE_ENGINEERING,Open,https://example.com?utm_source=mailchimp&utm_campaign=email-sustainable_engineering-6,2026-02-19 14:06:30.971412
1886027d-8e6d-4d0f-86ae-448e7cba3bf4,renee.jones@weatherford.com,CMP_PAST_SUSTAINABLE_ENGINEERING,Open,https://example.com?utm_source=mailchimp&utm_campaign=email-sustainable_engineering-6,2026-02-21 01:06:30.971412
1b40eecf-eb8b-4967-a18e-9aebb51e0d9b,renee.jones@weatherford.com,CMP_PAST_SUSTAINABLE_ENGINEERING,Open,https://example.com?utm_source=mailchimp&utm_campaign=email-sustainable_engineering-1,2025-07-06 14:12:20.971412
123e7928-4491-45b3-8d21-7298b7b4eccb,renee.jones@weatherford.com,CMP_PAST_SUSTAINABLE_ENGINEERING,Click,https://example.com?utm_source=mailchimp&utm_campaign=email-sustainable_engineering-1,2025-07-06 14:12:45.971412
90f89357-f8e9-429a-a8d8-8c66212f1aee,renee.jones@weatherford.com,CMP_PAST_SUSTAINABLE_ENGINEERING,Open,https://example.com?utm_source=mailchimp&utm_campaign=email-sustainable_engineering-2,2025-08-16 17:04:29.971412
37100563-8290-46a3-ace6-a85049ab81d5,renee.jones@weatherford.com,CMP_PAST_SUSTAINABLE_ENGINEERING,Open,https://example.com?utm_source=mailchimp&utm_campaign=email-sustainable_engineering-2,2025-08-17 04:04:29.971412
c0411dec-de93-43a4-9418-a481d7988923,cameron.hill@weatherford.com,CMP_LIVE_DECARBONIZATION_25_26,Open,https://example.com?utm_source=mailchimp&utm_campaign=email-live_decarbonization_25_26-1,2026-03-13 06:48:19.971412
7a2ed7a7-32d7-4c10-8b46-0b14ae3111f6,cameron.hill@weatherford.com,CMP_LIVE_DECARBONIZATION_25_26,Click,https://example.com?utm_source=mailchimp&utm_campaign=email-live_decarbonization_25_26-1,2026-03-13 06:49:40.971412
49560cdc-e168-4caa-8333-92ec383154a0,cynthia.kelley@weatherford.com,CMP_PAST_SUSTAINABLE_ENGINEERING,Open,https://example.com?utm_source=mailchimp&utm_campaign=email-sustainable_engineering-7,2026-04-28 12:16:53.971412
ac85ed6e-0709-4f67-a3c7-440c82e0df9f,cynthia.kelley@weatherford.com,CMP_PAST_SUSTAINABLE_ENGINEERING,Open,https://example.com?utm_source=mailchimp&utm_campaign=email-sustainable_engineering-7,2026-04-30 00:16:53.971412
9ce883f9-26f8-4c83-8533-7afaec2238a7,cynthia.kelley@weatherford.com,CMP_PAST_SUSTAINABLE_ENGINEERING,Open,https://example.com?utm_source=mailchimp&utm_campaign=email-sustainable_engineering-2,2025-08-16 19:03:28.971412
cc0d5a7c-f806-4657-abc1-4349100b9a72,alyssa.chavez@weatherford.com,CMP_PAST_SUSTAINABLE_ENGINEERING,Open,https://example.com?utm_source=mailchimp&utm_campaign=email-sustainable_engineering-5,2026-02-01 20:36:13.971412
0fe33b52-2f73-4a1b-a841-c061d53c3f1a,jacqueline.farrell@weatherford.com,CMP_LIVE_DIGITAL_TWIN,Open,https://example.com?utm_source=mailchimp&utm_campaign=email-digital_twin-3,2026-04-25 03:30:28.971412
be2c10ac-3394-43c8-97f9-b4f00fdc0022,jacqueline.farrell@weatherford.com,CMP_LIVE_DIGITAL_TWIN,Open,https://example.com?utm_source=mailchimp&utm_campaign=email-digital_twin-4,2026-06-04 00:46:19.971412
963b0301-9a0e-4a2e-829c-227df878d01e,jacqueline.farrell@weatherford.com,CMP_LIVE_DIGITAL_TWIN,Click,https://example.com?utm_source=mailchimp&utm_campaign=email-digital_twin-4,2026-06-04 00:47:43.971412
b3b3f5b2-3488-4c5f-89e7-8095df0de7f1,debra.mack@weatherford.com,CMP_LIVE_HYDROGEN_INFRASTRUCTURE,Open,https://example.com?utm_source=mailchimp&utm_campaign=email-hydrogen_infrastructure-8,2026-08-31 21:48:38.971412
fe653770-88dc-4ddb-b70e-b987f03888b9,debra.mack@weatherford.com,CMP_LIVE_HYDROGEN_INFRASTRUCTURE,Open,https://example.com?utm_source=mailchimp&utm_campaign=email-hydrogen_infrastructure-8,2026-09-02 05:48:38.971412
26dbcf70-f8ef-469b-9fb6-8334268669c9,debra.mack@weatherford.com,CMP_LIVE_HYDROGEN_INFRASTRUCTURE,Open,https://example.com?utm_source=mailchimp&utm_campaign=email-hydrogen_infrastructure-8,2026-09-02 16:48:38.971412
09677dca-7105-45de-888f-5057b5d4458f,debra.mack@weatherford.com,CMP_LIVE_HYDROGEN_INFRASTRUCTURE,Open,https://example.com?utm_source=mailchimp&utm_campaign=email-hydrogen_infrastructure-5,2026-05-08 13:43:33.971412
602fc0f7-10a8-40e1-9de9-31c186127366,debra.mack@weatherford.com,CMP_LIVE_HYDROGEN_INFRASTRUCTURE,Click,https://example.com?utm_source=mailchimp&utm_campaign=email-hydrogen_infrastructure-5,2026-05-08 13:45:26.971412
9c01d749-af66-4e75-a172-0105a83b8d8b,debra.mack@weatherford.com,CMP_LIVE_HYDROGEN_INFRASTRUCTURE,Open,https://example.com?utm_source=mailchimp&utm_campaign=email-hydrogen_infrastructure-3,2026-01-05 00:28:03.971412
966e70e4-e754-4db8-ba35-995774cdad7c,debra.mack@weatherford.com,CMP_LIVE_HYDROGEN_INFRASTRUCTURE,Open,https://example.com?utm_source=mailchimp&utm_campaign=email-hydrogen_infrastructure-3,2026-01-05 13:28:03.971412
9719f633-e222-434d-b4ba-cf94d8c85ed5,debra.mack@weatherford.com,CMP_LIVE_HYDROGEN_INFRASTRUCTURE,Open,https://example.com?utm_source=mailchimp&utm_campaign=email-hydrogen_infrastructure-3,2026-01-05 11:28:03.971412
aa76232e-d5b8-41c2-9b44-fb455b95bdc2,debra.mack@weatherford.com,CMP_LIVE_HYDROGEN_INFRASTRUCTURE,Open,https://example.com?utm_source=mailchimp&utm_campaign=email-hydrogen_infrastructure-2,2025-11-03 13:46:29.971412
d2874da2-61b3-4514-a14c-b5c6514c154c,debra.mack@weatherford.com,CMP_LIVE_HYDROGEN_INFRASTRUCTURE,Open,https://example.com?utm_source=mailchimp&utm_campaign=email-hydrogen_infrastructure-1,2025-10-07 23:57:39.971412
64e70c5b-d10b-4341-9a39-9c2e9dbc99f2,debra.mack@weatherford.com,CMP_LIVE_HYDROGEN_INFRASTRUCTURE,Click,https://example.com?utm_source=mailchimp&utm_campaign=email-hydrogen_infrastructure-1,2025-10-07 23:58:06.971412
2b407c5d-5ee7-4051-ae5b-a76b93e4e245,debra.mack@weatherford.com,CMP_LIVE_HYDROGEN_INFRASTRUCTURE,Open,https://example.com?utm_source=mailchimp&utm_campaign=email-hydrogen_infrastructure-7,2026-08-13 19:13:18.971412
11125595-d4ed-4101-a1e1-407cf8ab36c1,debra.mack@weatherford.com,CMP_LIVE_HYDROGEN_INFRASTRUCTURE,Open,https://example.com?utm_source=mailchimp&utm_campaign=email-hydrogen_infrastructure-7,2026-08-14 01:13:18.971412
e184e17c-f201-4699-86e0-4fcca0b5af1f,debra.mack@weatherford.com,CMP_LIVE_HYDROGEN_INFRASTRUCTURE,Open,https://example.com?utm_source=mailchimp&utm_campaign=email-hydrogen_infrastructure-7,2026-08-15 02:13:18.971412
83604a21-81af-40a7-8219-598514aa0fad,debra.mack@weatherford.com,CMP_LIVE_HYDROGEN_INFRASTRUCTURE,Open,https://example.com?utm_source=mailchimp&utm_campaign=email-hydrogen_infrastructure-4,2026-02-17 20:08:31.971412
d0ceb96a-c753-4131-9399-134be64dbc9d,debra.mack@weatherford.com,CMP_LIVE_HYDROGEN_INFRASTRUCTURE,Open,https://example.com?utm_source=mailchimp&utm_campaign=email-hydrogen_infrastructure-6,2026-06-11 12:57:39.971412
84f15651-ad40-45e2-a3c0-4bc47ebf39cc,shannon.perez@weatherford.com,CMP_LIVE_HYDROGEN_INFRASTRUCTURE,Open,https://example.com?utm_source=mailchimp&utm_campaign=email-hydrogen_infrastructure-7,2026-07-13 04:58:44.971412
9312c226-4b4b-4924-8be1-4df52d227d34,shannon.perez@weatherford.com,CMP_LIVE_HYDROGEN_INFRASTRUCTURE,Open,https://example.com?utm_source=mailchimp&utm_campaign=email-hydrogen_infrastructure-1,2025-09-21 10:52:17.971412
91bb2bd5-33f6-4a01-87f8-3fe583dc3bbc,shannon.perez@weatherford.com,CMP_LIVE_HYDROGEN_INFRASTRUCTURE,Open,https://example.com?utm_source=mailchimp&utm_campaign=email-hydrogen_infrastructure-1,2025-09-22 10:52:17.971412
81a338be-0d64-4256-9948-78855e95a5ba,shannon.perez@weatherford.com,CMP_LIVE_HYDROGEN_INFRASTRUCTURE,Open,https://example.com?utm_source=mailchimp&utm_campaign=email-hydrogen_infrastructure-4,2026-02-26 21:17:17.971412
0c23b637-c0e6-4bc3-adfe-2e4aedb45e39,shannon.perez@weatherford.com,CMP_LIVE_HYDROGEN_INFRASTRUCTURE,Open,https://example.com?utm_source=mailchimp&utm_campaign=email-hydrogen_infrastructure-4,2026-02-28 00:17:17.971412
c1a4ef56-c7e4-471c-a20a-bee41b462021,shannon.perez@weatherford.com,CMP_LIVE_HYDROGEN_INFRASTRUCTURE,Click,https://example.com?utm_source=mailchimp&utm_campaign=email-hydrogen_infrastructure-4,2026-02-26 21:18:34.971412
7bc2965a-b676-42e7-be36-c05e217d8f5d,shannon.perez@weatherford.com,CMP_LIVE_HYDROGEN_INFRASTRUCTURE,Open,https://example.com?utm_source=mailchimp&utm_campaign=email-hydrogen_infrastructure-3,2026-01-23 02:09:21.971412
9c0debd1-0b2a-42fd-9da4-b6f1b1545430,shannon.perez@weatherford.com,CMP_LIVE_HYDROGEN_INFRASTRUCTURE,Open,https://example.com?utm_source=mailchimp&utm_campaign=email-hydrogen_infrastructure-3,2026-01-24 22:09:21.971412
cc4bb079-eea6-4525-996e-119df92b2b84,matthew.chavez@weatherford.com,CMP_LIVE_DIGITAL_TWIN,Open,https://example.com?utm_source=mailchimp&utm_campaign=email-digital_twin-1,2025-12-16 03:19:59.971412
5e13099e-9f45-4305-9ea1-3ff6fde1e3de,matthew.chavez@weatherford.com,CMP_LIVE_DIGITAL_TWIN,Open,https://example.com?utm_source=mailchimp&utm_campaign=email-digital_twin-1,2025-12-16 19:19:59.971412
bceacbf5-22be-40a7-a3fb-8f117efd09f0,matthew.chavez@weatherford.com,CMP_LIVE_DIGITAL_TWIN,Open,https://example.com?utm_source=mailchimp&utm_campaign=email-digital_twin-2,2026-01-30 01:47:26.971412
5722b367-ec18-421c-b1c2-ec8a3632eb97,ronald.ortega@weatherford.com,CMP_LIVE_DIGITAL_TWIN,Open,https://example.com?utm_source=mailchimp&utm_campaign=email-digital_twin-3,2026-04-27 01:45:00.971412
6b207eff-4ff2-4576-b0aa-de2818cf628a,ronald.ortega@weatherford.com,CMP_LIVE_DIGITAL_TWIN,Open,https://example.com?utm_source=mailchimp&utm_campaign=email-digital_twin-6,2026-08-29 10:24:26.971412
da937e78-23fa-45e7-a0b1-5f989d40b692,ronald.ortega@weatherford.com,CMP_LIVE_DIGITAL_TWIN,Click,https://example.com?utm_source=mailchimp&utm_campaign=email-digital_twin-6,2026-08-29 10:25:27.971412
f644524b-39be-405c-9295-2f46d2d811f2,ronald.ortega@weatherford.com,CMP_LIVE_DIGITAL_TWIN,Open,https://example.com?utm_source=mailchimp&utm_campaign=email-digital_twin-4,2026-05-20 00:08:47.971412
0a0a18f6-9f35-4079-98cf-4ae6a612d192,ronald.ortega@weatherford.com,CMP_LIVE_DIGITAL_TWIN,Open,https://example.com?utm_source=mailchimp&utm_campaign=email-digital_twin-1,2025-12-27 06:27:02.971412
10975ad6-bcdf-4eff-81f3-fe560d3017ac,nicholas.hernandez@weatherford.com,CMP_LIVE_DECARBONIZATION_25_26,Open,https://example.com?utm_source=mailchimp&utm_campaign=email-live_decarbonization_25_26-3,2026-08-05 09:48:13.971412
f9577481-290d-4ca8-9170-82312ff83cb4,nicholas.hernandez@weatherford.com,CMP_LIVE_DECARBONIZATION_25_26,Open,https://example.com?utm_source=mailchimp&utm_campaign=email-live_decarbonization_25_26-4,2026-09-08 01:47:13.971412
52633612-3270-41c4-8191-ef15d6330d48,sandra.jones@weatherford.com,CMP_PAST_SUSTAINABLE_ENGINEERING,Open,https://example.com?utm_source=mailchimp&utm_campaign=email-sustainable_engineering-2,2025-09-08 07:24:27.971412
d1e03d07-11a9-4415-bc8a-b0a668077588,marie.davis@weatherford.com,CMP_PAST_SUSTAINABLE_ENGINEERING,Open,https://example.com?utm_source=mailchimp&utm_campaign=email-sustainable_engineering-4,2025-12-17 14:46:43.971412
d56645ff-3c09-425f-89ba-955e44f32eff,colin.rodgers@weatherford.com,CMP_LIVE_DIGITAL_TWIN,Open,https://example.com?utm_source=mailchimp&utm_campaign=email-digital_twin-1,2026-01-25 10:22:23.971412
751df942-65f1-430c-96f4-93ffbaad5c1a,colin.rodgers@weatherford.com,CMP_LIVE_DIGITAL_TWIN,Open,https://example.com?utm_source=mailchimp&utm_campaign=email-digital_twin-3,2026-04-20 14:35:30.971412
c39118ae-f05c-4288-b37e-ef4231b62b1e,colin.rodgers@weatherford.com,CMP_LIVE_DIGITAL_TWIN,Open,https://example.com?utm_source=mailchimp&utm_campaign=email-digital_twin-3,2026-04-21 01:35:30.971412
32d50d2b-b5bb-4d1a-98c0-32248a7a1d78,colin.rodgers@weatherford.com,CMP_LIVE_DIGITAL_TWIN,Click,https://example.com?utm_source=mailchimp&utm_campaign=email-digital_twin-3,2026-04-20 14:38:03.971412
55dd045f-8e80-473a-9302-2420c1a84740,michael.ortega@weatherford.com,CMP_LIVE_DIGITAL_TWIN,Open,https://example.com?utm_source=mailchimp&utm_campaign=email-digital_twin-5,2026-07-08 10:33:34.971412
97d5c697-8c78-4291-9fd5-0c86f9b4fb0e,michael.ortega@weatherford.com,CMP_LIVE_DIGITAL_TWIN,Open,https://example.com?utm_source=mailchimp&utm_campaign=email-digital_twin-1,2026-01-28 10:03:56.971412
362e04dc-1005-48d4-b4e0-f02390596478,michael.ortega@weatherford.com,CMP_LIVE_DIGITAL_TWIN,Open,https://example.com?utm_source=mailchimp&utm_campaign=email-digital_twin-1,2026-01-28 21:03:56.971412
e1a2773a-d7d8-4caf-a52e-745f863c6793,michael.ortega@weatherford.com,CMP_LIVE_DIGITAL_TWIN,Open,https://example.com?utm_source=mailchimp&utm_campaign=email-digital_twin-4,2026-05-19 23:38:10.971412
675315f3-565b-4a18-b007-7faaac592321,michael.ortega@weatherford.com,CMP_LIVE_DIGITAL_TWIN,Open,https://example.com?utm_source=mailchimp&utm_campaign=email-digital_twin-3,2026-03-22 07:22:04.971412
b8b56fd6-a2b9-4099-8ff3-ba372f985576,michael.ortega@weatherford.com,CMP_LIVE_DIGITAL_TWIN,Open,https://example.com?utm_source=mailchimp&utm_campaign=email-digital_twin-6,2026-08-29 15:00:13.971412
a52891f3-7b2e-4a5f-8ff5-140a4165cddd,michael.ortega@weatherford.com,CMP_LIVE_DIGITAL_TWIN,Open,https://example.com?utm_source=mailchimp&utm_campaign=email-digital_twin-2,2026-02-09 00:57:59.971412
a62ce246-719f-45b5-a384-10a2f862afcc,karen.parrish@weatherford.com,CMP_PAST_SUSTAINABLE_ENGINEERING,Open,https://example.com?utm_source=mailchimp&utm_campaign=email-sustainable_engineering-1,2025-06-12 01:47:12.971412
a30335d5-221c-4f02-a90d-b90d97ab0a0b,karen.parrish@weatherford.com,CMP_PAST_SUSTAINABLE_ENGINEERING,Click,https://example.com?utm_source=mailchimp&utm_campaign=email-sustainable_engineering-1,2025-06-12 01:48:31.971412
468b0d19-6c12-4dd9-ba80-6fc3744d461d,karen.parrish@weatherford.com,CMP_PAST_SUSTAINABLE_ENGINEERING,Open,https://example.com?utm_source=mailchimp&utm_campaign=email-sustainable_engineering-3,2025-10-29 10:40:18.971412
9d5b3d61-b6a5-4dec-836e-a60a471eb3af,karen.parrish@weatherford.com,CMP_PAST_SUSTAINABLE_ENGINEERING,Open,https://example.com?utm_source=mailchimp&utm_campaign=email-sustainable_engineering-3,2025-10-30 09:40:18.971412
54df7255-c9f4-4ae3-b478-b90271ac28f4,jennifer.schmitt@weatherford.com,CMP_PAST_SUSTAINABLE_ENGINEERING,Open,https://example.com?utm_source=mailchimp&utm_campaign=email-sustainable_engineering-6,2026-02-21 08:10:43.971412
80861216-2686-4db4-9b24-0a2c8558c7fa,jennifer.schmitt@weatherford.com,CMP_PAST_SUSTAINABLE_ENGINEERING,Open,https://example.com?utm_source=mailchimp&utm_campaign=email-sustainable_engineering-6,2026-02-21 16:10:43.971412
96330718-a923-4f18-884d-f46b751ff442,caroline.bell@weatherford.com,CMP_LIVE_DIGITAL_TWIN,Open,https://example.com?utm_source=mailchimp&utm_campaign=email-digital_twin-4,2026-05-15 01:54:09.971412
02ab7c29-484d-4357-a874-5a2fb97f9fbe,caroline.bell@weatherford.com,CMP_LIVE_DIGITAL_TWIN,Open,https://example.com?utm_source=mailchimp&utm_campaign=email-digital_twin-4,2026-05-16 17:54:09.971412
a44c560f-c5d8-4eb5-b582-1b4e19ba87f2,caroline.bell@weatherford.com,CMP_LIVE_DIGITAL_TWIN,Open,https://example.com?utm_source=mailchimp&utm_campaign=email-digital_twin-6,2026-08-29 02:06:35.971412
0feae20a-d244-4a7a-9021-0a2ec3d64029,caroline.bell@weatherford.com,CMP_LIVE_DIGITAL_TWIN,Open,https://example.com?utm_source=mailchimp&utm_campaign=email-digital_twin-3,2026-03-23 15:23:56.971412
2c342cfa-7a1d-46b0-9bfc-bb0b6c479a89,becky.lewis@weatherford.com,CMP_LIVE_DIGITAL_TWIN,Open,https://example.com?utm_source=mailchimp&utm_campaign=email-digital_twin-3,2026-03-22 02:35:02.971412
2bda87f6-8f26-4c84-8e56-c432245315d9,becky.lewis@weatherford.com,CMP_LIVE_DIGITAL_TWIN,Open,https://example.com?utm_source=mailchimp&utm_campaign=email-digital_twin-3,2026-03-23 04:35:02.971412
1ca31a90-f480-4e42-abf5-c6d59f87acc0,becky.lewis@weatherford.com,CMP_LIVE_DIGITAL_TWIN,Open,https://example.com?utm_source=mailchimp&utm_campaign=email-digital_twin-3,2026-03-22 13:35:02.971412
90cf7094-1974-499f-afbb-27d401c57e07,diane.walker@weatherford.com,CMP_PAST_ASSET_OPTIMIZATION,Open,https://example.com?utm_source=mailchimp&utm_campaign=email-asset_optimization-3,2025-06-21 05:07:54.971412
e5838909-9643-4553-ae4c-f1306c693ecd,diane.walker@weatherford.com,CMP_PAST_ASSET_OPTIMIZATION,Open,https://example.com?utm_source=mailchimp&utm_campaign=email-asset_optimization-3,2025-06-23 00:07:54.971412
10928d00-16d0-4a3c-8146-eb46cef8a350,diane.walker@weatherford.com,CMP_PAST_ASSET_OPTIMIZATION,Open,https://example.com?utm_source=mailchimp&utm_campaign=email-asset_optimization-3,2025-06-23 01:07:54.971412
b1385950-65f4-4de8-89c9-a290ebd42065,diane.walker@weatherford.com,CMP_PAST_ASSET_OPTIMIZATION,Click,https://example.com?utm_source=mailchimp&utm_campaign=email-asset_optimization-3,2025-06-21 05:08:16.971412
0f2dcba0-32f0-4424-b899-ff15a5945fdb,daniel.bruce@weatherford.com,CMP_LIVE_DIGITAL_TWIN,Open,https://example.com?utm_source=mailchimp&utm_campaign=email-digital_twin-4,2026-05-15 02:04:26.971412
7a9fe333-d730-45d7-8419-de55f4302565,daniel.bruce@weatherford.com,CMP_LIVE_DIGITAL_TWIN,Click,https://example.com?utm_source=mailchimp&utm_campaign=email-digital_twin-4,2026-05-15 02:04:58.971412
9c4b8f5c-dad7-4c16-88a2-d0ea972aab22,daniel.bruce@weatherford.com,CMP_LIVE_DIGITAL_TWIN,Open,https://example.com?utm_source=mailchimp&utm_campaign=email-digital_twin-3,2026-03-26 07:37:32.971412
94d15203-4acb-4460-99e7-d617bd6bd551,michael.farmer@nationaloilwellvarco.com,CMP_PAST_SUSTAINABLE_ENGINEERING,Open,https://example.com?utm_source=mailchimp&utm_campaign=email-sustainable_engineering-3,2025-10-03 01:54:03.971412
08b79f52-b833-481e-bc19-fbb605c01dcc,michael.farmer@nationaloilwellvarco.com,CMP_PAST_SUSTAINABLE_ENGINEERING,Open,https://example.com?utm_source=mailchimp&utm_campaign=email-sustainable_engineering-7,2026-04-20 10:03:16.971412
c8c32bd1-8e86-4369-b83d-b575ae30e879,michael.farmer@nationaloilwellvarco.com,CMP_PAST_SUSTAINABLE_ENGINEERING,Open,https://example.com?utm_source=mailchimp&utm_campaign=email-sustainable_engineering-7,2026-04-21 17:03:16.971412
e7b16238-c2e7-4e74-9f18-f6b9d4a34e31,michael.farmer@nationaloilwellvarco.com,CMP_PAST_SUSTAINABLE_ENGINEERING,Click,https://example.com?utm_source=mailchimp&utm_campaign=email-sustainable_engineering-7,2026-04-20 10:05:59.971412
59d52d24-841a-45e5-9ded-499c160b13d9,audrey.aguirre@nationaloilwellvarco.com,CMP_LIVE_DECARBONIZATION_25_26,Open,https://example.com?utm_source=mailchimp&utm_campaign=email-live_decarbonization_25_26-2,2026-05-13 13:43:54.971412
bfabac1e-dd9b-470a-8e66-8049a087c085,audrey.aguirre@nationaloilwellvarco.com,CMP_LIVE_DECARBONIZATION_25_26,Open,https://example.com?utm_source=mailchimp&utm_campaign=email-live_decarbonization_25_26-1,2026-03-13 12:33:05.971412
caf00b84-beb9-4aef-a1c4-ce743388cae5,audrey.aguirre@nationaloilwellvarco.com,CMP_LIVE_DECARBONIZATION_25_26,Click,https://example.com?utm_source=mailchimp&utm_campaign=email-live_decarbonization_25_26-1,2026-03-13 12:35:13.971412
ee6de1eb-caf1-4840-9ab5-e1ae1fa831a9,audrey.aguirre@nationaloilwellvarco.com,CMP_LIVE_DECARBONIZATION_25_26,Open,https://example.com?utm_source=mailchimp&utm_campaign=email-live_decarbonization_25_26-4,2026-09-08 02:03:36.971412
ebb1bdc9-2c6a-4899-8dae-484bb41dc991,audrey.aguirre@nationaloilwellvarco.com,CMP_LIVE_DECARBONIZATION_25_26,Open,https://example.com?utm_source=mailchimp&utm_campaign=email-live_decarbonization_25_26-4,2026-09-08 01:47:12.971412
7c98e523-0811-4089-b007-335089467f12,megan.villegas@nationaloilwellvarco.com,CMP_LIVE_DIGITAL_TWIN,Open,https://example.com?utm_source=mailchimp&utm_campaign=email-digital_twin-4,2026-05-15 06:52:30.971412
99516484-7664-48aa-b22e-010b3257eb87,megan.villegas@nationaloilwellvarco.com,CMP_LIVE_DIGITAL_TWIN,Open,https://example.com?utm_source=mailchimp&utm_campaign=email-digital_twin-4,2026-05-15 11:52:30.971412
d43b6066-db97-4019-9339-d2e00c607c54,megan.villegas@nationaloilwellvarco.com,CMP_LIVE_DIGITAL_TWIN,Open,https://example.com?utm_source=mailchimp&utm_campaign=email-digital_twin-4,2026-05-16 23:52:30.971412
8da265b1-9739-459c-8e65-68e06137bafb,megan.villegas@nationaloilwellvarco.com,CMP_LIVE_DIGITAL_TWIN,Open,https://example.com?utm_source=mailchimp&utm_campaign=email-digital_twin-1,2025-12-26 05:52:25.971412
9dad852b-777e-4590-b39f-dfadc6f3faca,megan.villegas@nationaloilwellvarco.com,CMP_LIVE_DIGITAL_TWIN,Open,https://example.com?utm_source=mailchimp&utm_campaign=email-digital_twin-6,2026-08-29 02:26:01.971412
467a51c1-01b6-48b6-bb76-e8843a8e98c0,megan.villegas@nationaloilwellvarco.com,CMP_LIVE_DIGITAL_TWIN,Open,https://example.com?utm_source=mailchimp&utm_campaign=email-digital_twin-5,2026-07-09 10:29:24.971412
72f9c7d6-19fa-45a0-8f86-373ebdd34eaa,megan.villegas@nationaloilwellvarco.com,CMP_LIVE_DIGITAL_TWIN,Open,https://example.com?utm_source=mailchimp&utm_campaign=email-digital_twin-3,2026-03-28 16:36:12.971412
0eeb1887-1b8a-49d5-ac44-fab4b01548f4,megan.villegas@nationaloilwellvarco.com,CMP_LIVE_DIGITAL_TWIN,Open,https://example.com?utm_source=mailchimp&utm_campaign=email-digital_twin-3,2026-03-30 12:36:12.971412
59d49aea-544b-44a6-b1ee-8325168d1beb,megan.villegas@nationaloilwellvarco.com,CMP_LIVE_DIGITAL_TWIN,Open,https://example.com?utm_source=mailchimp&utm_campaign=email-digital_twin-3,2026-03-30 09:36:12.971412
6577514d-ff1e-4d54-ba29-ae92b8487a55,megan.villegas@nationaloilwellvarco.com,CMP_LIVE_DIGITAL_TWIN,Open,https://example.com?utm_source=mailchimp&utm_campaign=email-digital_twin-2,2026-01-30 02:42:12.971412
eeb3a7c1-508e-43dd-b5f8-9dc6c1234656,megan.villegas@nationaloilwellvarco.com,CMP_LIVE_DIGITAL_TWIN,Open,https://example.com?utm_source=mailchimp&utm_campaign=email-digital_twin-2,2026-01-31 03:42:12.971412
9e99f18b-4b89-4310-bc8d-1713a8b26cc0,megan.villegas@nationaloilwellvarco.com,CMP_LIVE_DIGITAL_TWIN,Open,https://example.com?utm_source=mailchimp&utm_campaign=email-digital_twin-2,2026-01-31 11:42:12.971412
2c88e78c-301b-47a5-83a7-f1f6e06f16bd,loretta.austin@nationaloilwellvarco.com,CMP_PAST_SUSTAINABLE_ENGINEERING,Open,https://example.com?utm_source=mailchimp&utm_campaign=email-sustainable_engineering-6,2026-03-14 02:18:20.971412
36d7c99a-f798-44c8-b946-c1e68950c3f5,loretta.austin@nationaloilwellvarco.com,CMP_PAST_SUSTAINABLE_ENGINEERING,Open,https://example.com?utm_source=mailchimp&utm_campaign=email-sustainable_engineering-6,2026-03-14 12:18:20.971412
fa38e3ac-80c3-4e47-88f3-67e1dbefd1dd,loretta.austin@nationaloilwellvarco.com,CMP_PAST_SUSTAINABLE_ENGINEERING,Click,https://example.com?utm_source=mailchimp&utm_campaign=email-sustainable_engineering-6,2026-03-14 02:20:53.971412
061643d9-b5c6-4201-a07d-7215e068e6d5,loretta.austin@nationaloilwellvarco.com,CMP_PAST_SUSTAINABLE_ENGINEERING,Open,https://example.com?utm_source=mailchimp&utm_campaign=email-sustainable_engineering-1,2025-06-12 07:58:21.971412
78dc3d10-ecaf-4c91-ba52-cebbe25dc3d2,loretta.austin@nationaloilwellvarco.com,CMP_PAST_SUSTAINABLE_ENGINEERING,Open,https://example.com?utm_source=mailchimp&utm_campaign=email-sustainable_engineering-1,2025-06-13 21:58:21.971412
54d6dc4e-01cb-4150-9070-dc07d7c79a10,loretta.austin@nationaloilwellvarco.com,CMP_PAST_SUSTAINABLE_ENGINEERING,Open,https://example.com?utm_source=mailchimp&utm_campaign=email-sustainable_engineering-1,2025-06-12 09:58:21.971412
ee4fc8bb-f8f0-4c1e-bde0-a651326788f8,dawn.johnson@nationaloilwellvarco.com,CMP_LIVE_HYDROGEN_INFRASTRUCTURE,Open,https://example.com?utm_source=mailchimp&utm_campaign=email-hydrogen_infrastructure-6,2026-06-01 01:51:20.971412
db6df3c0-43df-449e-961f-d358e358b8d7,dawn.johnson@nationaloilwellvarco.com,CMP_LIVE_HYDROGEN_INFRASTRUCTURE,Open,https://example.com?utm_source=mailchimp&utm_campaign=email-hydrogen_infrastructure-6,2026-06-01 23:51:20.971412
f610a6a2-2b19-478a-b773-f54997d355b4,sarah.gallegos@nationaloilwellvarco.com,CMP_LIVE_DIGITAL_TWIN,Open,https://example.com?utm_source=mailchimp&utm_campaign=email-digital_twin-5,2026-06-28 01:49:49.971412
62a6ec7d-9c65-464d-ac73-e02459a86f00,matthew.smith@nationaloilwellvarco.com,CMP_LIVE_HYDROGEN_INFRASTRUCTURE,Open,https://example.com?utm_source=mailchimp&utm_campaign=email-hydrogen_infrastructure-4,2026-02-17 08:05:11.971412
1a5e375e-c753-43d8-bbf6-17f43698f81c,matthew.smith@nationaloilwellvarco.com,CMP_LIVE_HYDROGEN_INFRASTRUCTURE,Open,https://example.com?utm_source=mailchimp&utm_campaign=email-hydrogen_infrastructure-1,2025-09-20 01:54:00.971412
5698f2b0-7349-4c2c-a60f-1d2a1ef7c227,matthew.smith@nationaloilwellvarco.com,CMP_LIVE_HYDROGEN_INFRASTRUCTURE,Open,https://example.com?utm_source=mailchimp&utm_campaign=email-hydrogen_infrastructure-2,2025-11-09 14:44:39.971412
dff9e002-e7f4-4bf9-850e-06d1b0b79e82,matthew.smith@nationaloilwellvarco.com,CMP_LIVE_HYDROGEN_INFRASTRUCTURE,Open,https://example.com?utm_source=mailchimp&utm_campaign=email-hydrogen_infrastructure-2,2025-11-10 07:44:39.971412
c271e406-fb9b-4c85-845c-2aec352885c0,molly.knight@nationaloilwellvarco.com,CMP_LIVE_DECARBONIZATION_25_26,Open,https://example.com?utm_source=mailchimp&utm_campaign=email-live_decarbonization_25_26-4,2026-09-08 02:27:50.971412
93824d9c-1512-4006-acb2-a60099c0b179,molly.knight@nationaloilwellvarco.com,CMP_LIVE_DECARBONIZATION_25_26,Click,https://example.com?utm_source=mailchimp&utm_campaign=email-live_decarbonization_25_26-4,2026-09-08 01:47:12.971412
2fe9668a-efe0-4421-9c9c-a1f1a02783bf,molly.knight@nationaloilwellvarco.com,CMP_LIVE_DECARBONIZATION_25_26,Open,https://example.com?utm_source=mailchimp&utm_campaign=email-live_decarbonization_25_26-3,2026-07-18 08:58:04.971412
ae57fc5a-7b81-4366-bf89-ed57b6d38a25,molly.knight@nationaloilwellvarco.com,CMP_LIVE_DECARBONIZATION_25_26,Click,https://example.com?utm_source=mailchimp&utm_campaign=email-live_decarbonization_25_26-3,2026-07-18 09:00:17.971412
d03d4aea-013e-49a8-ac80-34519c9c590a,cynthia.johnson@nationaloilwellvarco.com,CMP_PAST_ASSET_OPTIMIZATION,Open,https://example.com?utm_source=mailchimp&utm_campaign=email-asset_optimization-5,2025-10-07 12:41:27.971412
413e9f2a-610d-44fc-91a2-25ec55a1dce3,cynthia.johnson@nationaloilwellvarco.com,CMP_PAST_ASSET_OPTIMIZATION,Click,https://example.com?utm_source=mailchimp&utm_campaign=email-asset_optimization-5,2025-10-07 12:43:27.971412
28861a2e-014c-4be9-a28d-41c0928f99fe,cynthia.johnson@nationaloilwellvarco.com,CMP_PAST_ASSET_OPTIMIZATION,Open,https://example.com?utm_source=mailchimp&utm_campaign=email-asset_optimization-1,2025-03-13 10:52:49.971412
f762e88c-8fb3-406c-8ac2-24d05b1afd80,cynthia.johnson@nationaloilwellvarco.com,CMP_PAST_ASSET_OPTIMIZATION,Open,https://example.com?utm_source=mailchimp&utm_campaign=email-asset_optimization-2,2025-05-06 19:31:33.971412
f018190b-6b8f-4f71-af15-62a54aa7f125,cynthia.johnson@nationaloilwellvarco.com,CMP_PAST_ASSET_OPTIMIZATION,Open,https://example.com?utm_source=mailchimp&utm_campaign=email-asset_optimization-6,2025-11-22 20:01:23.971412
19243356-db47-43d3-b709-193311362dd5,cynthia.johnson@nationaloilwellvarco.com,CMP_PAST_ASSET_OPTIMIZATION,Open,https://example.com?utm_source=mailchimp&utm_campaign=email-asset_optimization-6,2025-11-23 06:01:23.971412
8c3f34d7-48c7-47ab-9222-c2616c88d39b,cynthia.johnson@nationaloilwellvarco.com,CMP_PAST_ASSET_OPTIMIZATION,Open,https://example.com?utm_source=mailchimp&utm_campaign=email-asset_optimization-7,2026-02-20 10:55:22.971412
59b2cf5f-8865-41ce-b739-48747cd60906,cynthia.johnson@nationaloilwellvarco.com,CMP_PAST_ASSET_OPTIMIZATION,Open,https://example.com?utm_source=mailchimp&utm_campaign=email-asset_optimization-7,2026-02-21 12:55:22.971412
7818a84a-7dfb-4c3b-abd0-77d6aaf43d10,cynthia.johnson@nationaloilwellvarco.com,CMP_PAST_ASSET_OPTIMIZATION,Open,https://example.com?utm_source=mailchimp&utm_campaign=email-asset_optimization-3,2025-06-21 03:37:26.971412
5bfe9078-0ecf-4e70-a3c5-18d088b8fd97,cynthia.johnson@nationaloilwellvarco.com,CMP_PAST_ASSET_OPTIMIZATION,Open,https://example.com?utm_source=mailchimp&utm_campaign=email-asset_optimization-3,2025-06-22 18:37:26.971412
ac3c02f1-ddd2-4672-87ea-fb01ecc8e1b3,cynthia.johnson@nationaloilwellvarco.com,CMP_PAST_ASSET_OPTIMIZATION,Open,https://example.com?utm_source=mailchimp&utm_campaign=email-asset_optimization-3,2025-06-22 13:37:26.971412
5bc7e319-1abc-42a7-bd9c-520311638f42,julie.lewis@nationaloilwellvarco.com,CMP_PAST_SUSTAINABLE_ENGINEERING,Open,https://example.com?utm_source=mailchimp&utm_campaign=email-sustainable_engineering-2,2025-08-13 06:45:29.971412
982b9104-2c59-4ab6-8d8d-6dd9e3dc6f2a,julie.lewis@nationaloilwellvarco.com,CMP_PAST_SUSTAINABLE_ENGINEERING,Open,https://example.com?utm_source=mailchimp&utm_campaign=email-sustainable_engineering-2,2025-08-14 12:45:29.971412
cb7d3c93-defa-4dba-b579-338ddf42485e,julie.lewis@nationaloilwellvarco.com,CMP_PAST_SUSTAINABLE_ENGINEERING,Click,https://example.com?utm_source=mailchimp&utm_campaign=email-sustainable_engineering-2,2025-08-13 06:46:48.971412
e2aa6a4e-ff34-43af-ad47-42ec5e0001c4,robert.peterson@nationaloilwellvarco.com,CMP_PAST_SUSTAINABLE_ENGINEERING,Open,https://example.com?utm_source=mailchimp&utm_campaign=email-sustainable_engineering-3,2025-10-04 22:09:22.971412
1c6edd73-d15b-418b-b76a-5fab6c4d08fb,robert.peterson@nationaloilwellvarco.com,CMP_PAST_SUSTAINABLE_ENGINEERING,Click,https://example.com?utm_source=mailchimp&utm_campaign=email-sustainable_engineering-3,2025-10-04 22:10:48.971412
72e2053e-2c04-4c23-90ad-45fbb8c81a08,mitchell.griffith@nationaloilwellvarco.com,CMP_LIVE_DIGITAL_TWIN,Open,https://example.com?utm_source=mailchimp&utm_campaign=email-digital_twin-6,2026-08-29 03:06:08.971412
a16ac3ae-4fec-4325-9bc4-cf8771796b37,mitchell.griffith@nationaloilwellvarco.com,CMP_LIVE_DIGITAL_TWIN,Click,https://example.com?utm_source=mailchimp&utm_campaign=email-digital_twin-6,2026-08-29 03:07:58.971412
c117a1f2-d277-4bd8-8ab8-9b77c7e6f0b9,mitchell.griffith@nationaloilwellvarco.com,CMP_LIVE_DIGITAL_TWIN,Open,https://example.com?utm_source=mailchimp&utm_campaign=email-digital_twin-2,2026-01-30 09:23:04.971412
84e6880a-865d-4b30-800f-56b62f7ab4e8,mitchell.griffith@nationaloilwellvarco.com,CMP_LIVE_DIGITAL_TWIN,Open,https://example.com?utm_source=mailchimp&utm_campaign=email-digital_twin-3,2026-03-22 02:44:25.971412
4350ff2d-58a3-4e00-a9d1-b55f91726f01,mitchell.griffith@nationaloilwellvarco.com,CMP_LIVE_DIGITAL_TWIN,Open,https://example.com?utm_source=mailchimp&utm_campaign=email-digital_twin-1,2025-12-16 03:16:01.971412
ee7ab7b0-1a7b-4f15-852e-7594a55d66fc,mitchell.griffith@nationaloilwellvarco.com,CMP_LIVE_DIGITAL_TWIN,Open,https://example.com?utm_source=mailchimp&utm_campaign=email-digital_twin-4,2026-05-15 01:47:36.971412
fd250028-db96-46b2-aa44-5f63b8bb0f63,mitchell.griffith@nationaloilwellvarco.com,CMP_LIVE_DIGITAL_TWIN,Open,https://example.com?utm_source=mailchimp&utm_campaign=email-digital_twin-5,2026-07-03 16:44:39.971412
9c905369-ffbf-45e9-81cc-66e2b1c9b6b7,mitchell.griffith@nationaloilwellvarco.com,CMP_LIVE_DIGITAL_TWIN,Open,https://example.com?utm_source=mailchimp&utm_campaign=email-digital_twin-5,2026-07-04 09:44:39.971412
6d9b7a32-5d36-408b-bad5-1340bee5cd31,kimberly.bradley@nationaloilwellvarco.com,CMP_PAST_ASSET_OPTIMIZATION,Open,https://example.com?utm_source=mailchimp&utm_campaign=email-asset_optimization-6,2025-11-20 07:34:15.971412
ee9acf0b-5077-4997-b344-a30908351e6d,kimberly.bradley@nationaloilwellvarco.com,CMP_PAST_ASSET_OPTIMIZATION,Open,https://example.com?utm_source=mailchimp&utm_campaign=email-asset_optimization-5,2025-10-26 05:31:52.971412
35882442-db05-457d-8b41-9096b996705e,kimberly.bradley@nationaloilwellvarco.com,CMP_PAST_ASSET_OPTIMIZATION,Open,https://example.com?utm_source=mailchimp&utm_campaign=email-asset_optimization-5,2025-10-27 13:31:52.971412
c7286cc2-2759-4d04-8ce0-9e3596617ef5,kimberly.bradley@nationaloilwellvarco.com,CMP_PAST_ASSET_OPTIMIZATION,Open,https://example.com?utm_source=mailchimp&utm_campaign=email-asset_optimization-5,2025-10-26 07:31:52.971412
c38c15c0-21df-4774-9282-bff4f0fcb3dc,christopher.williams@nationaloilwellvarco.com,CMP_PAST_SUSTAINABLE_ENGINEERING,Open,https://example.com?utm_source=mailchimp&utm_campaign=email-sustainable_engineering-2,2025-08-21 09:11:46.971412
fb96a309-d84f-401a-a204-b0b3f396cbdd,emily.nelson@nationaloilwellvarco.com,CMP_LIVE_HYDROGEN_INFRASTRUCTURE,Open,https://example.com?utm_source=mailchimp&utm_campaign=email-hydrogen_infrastructure-7,2026-07-13 06:22:28.971412
747adb3f-b3bb-4e19-852f-5faeadcbeb5c,ebony.tucker@nationaloilwellvarco.com,CMP_PAST_SUSTAINABLE_ENGINEERING,Open,https://example.com?utm_source=mailchimp&utm_campaign=email-sustainable_engineering-5,2025-12-28 01:47:16.971412
99cde034-3c50-4649-872f-2d81d2591e1d,ebony.tucker@nationaloilwellvarco.com,CMP_PAST_SUSTAINABLE_ENGINEERING,Open,https://example.com?utm_source=mailchimp&utm_campaign=email-sustainable_engineering-7,2026-05-05 09:55:10.971412
5a9e1565-c2fe-4e02-938a-4f3fb3e1b232,ebony.tucker@nationaloilwellvarco.com,CMP_PAST_SUSTAINABLE_ENGINEERING,Open,https://example.com?utm_source=mailchimp&utm_campaign=email-sustainable_engineering-7,2026-05-05 23:55:10.971412
735e363c-0004-44bb-a470-da6227b9ac77,ebony.tucker@nationaloilwellvarco.com,CMP_PAST_SUSTAINABLE_ENGINEERING,Open,https://example.com?utm_source=mailchimp&utm_campaign=email-sustainable_engineering-7,2026-05-06 12:55:10.971412
f0a1a6d9-7b21-4674-906f-1af3aebc0fbb,ebony.tucker@nationaloilwellvarco.com,CMP_PAST_SUSTAINABLE_ENGINEERING,Open,https://example.com?utm_source=mailchimp&utm_campaign=email-sustainable_engineering-2,2025-09-02 19:18:04.971412
666d4d27-352b-4aea-ba5d-11d6106e1a64,ebony.tucker@nationaloilwellvarco.com,CMP_PAST_SUSTAINABLE_ENGINEERING,Open,https://example.com?utm_source=mailchimp&utm_campaign=email-sustainable_engineering-2,2025-09-03 11:18:04.971412
5227fa4b-05d2-475e-b544-629cf66d744f,ebony.tucker@nationaloilwellvarco.com,CMP_PAST_SUSTAINABLE_ENGINEERING,Click,https://example.com?utm_source=mailchimp&utm_campaign=email-sustainable_engineering-2,2025-09-02 19:19:27.971412
e726a06f-3188-4d5a-862f-255f821ab157,scott.nelson@nationaloilwellvarco.com,CMP_LIVE_DECARBONIZATION_25_26,Open,https://example.com?utm_source=mailchimp&utm_campaign=email-live_decarbonization_25_26-1,2026-03-18 03:42:21.971412
4f05b297-bfc5-48b6-b4a9-dad5d5f53228,scott.nelson@nationaloilwellvarco.com,CMP_LIVE_DECARBONIZATION_25_26,Open,https://example.com?utm_source=mailchimp&utm_campaign=email-live_decarbonization_25_26-1,2026-03-18 10:42:21.971412
3500adee-153d-49b0-b3f1-c13838a89599,scott.nelson@nationaloilwellvarco.com,CMP_LIVE_DECARBONIZATION_25_26,Open,https://example.com?utm_source=mailchimp&utm_campaign=email-live_decarbonization_25_26-4,2026-09-08 01:47:58.971412
83d9f264-e42f-42ba-98eb-a3958e48a4a3,scott.nelson@nationaloilwellvarco.com,CMP_LIVE_DECARBONIZATION_25_26,Open,https://example.com?utm_source=mailchimp&utm_campaign=email-live_decarbonization_25_26-3,2026-07-30 13:39:49.971412
1e66211a-c8ec-449f-afc2-65f482fb71cb,scott.nelson@nationaloilwellvarco.com,CMP_LIVE_DECARBONIZATION_25_26,Open,https://example.com?utm_source=mailchimp&utm_campaign=email-live_decarbonization_25_26-2,2026-06-16 15:05:49.971412
c9446d71-7d78-445e-8d42-cd9b0c648980,scott.nelson@nationaloilwellvarco.com,CMP_LIVE_DECARBONIZATION_25_26,Open,https://example.com?utm_source=mailchimp&utm_campaign=email-live_decarbonization_25_26-2,2026-06-18 04:05:49.971412
1639534f-f287-4ca0-a583-3da695bd9d4f,kari.wilson@nationaloilwellvarco.com,CMP_LIVE_HYDROGEN_INFRASTRUCTURE,Open,https://example.com?utm_source=mailchimp&utm_campaign=email-hydrogen_infrastructure-6,2026-06-03 21:57:48.971412
83b224c0-616b-4aac-9c98-84f9f7925fde,kari.wilson@nationaloilwellvarco.com,CMP_LIVE_HYDROGEN_INFRASTRUCTURE,Open,https://example.com?utm_source=mailchimp&utm_campaign=email-hydrogen_infrastructure-6,2026-06-04 18:57:48.971412
3682d253-dc4d-4d43-a43f-4ac033901286,kari.wilson@nationaloilwellvarco.com,CMP_LIVE_HYDROGEN_INFRASTRUCTURE,Click,https://example.com?utm_source=mailchimp&utm_campaign=email-hydrogen_infrastructure-6,2026-06-03 21:58:07.971412
4c22c938-19c2-44b6-8509-1f750e72e566,kari.wilson@nationaloilwellvarco.com,CMP_LIVE_HYDROGEN_INFRASTRUCTURE,Open,https://example.com?utm_source=mailchimp&utm_campaign=email-hydrogen_infrastructure-3,2026-01-03 09:10:09.971412
27963cda-62b2-4afa-8fe1-29770dbe29c2,russell.campbell@nationaloilwellvarco.com,CMP_LIVE_HYDROGEN_INFRASTRUCTURE,Open,https://example.com?utm_source=mailchimp&utm_campaign=email-hydrogen_infrastructure-5,2026-04-29 01:28:53.971412
e1c50409-b0a6-4aa6-9b00-4b3e05072f47,russell.campbell@nationaloilwellvarco.com,CMP_LIVE_HYDROGEN_INFRASTRUCTURE,Click,https://example.com?utm_source=mailchimp&utm_campaign=email-hydrogen_infrastructure-5,2026-04-29 01:29:21.971412
fbdf7c91-189b-493c-9587-48cb23f2b230,erika.tucker@nationaloilwellvarco.com,CMP_LIVE_DECARBONIZATION_25_26,Open,https://example.com?utm_source=mailchimp&utm_campaign=email-live_decarbonization_25_26-2,2026-05-16 05:48:44.971412
427689e6-3136-402c-977d-b411e1c109fc,erika.tucker@nationaloilwellvarco.com,CMP_LIVE_DECARBONIZATION_25_26,Open,https://example.com?utm_source=mailchimp&utm_campaign=email-live_decarbonization_25_26-1,2026-03-20 02:08:04.971412
939fd556-1798-4b54-8997-2402e250c496,erika.tucker@nationaloilwellvarco.com,CMP_LIVE_DECARBONIZATION_25_26,Open,https://example.com?utm_source=mailchimp&utm_campaign=email-live_decarbonization_25_26-1,2026-03-21 00:08:04.971412
af7e8a67-fad6-44c1-9f22-9259e34d6ecc,erika.tucker@nationaloilwellvarco.com,CMP_LIVE_DECARBONIZATION_25_26,Open,https://example.com?utm_source=mailchimp&utm_campaign=email-live_decarbonization_25_26-3,2026-07-19 01:25:28.971412
2da8533c-f1ae-44c4-89ba-bac2b2bc670e,erika.tucker@nationaloilwellvarco.com,CMP_LIVE_DECARBONIZATION_25_26,Open,https://example.com?utm_source=mailchimp&utm_campaign=email-live_decarbonization_25_26-4,2026-09-08 01:49:31.971412
3e6fe22b-5bd0-47d7-8737-ecccad57a48c,erika.tucker@nationaloilwellvarco.com,CMP_LIVE_DECARBONIZATION_25_26,Open,https://example.com?utm_source=mailchimp&utm_campaign=email-live_decarbonization_25_26-4,2026-09-08 01:47:12.971412
d5e4ba35-7a6f-4731-b2c4-c5d648b924f7,erika.tucker@nationaloilwellvarco.com,CMP_LIVE_DECARBONIZATION_25_26,Open,https://example.com?utm_source=mailchimp&utm_campaign=email-live_decarbonization_25_26-4,2026-09-08 01:47:12.971412
e5868359-4711-42eb-9234-4da10b8f40a3,randall.greene@nationaloilwellvarco.com,CMP_LIVE_DECARBONIZATION_25_26,Open,https://example.com?utm_source=mailchimp&utm_campaign=email-live_decarbonization_25_26-2,2026-05-13 03:52:35.971412
58bf9e1f-8bea-4ad5-ad5e-7821c80996cc,randall.greene@nationaloilwellvarco.com,CMP_LIVE_DECARBONIZATION_25_26,Open,https://example.com?utm_source=mailchimp&utm_campaign=email-live_decarbonization_25_26-2,2026-05-14 13:52:35.971412
87453e38-95bf-4573-b36e-f59840a1012b,randall.greene@nationaloilwellvarco.com,CMP_LIVE_DECARBONIZATION_25_26,Open,https://example.com?utm_source=mailchimp&utm_campaign=email-live_decarbonization_25_26-2,2026-05-14 06:52:35.971412
095c7143-2a2d-492a-ad37-163d0ad643bd,randall.greene@nationaloilwellvarco.com,CMP_LIVE_DECARBONIZATION_25_26,Open,https://example.com?utm_source=mailchimp&utm_campaign=email-live_decarbonization_25_26-3,2026-08-20 11:00:42.971412
4ec60c61-04e1-4aa5-99a9-e13f3723acdb,randall.greene@nationaloilwellvarco.com,CMP_LIVE_DECARBONIZATION_25_26,Open,https://example.com?utm_source=mailchimp&utm_campaign=email-live_decarbonization_25_26-3,2026-08-21 14:00:42.971412
75a944d3-ebb2-47bc-9e1c-8e1055434fb9,randall.greene@nationaloilwellvarco.com,CMP_LIVE_DECARBONIZATION_25_26,Open,https://example.com?utm_source=mailchimp&utm_campaign=email-live_decarbonization_25_26-3,2026-08-20 22:00:42.971412
8c48b099-42f1-44ab-9275-e536583b8d4c,randall.greene@nationaloilwellvarco.com,CMP_LIVE_DECARBONIZATION_25_26,Open,https://example.com?utm_source=mailchimp&utm_campaign=email-live_decarbonization_25_26-4,2026-09-08 01:47:12.971412
34b24984-6999-4771-8138-1987c2a06b0b,randall.greene@nationaloilwellvarco.com,CMP_LIVE_DECARBONIZATION_25_26,Open,https://example.com?utm_source=mailchimp&utm_campaign=email-live_decarbonization_25_26-1,2026-03-15 21:36:37.971412
efa98dff-939d-40eb-a76c-5c5697386559,jonathan.murphy@nationaloilwellvarco.com,CMP_PAST_SUSTAINABLE_ENGINEERING,Open,https://example.com?utm_source=mailchimp&utm_campaign=email-sustainable_engineering-5,2025-12-29 12:39:12.971412
a70f0930-d161-4f66-8d9c-24fadf9a5395,jonathan.murphy@nationaloilwellvarco.com,CMP_PAST_SUSTAINABLE_ENGINEERING,Open,https://example.com?utm_source=mailchimp&utm_campaign=email-sustainable_engineering-5,2025-12-30 05:39:12.971412
aae1ac06-5e20-435c-8a69-3ac9d67b81b1,jonathan.murphy@nationaloilwellvarco.com,CMP_PAST_SUSTAINABLE_ENGINEERING,Open,https://example.com?utm_source=mailchimp&utm_campaign=email-sustainable_engineering-6,2026-02-25 20:22:31.971412
01a8d953-873f-4a43-83ac-b7abc396a506,jonathan.murphy@nationaloilwellvarco.com,CMP_PAST_SUSTAINABLE_ENGINEERING,Open,https://example.com?utm_source=mailchimp&utm_campaign=email-sustainable_engineering-6,2026-02-26 01:22:31.971412
8b5cdd45-ec7b-4c8c-bd68-372a1a211b66,jonathan.murphy@nationaloilwellvarco.com,CMP_PAST_SUSTAINABLE_ENGINEERING,Open,https://example.com?utm_source=mailchimp&utm_campaign=email-sustainable_engineering-6,2026-02-26 03:22:31.971412
1e785e35-175f-4883-a457-3c544d2de55f,jonathan.murphy@nationaloilwellvarco.com,CMP_PAST_SUSTAINABLE_ENGINEERING,Click,https://example.com?utm_source=mailchimp&utm_campaign=email-sustainable_engineering-6,2026-02-25 20:23:56.971412
9110cdef-9057-41b4-9468-e76055665687,jonathan.murphy@nationaloilwellvarco.com,CMP_PAST_SUSTAINABLE_ENGINEERING,Open,https://example.com?utm_source=mailchimp&utm_campaign=email-sustainable_engineering-4,2025-12-15 13:37:50.971412
12f00668-6c3c-4177-8d54-9161230f2346,jonathan.murphy@nationaloilwellvarco.com,CMP_PAST_SUSTAINABLE_ENGINEERING,Open,https://example.com?utm_source=mailchimp&utm_campaign=email-sustainable_engineering-1,2025-06-12 03:43:58.971412
e0ed4794-a2fd-41eb-b2e2-cd4de999d074,jonathan.murphy@nationaloilwellvarco.com,CMP_PAST_SUSTAINABLE_ENGINEERING,Click,https://example.com?utm_source=mailchimp&utm_campaign=email-sustainable_engineering-1,2025-06-12 03:46:28.971412
997ae99b-ef16-4431-813a-6eba5031767e,jonathan.murphy@nationaloilwellvarco.com,CMP_PAST_SUSTAINABLE_ENGINEERING,Open,https://example.com?utm_source=mailchimp&utm_campaign=email-sustainable_engineering-7,2026-05-15 12:40:08.971412
196d0bd5-370c-434e-b530-5bd894358922,adrian.burgess@nationaloilwellvarco.com,CMP_LIVE_HYDROGEN_INFRASTRUCTURE,Open,https://example.com?utm_source=mailchimp&utm_campaign=email-hydrogen_infrastructure-5,2026-04-04 03:19:16.971412
c60a329e-aa0f-4f6f-9dd0-6f07c82710f2,adrian.burgess@nationaloilwellvarco.com,CMP_LIVE_HYDROGEN_INFRASTRUCTURE,Open,https://example.com?utm_source=mailchimp&utm_campaign=email-hydrogen_infrastructure-5,2026-04-04 18:19:16.971412
635b9f20-fb7e-4fa3-a292-cbcf1811d6fa,adrian.burgess@nationaloilwellvarco.com,CMP_LIVE_HYDROGEN_INFRASTRUCTURE,Open,https://example.com?utm_source=mailchimp&utm_campaign=email-hydrogen_infrastructure-8,2026-09-07 19:25:56.971412
de951dac-0bf8-4d7d-bb5a-26ffd5bfb379,adrian.burgess@nationaloilwellvarco.com,CMP_LIVE_HYDROGEN_INFRASTRUCTURE,Open,https://example.com?utm_source=mailchimp&utm_campaign=email-hydrogen_infrastructure-4,2026-02-12 06:41:25.971412
e838b768-c35f-4a7b-8738-f9ee6185dae7,adrian.burgess@nationaloilwellvarco.com,CMP_LIVE_HYDROGEN_INFRASTRUCTURE,Open,https://example.com?utm_source=mailchimp&utm_campaign=email-hydrogen_infrastructure-4,2026-02-12 09:41:25.971412
40d5722b-a8a1-4f0b-b19f-94a352ea46e0,adrian.burgess@nationaloilwellvarco.com,CMP_LIVE_HYDROGEN_INFRASTRUCTURE,Open,https://example.com?utm_source=mailchimp&utm_campaign=email-hydrogen_infrastructure-2,2025-11-06 02:22:52.971412
60921d0a-d460-4c35-8fcf-2d549c5898d7,adrian.burgess@nationaloilwellvarco.com,CMP_LIVE_HYDROGEN_INFRASTRUCTURE,Open,https://example.com?utm_source=mailchimp&utm_campaign=email-hydrogen_infrastructure-2,2025-11-07 03:22:52.971412
15b7a22c-4d96-49d0-983a-8a9f199be612,adrian.burgess@nationaloilwellvarco.com,CMP_LIVE_HYDROGEN_INFRASTRUCTURE,Open,https://example.com?utm_source=mailchimp&utm_campaign=email-hydrogen_infrastructure-2,2025-11-08 00:22:52.971412
d08b5b81-990d-495d-b701-cdbf15940121,adrian.burgess@nationaloilwellvarco.com,CMP_LIVE_HYDROGEN_INFRASTRUCTURE,Open,https://example.com?utm_source=mailchimp&utm_campaign=email-hydrogen_infrastructure-1,2025-09-20 12:36:33.971412
77f7feb9-bd83-4a24-bd63-8e530976c6bb,adrian.burgess@nationaloilwellvarco.com,CMP_LIVE_HYDROGEN_INFRASTRUCTURE,Click,https://example.com?utm_source=mailchimp&utm_campaign=email-hydrogen_infrastructure-1,2025-09-20 12:38:22.971412
4a6ad84e-7a99-4497-9ab9-334532255e9d,adrian.burgess@nationaloilwellvarco.com,CMP_LIVE_HYDROGEN_INFRASTRUCTURE,Open,https://example.com?utm_source=mailchimp&utm_campaign=email-hydrogen_infrastructure-7,2026-08-25 03:43:16.971412
b932154d-b8d9-4804-813d-b060720b195c,adrian.burgess@nationaloilwellvarco.com,CMP_LIVE_HYDROGEN_INFRASTRUCTURE,Open,https://example.com?utm_source=mailchimp&utm_campaign=email-hydrogen_infrastructure-7,2026-08-26 06:43:16.971412
593388b5-e75a-4305-9ab3-9ab8ee36db0f,adrian.burgess@nationaloilwellvarco.com,CMP_LIVE_HYDROGEN_INFRASTRUCTURE,Open,https://example.com?utm_source=mailchimp&utm_campaign=email-hydrogen_infrastructure-6,2026-06-25 04:20:55.971412
cc2c150b-8061-49da-945c-c0f721916feb,adrian.burgess@nationaloilwellvarco.com,CMP_LIVE_HYDROGEN_INFRASTRUCTURE,Open,https://example.com?utm_source=mailchimp&utm_campaign=email-hydrogen_infrastructure-3,2026-01-15 21:31:12.971412
3525535b-805d-46ab-b080-e1d44c8e2ca7,adrian.burgess@nationaloilwellvarco.com,CMP_LIVE_HYDROGEN_INFRASTRUCTURE,Open,https://example.com?utm_source=mailchimp&utm_campaign=email-hydrogen_infrastructure-3,2026-01-16 06:31:12.971412
04e01755-cf72-43df-91e0-887c668da866,adrian.burgess@nationaloilwellvarco.com,CMP_LIVE_HYDROGEN_INFRASTRUCTURE,Open,https://example.com?utm_source=mailchimp&utm_campaign=email-hydrogen_infrastructure-3,2026-01-16 07:31:12.971412
8ff51c2b-49d7-4aec-8853-60e53785e307,gregory.james@nationaloilwellvarco.com,CMP_LIVE_DECARBONIZATION_25_26,Open,https://example.com?utm_source=mailchimp&utm_campaign=email-live_decarbonization_25_26-2,2026-05-12 04:39:30.971412
0f79d4e6-3592-44f6-b2bf-4e6c7773079b,gregory.james@nationaloilwellvarco.com,CMP_LIVE_DECARBONIZATION_25_26,Click,https://example.com?utm_source=mailchimp&utm_campaign=email-live_decarbonization_25_26-2,2026-05-12 04:40:59.971412
31caae67-b063-4f1d-bb7a-0d134a378df0,gregory.james@nationaloilwellvarco.com,CMP_LIVE_DECARBONIZATION_25_26,Open,https://example.com?utm_source=mailchimp&utm_campaign=email-live_decarbonization_25_26-1,2026-03-13 01:53:06.971412
0495665c-7f3c-449f-8c17-863ab72f8cb4,gregory.james@nationaloilwellvarco.com,CMP_LIVE_DECARBONIZATION_25_26,Open,https://example.com?utm_source=mailchimp&utm_campaign=email-live_decarbonization_25_26-4,2026-09-08 01:53:44.971412
7f9a8faf-3fc1-462b-92f1-441d24467f30,gregory.james@nationaloilwellvarco.com,CMP_LIVE_DECARBONIZATION_25_26,Open,https://example.com?utm_source=mailchimp&utm_campaign=email-live_decarbonization_25_26-4,2026-09-08 01:47:12.971412
b4964876-7c55-4f3b-9e06-943dce71dde6,jane.mason@nationaloilwellvarco.com,CMP_LIVE_DIGITAL_TWIN,Open,https://example.com?utm_source=mailchimp&utm_campaign=email-digital_twin-2,2026-02-01 10:16:43.971412
fbc1e5a3-297d-4d55-a296-3eb5731a3929,jane.mason@nationaloilwellvarco.com,CMP_LIVE_DIGITAL_TWIN,Open,https://example.com?utm_source=mailchimp&utm_campaign=email-digital_twin-3,2026-04-26 18:19:28.971412
4d130d65-1f97-4e3d-9a7f-c15b920d9781,jane.mason@nationaloilwellvarco.com,CMP_LIVE_DIGITAL_TWIN,Click,https://example.com?utm_source=mailchimp&utm_campaign=email-digital_twin-3,2026-04-26 18:20:02.971412
b90acf26-982c-40c3-98bd-04057aff473e,charles.hensley@nationaloilwellvarco.com,CMP_PAST_SUSTAINABLE_ENGINEERING,Open,https://example.com?utm_source=mailchimp&utm_campaign=email-sustainable_engineering-5,2026-01-15 00:34:37.971412
9fca4578-a857-4aac-8569-dbd24029d3cf,charles.hensley@nationaloilwellvarco.com,CMP_PAST_SUSTAINABLE_ENGINEERING,Open,https://example.com?utm_source=mailchimp&utm_campaign=email-sustainable_engineering-1,2025-06-13 12:08:10.971412
3a2eac63-fce1-499b-b8d8-0316147777cc,charles.hensley@nationaloilwellvarco.com,CMP_PAST_SUSTAINABLE_ENGINEERING,Click,https://example.com?utm_source=mailchimp&utm_campaign=email-sustainable_engineering-1,2025-06-13 12:10:23.971412
5f3990bd-1f95-4fbd-bb33-868a4bd9f942,charles.hensley@nationaloilwellvarco.com,CMP_PAST_SUSTAINABLE_ENGINEERING,Open,https://example.com?utm_source=mailchimp&utm_campaign=email-sustainable_engineering-6,2026-02-20 15:49:55.971412
9a6e7fae-e06a-4853-9e3c-f36697987ca5,bobby.smith@nationaloilwellvarco.com,CMP_LIVE_HYDROGEN_INFRASTRUCTURE,Open,https://example.com?utm_source=mailchimp&utm_campaign=email-hydrogen_infrastructure-6,2026-06-01 01:56:15.971412
c75d2bb6-aa3e-4a90-9785-fc0a45c77843,bobby.smith@nationaloilwellvarco.com,CMP_LIVE_HYDROGEN_INFRASTRUCTURE,Open,https://example.com?utm_source=mailchimp&utm_campaign=email-hydrogen_infrastructure-2,2025-11-01 17:38:14.971412
33b8a065-8039-49ab-9659-46f4a28baef0,bobby.smith@nationaloilwellvarco.com,CMP_LIVE_HYDROGEN_INFRASTRUCTURE,Open,https://example.com?utm_source=mailchimp&utm_campaign=email-hydrogen_infrastructure-5,2026-04-04 01:48:00.971412
7588f969-4f94-4c43-b00c-c9eed15ca18b,bobby.smith@nationaloilwellvarco.com,CMP_LIVE_HYDROGEN_INFRASTRUCTURE,Open,https://example.com?utm_source=mailchimp&utm_campaign=email-hydrogen_infrastructure-5,2026-04-06 00:48:00.971412
dde147a9-4e18-45e6-8330-e6915fc28c73,samantha.atkins@nationaloilwellvarco.com,CMP_LIVE_DECARBONIZATION_25_26,Open,https://example.com?utm_source=mailchimp&utm_campaign=email-live_decarbonization_25_26-1,2026-03-13 02:40:52.971412
f6de779c-98fd-4573-8244-9f9577d88918,samantha.atkins@nationaloilwellvarco.com,CMP_LIVE_DECARBONIZATION_25_26,Open,https://example.com?utm_source=mailchimp&utm_campaign=email-live_decarbonization_25_26-3,2026-08-02 10:41:03.971412
3fc01bb7-9e76-4217-a0f7-dc9e362bbb1e,samantha.atkins@nationaloilwellvarco.com,CMP_LIVE_DECARBONIZATION_25_26,Open,https://example.com?utm_source=mailchimp&utm_campaign=email-live_decarbonization_25_26-3,2026-08-03 03:41:03.971412
03ba0ee6-1633-4277-921b-a8aae28feb59,samantha.atkins@nationaloilwellvarco.com,CMP_LIVE_DECARBONIZATION_25_26,Open,https://example.com?utm_source=mailchimp&utm_campaign=email-live_decarbonization_25_26-3,2026-08-04 03:41:03.971412
5808afe8-e35e-40b3-b472-ab77a76d52b2,samantha.atkins@nationaloilwellvarco.com,CMP_LIVE_DECARBONIZATION_25_26,Click,https://example.com?utm_source=mailchimp&utm_campaign=email-live_decarbonization_25_26-3,2026-08-02 10:42:24.971412
4a1a252d-a4bd-4592-92a4-2cac2871f803,barbara.berry@nationaloilwellvarco.com,CMP_PAST_SUSTAINABLE_ENGINEERING,Open,https://example.com?utm_source=mailchimp&utm_campaign=email-sustainable_engineering-6,2026-03-20 06:24:57.971412
da7e9fff-f01d-445a-a260-9cd81d9de3eb,darius.smith@nationaloilwellvarco.com,CMP_LIVE_DECARBONIZATION_25_26,Open,https://example.com?utm_source=mailchimp&utm_campaign=email-live_decarbonization_25_26-2,2026-05-12 02:01:46.971412
1235aff8-900c-4897-b8b4-40bbf13c98f9,darius.smith@nationaloilwellvarco.com,CMP_LIVE_DECARBONIZATION_25_26,Open,https://example.com?utm_source=mailchimp&utm_campaign=email-live_decarbonization_25_26-2,2026-05-12 21:01:46.971412
f1f9d582-79cf-48eb-9f32-6d45a9cfe443,mark.solis@nationaloilwellvarco.com,CMP_LIVE_DECARBONIZATION_25_26,Open,https://example.com?utm_source=mailchimp&utm_campaign=email-live_decarbonization_25_26-2,2026-06-17 22:34:17.971412
c858a6d5-01ee-47ba-888a-24b5806cfd2d,mark.solis@nationaloilwellvarco.com,CMP_LIVE_DECARBONIZATION_25_26,Click,https://example.com?utm_source=mailchimp&utm_campaign=email-live_decarbonization_25_26-2,2026-06-17 22:36:39.971412
